CREATE TABLE CLINICAL_TABLE
(
	CLINICAL_TABLE_ID   NUMBER(38) NOT NULL,
	TABLE_NAME          VARCHAR2(50) NOT NULL,
	JOIN_FOR_SAMPLE     VARCHAR2(1000) NOT NULL,
	JOIN_FOR_PATIENT    VARCHAR2(1000) NOT NULL
);

CREATE TABLE CLINICAL_XSD_ELEMENT
(
	CLINICAL_XSD_ELEMENT_ID  NUMBER(38) NOT NULL,
	ELEMENT_NAME             VARCHAR2(100) NOT NULL,
	IS_PROTECTED             NUMBER(1) DEFAULT 0 NOT NULL
);

CREATE TABLE CLINICAL_FILE
(
	CLINICAL_FILE_ID   NUMBER(38) NOT NULL,
	FILENAME           VARCHAR2(50) NOT NULL,
	BY_PATIENT         NUMBER(1) DEFAULT 0 NOT NULL
);

CREATE TABLE CLINICAL_FILE_ELEMENT
(
	CLINICAL_FILE_ELEMENT_ID  NUMBER(38) NOT NULL,
	XSD_ELEMENT_ID            NUMBER(38),
	TABLE_ID                  NUMBER(38) NOT NULL,
	TABLE_COLUMN_NAME         VARCHAR2(50) NOT NULL,
	FILE_COLUMN_NAME          VARCHAR2(50) NOT NULL,
	FILE_COLUMN_ORDER         NUMBER(38) NOT NULL,
	CLINICAL_FILE_ID          NUMBER(38),
	DISEASE_ID                NUMBER(38)
);

ALTER TABLE CLINICAL_FILE_ELEMENT ADD UNIT_COLUMN_NAME VARCHAR(50);

ALTER TABLE CLINICAL_TABLE ADD CONSTRAINT PK_CLINICAL_TABLE
	PRIMARY KEY (CLINICAL_TABLE_ID);

ALTER TABLE CLINICAL_XSD_ELEMENT ADD CONSTRAINT PK_CLINICAL_XSD_ELEMENT
	PRIMARY KEY (CLINICAL_XSD_ELEMENT_ID);

ALTER TABLE CLINICAL_FILE ADD CONSTRAINT PK_CLINICAL_FILE
	PRIMARY KEY (CLINICAL_FILE_ID);

ALTER TABLE CLINICAL_FILE_ELEMENT ADD CONSTRAINT PK_CLINICAL_ELEMENT
	PRIMARY KEY (CLINICAL_FILE_ELEMENT_ID);

ALTER TABLE CLINICAL_TABLE
	ADD CONSTRAINT UQ_CLINICAL_TABLE_TABLE_NAME UNIQUE (TABLE_NAME);

ALTER TABLE CLINICAL_XSD_ELEMENT
	ADD CONSTRAINT UQ_CLINICAL_XSD__ELEMENT_NAME UNIQUE (ELEMENT_NAME);

ALTER TABLE CLINICAL_FILE
	ADD CONSTRAINT UQ_CLINICAL_FILE_FILENAME UNIQUE (FILENAME);

ALTER TABLE CLINICAL_FILE_ELEMENT ADD CONSTRAINT FK_CLINICAL_FILE_CLINICAL_FILE
	FOREIGN KEY (CLINICAL_FILE_ID) REFERENCES CLINICAL_FILE (CLINICAL_FILE_ID);

ALTER TABLE CLINICAL_FILE_ELEMENT ADD CONSTRAINT FK_CLINICAL_FILE_CLINICAL_TABL
	FOREIGN KEY (TABLE_ID) REFERENCES CLINICAL_TABLE (CLINICAL_TABLE_ID);

ALTER TABLE CLINICAL_FILE_ELEMENT ADD CONSTRAINT FK_CLINICAL_FILE_CLINICAL_XSD_
	FOREIGN KEY (XSD_ELEMENT_ID) REFERENCES CLINICAL_XSD_ELEMENT (CLINICAL_XSD_ELEMENT_ID);

ALTER TABLE CLINICAL_FILE_ELEMENT ADD CONSTRAINT FK_CLINICAL_FILE_ELEM_DISEASE
        FOREIGN KEY (DISEASE_ID) REFERENCES DISEASE (DISEASE_ID);

CREATE SEQUENCE CLINICAL_FILE_ELEMENT_SEQ
START WITH 1
INCREMENT BY 1
NOCACHE
NOCYCLE
;

INSERT INTO CLINICAL_FILE(CLINICAL_FILE_ID, FILENAME, BY_PATIENT) VALUES(1, 'clinical_patient', 1);

INSERT INTO CLINICAL_FILE(CLINICAL_FILE_ID, FILENAME, BY_PATIENT) VALUES(2, 'clinical_sample', 0);

INSERT INTO CLINICAL_FILE(CLINICAL_FILE_ID, FILENAME, BY_PATIENT) VALUES(3, 'clinical_portion', 0);

INSERT INTO CLINICAL_FILE(CLINICAL_FILE_ID, FILENAME, BY_PATIENT) VALUES(4, 'clinical_analyte', 0);

INSERT INTO CLINICAL_FILE(CLINICAL_FILE_ID, FILENAME, BY_PATIENT) VALUES(5, 'clinical_aliquot', 0);

INSERT INTO CLINICAL_FILE(CLINICAL_FILE_ID, FILENAME, BY_PATIENT) VALUES(6, 'clinical_protocol', 0);

INSERT INTO CLINICAL_FILE(CLINICAL_FILE_ID, FILENAME, BY_PATIENT) VALUES(7, 'clinical_slide', 0);

INSERT INTO CLINICAL_FILE(CLINICAL_FILE_ID, FILENAME, BY_PATIENT) VALUES(10, 'clinical_drug', 1);

INSERT INTO CLINICAL_FILE(CLINICAL_FILE_ID, FILENAME, BY_PATIENT) VALUES(11, 'clinical_examination', 1);

INSERT INTO CLINICAL_FILE(CLINICAL_FILE_ID, FILENAME, BY_PATIENT) VALUES(12, 'clinical_radiation', 1);

INSERT INTO CLINICAL_FILE(CLINICAL_FILE_ID, FILENAME, BY_PATIENT) VALUES(13, 'clinical_surgery', 1);

INSERT INTO CLINICAL_TABLE(CLINICAL_TABLE_ID, TABLE_NAME, JOIN_FOR_SAMPLE, JOIN_FOR_PATIENT) VALUES(1, 'PATIENT', 'PATIENT.PATIENT_ID=SAMPLE.PATIENT_ID', ' ');

INSERT INTO CLINICAL_TABLE(CLINICAL_TABLE_ID, TABLE_NAME, JOIN_FOR_SAMPLE, JOIN_FOR_PATIENT) VALUES(2, 'SAMPLE', ' ', 'SAMPLE.PATIENT_ID=PATIENT.PATIENT_ID');

INSERT INTO CLINICAL_TABLE(CLINICAL_TABLE_ID, TABLE_NAME, JOIN_FOR_SAMPLE, JOIN_FOR_PATIENT) VALUES(3, 'PORTION', 'PORTION.SAMPLE_ID=SAMPLE.SAMPLE_ID', 'PORTION.SAMPLE_ID=SAMPLE.SAMPLE_ID AND SAMPLE.PATIENT_ID=PATIENT.PATIENT_ID');

INSERT INTO CLINICAL_TABLE(CLINICAL_TABLE_ID, TABLE_NAME, JOIN_FOR_SAMPLE, JOIN_FOR_PATIENT) VALUES(4, 'ANALYTE', 'ANALYTE.PORTION_ID=PORTION.PORTION_ID AND PORTION.SAMPLE_ID=SAMPLE.SAMPLE_ID', 'ANALYTE.PORTION_ID=PORTION.PORTION_ID AND PORTION.SAMPLE_ID=SAMPLE.SAMPLE_ID AND SAMPLE.PATIENT_ID=PATIENT.PATIENT_ID');

INSERT INTO CLINICAL_TABLE(CLINICAL_TABLE_ID, TABLE_NAME, JOIN_FOR_SAMPLE, JOIN_FOR_PATIENT) VALUES(5, 'ALIQUOT', 'ALIQUOT.ANALYTE_ID=ANALYTE.ANALYTE_ID AND ANALYTE.PORTION_ID=PORTION.PORTION_ID AND PORTION.SAMPLE_ID=SAMPLE.SAMPLE_ID', 'ALIQUOT.ANALYTE_ID=ANALYTE.ANALYTE_ID AND ANALYTE.PORTION_ID=PORTION.PORTION_ID AND PORTION.SAMPLE_ID=SAMPLE.SAMPLE_ID AND SAMPLE.PATIENT_ID=PATIENT.PATIENT_ID');

INSERT INTO CLINICAL_TABLE(CLINICAL_TABLE_ID, TABLE_NAME, JOIN_FOR_SAMPLE, JOIN_FOR_PATIENT) VALUES(6, 'PROTOCOL', 'PROTOCOL.ANALYTE_ID=ANALYTE.ANALYTE_ID AND ANALYTE.PORTION_ID=PORTION.PORTION_ID AND PORTION.SAMPLE_ID=SAMPLE.SAMPLE_ID', 'PROTOCOL.ANALYTE_ID=ANALYTE.ANALYTE_ID AND ANALYTE.PORTION_ID=PORTION.PORTION_ID AND PORTION.SAMPLE_ID=SAMPLE.SAMPLE_ID AND SAMPLE.PATIENT_ID=PATIENT.PATIENT_ID');

INSERT INTO CLINICAL_TABLE(CLINICAL_TABLE_ID, TABLE_NAME, JOIN_FOR_SAMPLE, JOIN_FOR_PATIENT) VALUES(7, 'DNA', 'DNA.ANALYTE_ID(+)=ANALYTE.ANALYTE_ID AND ANALYTE.PORTION_ID=PORTION.PORTION_ID AND PORTION.SAMPLE_ID=SAMPLE.SAMPLE_ID', 'DNA.ANALYTE_ID(+)=ANALYTE.ANALYTE_ID AND ANALYTE.PORTION_ID=PORTION.PORTION_ID AND PORTION.SAMPLE_ID=SAMPLE.SAMPLE_ID AND SAMPLE.PATIENT_ID=PATIENT.PATIENT_ID');

INSERT INTO CLINICAL_TABLE(CLINICAL_TABLE_ID, TABLE_NAME, JOIN_FOR_SAMPLE, JOIN_FOR_PATIENT) VALUES(8, 'RNA', 'RNA.ANALYTE_ID(+)=ANALYTE.ANALYTE_ID AND ANALYTE.PORTION_ID=PORTION.PORTION_ID AND PORTION.SAMPLE_ID=SAMPLE.SAMPLE_ID', 'RNA.ANALYTE_ID(+)=ANALYTE.ANALYTE_ID AND ANALYTE.PORTION_ID=PORTION.PORTION_ID AND PORTION.SAMPLE_ID=SAMPLE.SAMPLE_ID AND SAMPLE.PATIENT_ID=PATIENT.PATIENT_ID');

INSERT INTO CLINICAL_TABLE(CLINICAL_TABLE_ID, TABLE_NAME, JOIN_FOR_SAMPLE, JOIN_FOR_PATIENT) VALUES(9, 'PORTION_SLIDE', 'PORTION_SLIDE.PORTION_ID(+)=PORTION.PORTION_ID AND PORTION.SAMPLE_ID=SAMPLE.SAMPLE_ID', 'PORTION_SLIDE.PORTION_ID(+)=PORTION.PORTION_ID AND PORTION.SAMPLE_ID=SAMPLE.SAMPLE_ID AND SAMPLE.PATIENT_ID=PATIENT.PATIENT_ID');

INSERT INTO CLINICAL_TABLE(CLINICAL_TABLE_ID, TABLE_NAME, JOIN_FOR_SAMPLE, JOIN_FOR_PATIENT) VALUES(10, 'SLIDE', 'SLIDE.SLIDE_ID(+)=PORTION_SLIDE.SLIDE_ID AND PORTION_SLIDE.PORTION_ID(+)=PORTION.PORTION_ID AND PORTION.SAMPLE_ID=SAMPLE.SAMPLE_ID', 'SLIDE.SLIDE_ID(+)=PORTION_SLIDE.SLIDE_ID AND PORTION_SLIDE.PORTION_ID(+)=PORTION.PORTION_ID AND PORTION.SAMPLE_ID=SAMPLE.SAMPLE_ID AND SAMPLE.PATIENT_ID=PATIENT.PATIENT_ID');

INSERT INTO CLINICAL_TABLE(CLINICAL_TABLE_ID, TABLE_NAME, JOIN_FOR_SAMPLE, JOIN_FOR_PATIENT) VALUES(11, 'GBMSLIDE', 'GBMSLIDE.SLIDE_ID(+)=SLIDE.SLIDE_ID AND SLIDE.SLIDE_ID(+)=PORTION_SLIDE.SLIDE_ID AND PORTION_SLIDE.PORTION_ID(+)=PORTION.PORTION_ID AND PORTION.SAMPLE_ID=SAMPLE.SAMPLE_ID', 'GBMSLIDE.SLIDE_ID(+)=SLIDE.SLIDE_ID AND SLIDE.SLIDE_ID(+)=PORTION_SLIDE.SLIDE_ID AND PORTION_SLIDE.PORTION_ID(+)=PORTION.PORTION_ID AND PORTION.SAMPLE_ID=SAMPLE.SAMPLE_ID AND SAMPLE.PATIENT_ID=PATIENT.PATIENT_ID');

INSERT INTO CLINICAL_TABLE(CLINICAL_TABLE_ID, TABLE_NAME, JOIN_FOR_SAMPLE, JOIN_FOR_PATIENT) VALUES(12, 'EXAMINATION', 'EXAMINATION.PATIENT_ID(+)=PATIENT.PATIENT_ID AND PATIENT.PATIENT_ID=SAMPLE.PATIENT_ID', 'EXAMINATION.PATIENT_ID(+)=PATIENT.PATIENT_ID');

INSERT INTO CLINICAL_TABLE(CLINICAL_TABLE_ID, TABLE_NAME, JOIN_FOR_SAMPLE, JOIN_FOR_PATIENT) VALUES(13, 'RADIATION', 'RADIATION.PATIENT_ID(+)=PATIENT.PATIENT_ID AND PATIENT.PATIENT_ID=SAMPLE.PATIENT_ID', 'RADIATION.PATIENT_ID(+)=PATIENT.PATIENT_ID');

INSERT INTO CLINICAL_TABLE(CLINICAL_TABLE_ID, TABLE_NAME, JOIN_FOR_SAMPLE, JOIN_FOR_PATIENT) VALUES(14, 'SURGERY', 'SURGERY.PATIENT_ID(+)=PATIENT.PATIENT_ID AND PATIENT.PATIENT_ID=SAMPLE.PATIENT_ID', 'SURGERY.PATIENT_ID(+)=PATIENT.PATIENT_ID');

INSERT INTO CLINICAL_TABLE(CLINICAL_TABLE_ID, TABLE_NAME, JOIN_FOR_SAMPLE, JOIN_FOR_PATIENT) VALUES(15, 'DRUG_INTGEN', 'DRUG_INTGEN.PATIENT_ID(+)=PATIENT.PATIENT_ID AND PATIENT.PATIENT_ID=SAMPLE.PATIENT_ID', 'DRUG_INTGEN.PATIENT_ID(+)=PATIENT.PATIENT_ID');

INSERT INTO CLINICAL_TABLE(CLINICAL_TABLE_ID, TABLE_NAME, JOIN_FOR_SAMPLE, JOIN_FOR_PATIENT) VALUES(16, 'TUMORPATHOLOGY', 'TUMORPATHOLOGY.SAMPLE_ID(+)=SAMPLE.SAMPLE_ID', 'TUMORPATHOLOGY.SAMPLE_ID(+)=SAMPLE.SAMPLE_ID AND SAMPLE.PATIENT_ID=PATIENT.PATIENT_ID');

INSERT INTO CLINICAL_TABLE(CLINICAL_TABLE_ID, TABLE_NAME, JOIN_FOR_SAMPLE, JOIN_FOR_PATIENT) VALUES(17, 'GBM_PATHOLOGY', 'GBM_PATHOLOGY.TUMORPATHOLOGY_ID(+)=TUMORPATHOLOGY.TUMORPATHOLOGY_ID AND TUMORPATHOLOGY.SAMPLE_ID(+)=SAMPLE.SAMPLE_ID', 'GBM_PATHOLOGY.TUMORPATHOLOGY_ID(+)=TUMORPATHOLOGY.TUMORPATHOLOGY_ID AND TUMORPATHOLOGY.SAMPLE_ID(+)=SAMPLE.SAMPLE_ID AND SAMPLE.PATIENT_ID=PATIENT.PATIENT_ID');

INSERT INTO CLINICAL_TABLE(CLINICAL_TABLE_ID, TABLE_NAME, JOIN_FOR_SAMPLE, JOIN_FOR_PATIENT) VALUES(18, 'LUNG_PATHOLOGY', 'LUNG_PATHOLOGY.TUMORPATHOLOGY_ID(+)=TUMORPATHOLOGY.TUMORPATHOLOGY_ID AND TUMORPATHOLOGY.SAMPLE_ID(+)=SAMPLE.SAMPLE_ID', 'LUNG_PATHOLOGY.TUMORPATHOLOGY_ID(+)=TUMORPATHOLOGY.TUMORPATHOLOGY_ID AND TUMORPATHOLOGY.SAMPLE_ID(+)=SAMPLE.SAMPLE_ID AND SAMPLE.PATIENT_ID=PATIENT.PATIENT_ID');

INSERT INTO CLINICAL_TABLE(CLINICAL_TABLE_ID, TABLE_NAME, JOIN_FOR_SAMPLE, JOIN_FOR_PATIENT) VALUES(19, 'OVARIAN_PATHOLOGY', 'OVARIAN_PATHOLOGY.TUMORPATHOLOGY_ID(+)=TUMORPATHOLOGY.TUMORPATHOLOGY_ID AND TUMORPATHOLOGY.SAMPLE_ID(+)=SAMPLE.SAMPLE_ID', 'OVARIAN_PATHOLOGY.TUMORPATHOLOGY_ID(+)=TUMORPATHOLOGY.TUMORPATHOLOGY_ID AND TUMORPATHOLOGY.SAMPLE_ID(+)=SAMPLE.SAMPLE_ID AND SAMPLE.PATIENT_ID=PATIENT.PATIENT_ID');

INSERT INTO CLINICAL_XSD_ELEMENT(CLINICAL_XSD_ELEMENT_ID, ELEMENT_NAME, IS_PROTECTED) VALUES(3, 'A260A280RATIO', 0);
INSERT INTO CLINICAL_XSD_ELEMENT(CLINICAL_XSD_ELEMENT_ID, ELEMENT_NAME, IS_PROTECTED) VALUES(4, 'ADDITIONALCHEMOTHERAPY', 1);
INSERT INTO CLINICAL_XSD_ELEMENT(CLINICAL_XSD_ELEMENT_ID, ELEMENT_NAME, IS_PROTECTED) VALUES(5, 'ADDITIONALDRUGTHERAPY', 1);
INSERT INTO CLINICAL_XSD_ELEMENT(CLINICAL_XSD_ELEMENT_ID, ELEMENT_NAME, IS_PROTECTED) VALUES(6, 'ADDITIONALHORMONETHERAPY', 1);
INSERT INTO CLINICAL_XSD_ELEMENT(CLINICAL_XSD_ELEMENT_ID, ELEMENT_NAME, IS_PROTECTED) VALUES(7, 'ADDITIONALIMMUNOTHERAPY', 1);
INSERT INTO CLINICAL_XSD_ELEMENT(CLINICAL_XSD_ELEMENT_ID, ELEMENT_NAME, IS_PROTECTED) VALUES(8, 'ADDITIONALRADIATIONTHERAPY', 1);
INSERT INTO CLINICAL_XSD_ELEMENT(CLINICAL_XSD_ELEMENT_ID, ELEMENT_NAME, IS_PROTECTED) VALUES(9, 'AMOUNT', 0);

INSERT INTO CLINICAL_XSD_ELEMENT(CLINICAL_XSD_ELEMENT_ID, ELEMENT_NAME, IS_PROTECTED) VALUES(11, 'ANALYTETYPE', 0);
INSERT INTO CLINICAL_XSD_ELEMENT(CLINICAL_XSD_ELEMENT_ID, ELEMENT_NAME, IS_PROTECTED) VALUES(12, 'ANATOMICORGANSUBDIVISION', 1);
INSERT INTO CLINICAL_XSD_ELEMENT(CLINICAL_XSD_ELEMENT_ID, ELEMENT_NAME, IS_PROTECTED) VALUES(13, 'ANATOMICTREATMENTSITE', 1);
INSERT INTO CLINICAL_XSD_ELEMENT(CLINICAL_XSD_ELEMENT_ID, ELEMENT_NAME, IS_PROTECTED) VALUES(14, 'BCRALIQUOTBARCODE', 0);
INSERT INTO CLINICAL_XSD_ELEMENT(CLINICAL_XSD_ELEMENT_ID, ELEMENT_NAME, IS_PROTECTED) VALUES(15, 'BCRANALYTEBARCODE', 0);
INSERT INTO CLINICAL_XSD_ELEMENT(CLINICAL_XSD_ELEMENT_ID, ELEMENT_NAME, IS_PROTECTED) VALUES(16, 'BCRPATIENTBARCODE', 0);
INSERT INTO CLINICAL_XSD_ELEMENT(CLINICAL_XSD_ELEMENT_ID, ELEMENT_NAME, IS_PROTECTED) VALUES(17, 'BCRPORTIONBARCODE', 0);
INSERT INTO CLINICAL_XSD_ELEMENT(CLINICAL_XSD_ELEMENT_ID, ELEMENT_NAME, IS_PROTECTED) VALUES(18, 'BCRSAMPLEBARCODE', 0);
INSERT INTO CLINICAL_XSD_ELEMENT(CLINICAL_XSD_ELEMENT_ID, ELEMENT_NAME, IS_PROTECTED) VALUES(19, 'BCRSITEID', 1);
INSERT INTO CLINICAL_XSD_ELEMENT(CLINICAL_XSD_ELEMENT_ID, ELEMENT_NAME, IS_PROTECTED) VALUES(20, 'BCRSLIDEBARCODE', 0);
INSERT INTO CLINICAL_XSD_ELEMENT(CLINICAL_XSD_ELEMENT_ID, ELEMENT_NAME, IS_PROTECTED) VALUES(21, 'CELLULARITY', 0);
INSERT INTO CLINICAL_XSD_ELEMENT(CLINICAL_XSD_ELEMENT_ID, ELEMENT_NAME, IS_PROTECTED) VALUES(22, 'CHEMOTHERAPY', 1);
INSERT INTO CLINICAL_XSD_ELEMENT(CLINICAL_XSD_ELEMENT_ID, ELEMENT_NAME, IS_PROTECTED) VALUES(23, 'CONCENTRATION', 0);
INSERT INTO CLINICAL_XSD_ELEMENT(CLINICAL_XSD_ELEMENT_ID, ELEMENT_NAME, IS_PROTECTED) VALUES(24, 'CONCENTRATION', 0);
INSERT INTO CLINICAL_XSD_ELEMENT(CLINICAL_XSD_ELEMENT_ID, ELEMENT_NAME, IS_PROTECTED) VALUES(25, 'CURRENTWEIGHT', 0);
INSERT INTO CLINICAL_XSD_ELEMENT(CLINICAL_XSD_ELEMENT_ID, ELEMENT_NAME, IS_PROTECTED) VALUES(26, 'DAYOFBIRTH', 1);
INSERT INTO CLINICAL_XSD_ELEMENT(CLINICAL_XSD_ELEMENT_ID, ELEMENT_NAME, IS_PROTECTED) VALUES(27, 'DAYOFCOLLECTION', 1);
INSERT INTO CLINICAL_XSD_ELEMENT(CLINICAL_XSD_ELEMENT_ID, ELEMENT_NAME, IS_PROTECTED) VALUES(28, 'DAYOFCREATION', 0);
INSERT INTO CLINICAL_XSD_ELEMENT(CLINICAL_XSD_ELEMENT_ID, ELEMENT_NAME, IS_PROTECTED) VALUES(29, 'DAYOFDEATH', 1);
INSERT INTO CLINICAL_XSD_ELEMENT(CLINICAL_XSD_ELEMENT_ID, ELEMENT_NAME, IS_PROTECTED) VALUES(30, 'DAYOFDRUGTREATMENTEND', 1);
INSERT INTO CLINICAL_XSD_ELEMENT(CLINICAL_XSD_ELEMENT_ID, ELEMENT_NAME, IS_PROTECTED) VALUES(31, 'DAYOFDRUGTREATMENTSTART', 1);
INSERT INTO CLINICAL_XSD_ELEMENT(CLINICAL_XSD_ELEMENT_ID, ELEMENT_NAME, IS_PROTECTED) VALUES(32, 'DAYOFEXAMINATION', 1);
INSERT INTO CLINICAL_XSD_ELEMENT(CLINICAL_XSD_ELEMENT_ID, ELEMENT_NAME, IS_PROTECTED) VALUES(33, 'DAYOFINITIALPATHOLOGICDIAGNOSIS', 1);
INSERT INTO CLINICAL_XSD_ELEMENT(CLINICAL_XSD_ELEMENT_ID, ELEMENT_NAME, IS_PROTECTED) VALUES(34, 'DAYOFLASTFOLLOWUP', 1);
INSERT INTO CLINICAL_XSD_ELEMENT(CLINICAL_XSD_ELEMENT_ID, ELEMENT_NAME, IS_PROTECTED) VALUES(35, 'DAYOFPROCEDURE', 1);
INSERT INTO CLINICAL_XSD_ELEMENT(CLINICAL_XSD_ELEMENT_ID, ELEMENT_NAME, IS_PROTECTED) VALUES(36, 'DAYOFRADIATIONTREATMENTEND', 1);
INSERT INTO CLINICAL_XSD_ELEMENT(CLINICAL_XSD_ELEMENT_ID, ELEMENT_NAME, IS_PROTECTED) VALUES(37, 'DAYOFRADIATIONTREATMENTSTART', 1);
INSERT INTO CLINICAL_XSD_ELEMENT(CLINICAL_XSD_ELEMENT_ID, ELEMENT_NAME, IS_PROTECTED) VALUES(38, 'DAYOFSHIPMENT', 0);
INSERT INTO CLINICAL_XSD_ELEMENT(CLINICAL_XSD_ELEMENT_ID, ELEMENT_NAME, IS_PROTECTED) VALUES(39, 'DAYOFTUMORPROGRESSION', 1);
INSERT INTO CLINICAL_XSD_ELEMENT(CLINICAL_XSD_ELEMENT_ID, ELEMENT_NAME, IS_PROTECTED) VALUES(40, 'DAYOFTUMORRECURRENCE', 1);
INSERT INTO CLINICAL_XSD_ELEMENT(CLINICAL_XSD_ELEMENT_ID, ELEMENT_NAME, IS_PROTECTED) VALUES(41, 'DOSAGEUNITS', 1);
INSERT INTO CLINICAL_XSD_ELEMENT(CLINICAL_XSD_ELEMENT_ID, ELEMENT_NAME, IS_PROTECTED) VALUES(42, 'DRUGCATEGORY', 1);
INSERT INTO CLINICAL_XSD_ELEMENT(CLINICAL_XSD_ELEMENT_ID, ELEMENT_NAME, IS_PROTECTED) VALUES(43, 'DRUGDOSAGE', 1);
INSERT INTO CLINICAL_XSD_ELEMENT(CLINICAL_XSD_ELEMENT_ID, ELEMENT_NAME, IS_PROTECTED) VALUES(44, 'DRUGNAME', 1);
INSERT INTO CLINICAL_XSD_ELEMENT(CLINICAL_XSD_ELEMENT_ID, ELEMENT_NAME, IS_PROTECTED) VALUES(45, 'EASTERNCANCERONCOLOGYGROUP', 1);
INSERT INTO CLINICAL_XSD_ELEMENT(CLINICAL_XSD_ELEMENT_ID, ELEMENT_NAME, IS_PROTECTED) VALUES(46, 'ENDOTHELIALPROLIFERATION', 0);
INSERT INTO CLINICAL_XSD_ELEMENT(CLINICAL_XSD_ELEMENT_ID, ELEMENT_NAME, IS_PROTECTED) VALUES(47, 'ETHNICITY', 1);
INSERT INTO CLINICAL_XSD_ELEMENT(CLINICAL_XSD_ELEMENT_ID, ELEMENT_NAME, IS_PROTECTED) VALUES(48, 'EXPERIMENTALPROTOCOLTYPE', 0);
INSERT INTO CLINICAL_XSD_ELEMENT(CLINICAL_XSD_ELEMENT_ID, ELEMENT_NAME, IS_PROTECTED) VALUES(49, 'FREEZINGMETHOD', 0);
INSERT INTO CLINICAL_XSD_ELEMENT(CLINICAL_XSD_ELEMENT_ID, ELEMENT_NAME, IS_PROTECTED) VALUES(50, 'GELIMAGEFILE', 0);
INSERT INTO CLINICAL_XSD_ELEMENT(CLINICAL_XSD_ELEMENT_ID, ELEMENT_NAME, IS_PROTECTED) VALUES(51, 'GEMISTOCYTESPRESENT', 1);
INSERT INTO CLINICAL_XSD_ELEMENT(CLINICAL_XSD_ELEMENT_ID, ELEMENT_NAME, IS_PROTECTED) VALUES(52, 'GENDER', 0);
INSERT INTO CLINICAL_XSD_ELEMENT(CLINICAL_XSD_ELEMENT_ID, ELEMENT_NAME, IS_PROTECTED) VALUES(53, 'GFAP_POSITIVE', 1);
INSERT INTO CLINICAL_XSD_ELEMENT(CLINICAL_XSD_ELEMENT_ID, ELEMENT_NAME, IS_PROTECTED) VALUES(54, 'HISTOLOGICALTYPE', 0);
INSERT INTO CLINICAL_XSD_ELEMENT(CLINICAL_XSD_ELEMENT_ID, ELEMENT_NAME, IS_PROTECTED) VALUES(55, 'HISTOLOGICNUCLEARGRADE', 1);


INSERT INTO CLINICAL_XSD_ELEMENT(CLINICAL_XSD_ELEMENT_ID, ELEMENT_NAME, IS_PROTECTED) VALUES(58, 'HISTOLOGICTYPE', 0);
INSERT INTO CLINICAL_XSD_ELEMENT(CLINICAL_XSD_ELEMENT_ID, ELEMENT_NAME, IS_PROTECTED) VALUES(59, 'HORMONALTHERAPY', 1);
INSERT INTO CLINICAL_XSD_ELEMENT(CLINICAL_XSD_ELEMENT_ID, ELEMENT_NAME, IS_PROTECTED) VALUES(60, 'IMMUNOTHERAPY', 1);
INSERT INTO CLINICAL_XSD_ELEMENT(CLINICAL_XSD_ELEMENT_ID, ELEMENT_NAME, IS_PROTECTED) VALUES(61, 'INFORMEDCONSENTVERIFIED', 1);
INSERT INTO CLINICAL_XSD_ELEMENT(CLINICAL_XSD_ELEMENT_ID, ELEMENT_NAME, IS_PROTECTED) VALUES(62, 'INITIALCOURSE', 1);
INSERT INTO CLINICAL_XSD_ELEMENT(CLINICAL_XSD_ELEMENT_ID, ELEMENT_NAME, IS_PROTECTED) VALUES(63, 'INITIALPATHOLOGICDIAGNOSISMETHOD', 1);
INSERT INTO CLINICAL_XSD_ELEMENT(CLINICAL_XSD_ELEMENT_ID, ELEMENT_NAME, IS_PROTECTED) VALUES(64, 'INITIALWEIGHT', 0);
INSERT INTO CLINICAL_XSD_ELEMENT(CLINICAL_XSD_ELEMENT_ID, ELEMENT_NAME, IS_PROTECTED) VALUES(65, 'INTERMEDIATEDIMENSION', 0);
INSERT INTO CLINICAL_XSD_ELEMENT(CLINICAL_XSD_ELEMENT_ID, ELEMENT_NAME, IS_PROTECTED) VALUES(66, 'JEWISHORIGIN', 1);
INSERT INTO CLINICAL_XSD_ELEMENT(CLINICAL_XSD_ELEMENT_ID, ELEMENT_NAME, IS_PROTECTED) VALUES(67, 'KARNOFSKYPERFORMANCESCORE', 1);
INSERT INTO CLINICAL_XSD_ELEMENT(CLINICAL_XSD_ELEMENT_ID, ELEMENT_NAME, IS_PROTECTED) VALUES(68, 'LEPTOMENINGEALINVOLEMENT', 1);
INSERT INTO CLINICAL_XSD_ELEMENT(CLINICAL_XSD_ELEMENT_ID, ELEMENT_NAME, IS_PROTECTED) VALUES(69, 'LONGESTDIMENSION', 0);
INSERT INTO CLINICAL_XSD_ELEMENT(CLINICAL_XSD_ELEMENT_ID, ELEMENT_NAME, IS_PROTECTED) VALUES(70, 'LYMPHATICINVASION', 0);
INSERT INTO CLINICAL_XSD_ELEMENT(CLINICAL_XSD_ELEMENT_ID, ELEMENT_NAME, IS_PROTECTED) VALUES(71, 'MARGINSINVOLVED', 0);
INSERT INTO CLINICAL_XSD_ELEMENT(CLINICAL_XSD_ELEMENT_ID, ELEMENT_NAME, IS_PROTECTED) VALUES(72, 'MIB1_POSITIVE', 1);
INSERT INTO CLINICAL_XSD_ELEMENT(CLINICAL_XSD_ELEMENT_ID, ELEMENT_NAME, IS_PROTECTED) VALUES(73, 'MONTHOFBIRTH', 1);
INSERT INTO CLINICAL_XSD_ELEMENT(CLINICAL_XSD_ELEMENT_ID, ELEMENT_NAME, IS_PROTECTED) VALUES(74, 'MONTHOFCOLLECTION', 1);
INSERT INTO CLINICAL_XSD_ELEMENT(CLINICAL_XSD_ELEMENT_ID, ELEMENT_NAME, IS_PROTECTED) VALUES(75, 'MONTHOFCREATION', 0);
INSERT INTO CLINICAL_XSD_ELEMENT(CLINICAL_XSD_ELEMENT_ID, ELEMENT_NAME, IS_PROTECTED) VALUES(76, 'MONTHOFDEATH', 1);
INSERT INTO CLINICAL_XSD_ELEMENT(CLINICAL_XSD_ELEMENT_ID, ELEMENT_NAME, IS_PROTECTED) VALUES(77, 'MONTHOFDRUGTREATMENTEND', 1);
INSERT INTO CLINICAL_XSD_ELEMENT(CLINICAL_XSD_ELEMENT_ID, ELEMENT_NAME, IS_PROTECTED) VALUES(78, 'MONTHOFDRUGTREATMENTSTART', 1);
INSERT INTO CLINICAL_XSD_ELEMENT(CLINICAL_XSD_ELEMENT_ID, ELEMENT_NAME, IS_PROTECTED) VALUES(79, 'MONTHOFEXAMINATION', 1);
INSERT INTO CLINICAL_XSD_ELEMENT(CLINICAL_XSD_ELEMENT_ID, ELEMENT_NAME, IS_PROTECTED) VALUES(80, 'MONTHOFINITIALPATHOLOGICDIAGNOSIS', 1);
INSERT INTO CLINICAL_XSD_ELEMENT(CLINICAL_XSD_ELEMENT_ID, ELEMENT_NAME, IS_PROTECTED) VALUES(81, 'MONTHOFLASTFOLLOWUP', 1);
INSERT INTO CLINICAL_XSD_ELEMENT(CLINICAL_XSD_ELEMENT_ID, ELEMENT_NAME, IS_PROTECTED) VALUES(82, 'MONTHOFPROCEDURE', 1);
INSERT INTO CLINICAL_XSD_ELEMENT(CLINICAL_XSD_ELEMENT_ID, ELEMENT_NAME, IS_PROTECTED) VALUES(83, 'MONTHOFRADIATIONTREATMENTEND', 1);
INSERT INTO CLINICAL_XSD_ELEMENT(CLINICAL_XSD_ELEMENT_ID, ELEMENT_NAME, IS_PROTECTED) VALUES(84, 'MONTHOFRADIATIONTREATMENTSTART', 1);
INSERT INTO CLINICAL_XSD_ELEMENT(CLINICAL_XSD_ELEMENT_ID, ELEMENT_NAME, IS_PROTECTED) VALUES(85, 'MONTHOFSHIPMENT', 0);
INSERT INTO CLINICAL_XSD_ELEMENT(CLINICAL_XSD_ELEMENT_ID, ELEMENT_NAME, IS_PROTECTED) VALUES(86, 'MONTHOFTUMORPROGRESSION', 1);
INSERT INTO CLINICAL_XSD_ELEMENT(CLINICAL_XSD_ELEMENT_ID, ELEMENT_NAME, IS_PROTECTED) VALUES(87, 'MONTHOFTUMORRECURRENCE', 1);
INSERT INTO CLINICAL_XSD_ELEMENT(CLINICAL_XSD_ELEMENT_ID, ELEMENT_NAME, IS_PROTECTED) VALUES(88, 'NORMALTUMORGENOTYPEMATCH', 0);
INSERT INTO CLINICAL_XSD_ELEMENT(CLINICAL_XSD_ELEMENT_ID, ELEMENT_NAME, IS_PROTECTED) VALUES(89, 'NUCLEARPLEOMORPHISM', 0);
INSERT INTO CLINICAL_XSD_ELEMENT(CLINICAL_XSD_ELEMENT_ID, ELEMENT_NAME, IS_PROTECTED) VALUES(90, 'NUMBERCYCLES', 1);
INSERT INTO CLINICAL_XSD_ELEMENT(CLINICAL_XSD_ELEMENT_ID, ELEMENT_NAME, IS_PROTECTED) VALUES(91, 'NUMBERPROLIFERATINGCELLS', 0);
INSERT INTO CLINICAL_XSD_ELEMENT(CLINICAL_XSD_ELEMENT_ID, ELEMENT_NAME, IS_PROTECTED) VALUES(92, 'NUMBERREGIONALLYMPHNODESEXAM', 0);
INSERT INTO CLINICAL_XSD_ELEMENT(CLINICAL_XSD_ELEMENT_ID, ELEMENT_NAME, IS_PROTECTED) VALUES(93, 'NUMBERREGIONALLYMPHNODESPOS', 0);
INSERT INTO CLINICAL_XSD_ELEMENT(CLINICAL_XSD_ELEMENT_ID, ELEMENT_NAME, IS_PROTECTED) VALUES(94, 'NUMFRACTIONS', 1);
INSERT INTO CLINICAL_XSD_ELEMENT(CLINICAL_XSD_ELEMENT_ID, ELEMENT_NAME, IS_PROTECTED) VALUES(95, 'OCTEMBEDDED', 0);
INSERT INTO CLINICAL_XSD_ELEMENT(CLINICAL_XSD_ELEMENT_ID, ELEMENT_NAME, IS_PROTECTED) VALUES(96, 'OLIGODENDROGLIALCOMPONENT', 1);
INSERT INTO CLINICAL_XSD_ELEMENT(CLINICAL_XSD_ELEMENT_ID, ELEMENT_NAME, IS_PROTECTED) VALUES(97, 'PALISADINGNECROSIS', 0);
INSERT INTO CLINICAL_XSD_ELEMENT(CLINICAL_XSD_ELEMENT_ID, ELEMENT_NAME, IS_PROTECTED) VALUES(98, 'PCRAMPLIFICATIONSUCCESSFUL', 0);
INSERT INTO CLINICAL_XSD_ELEMENT(CLINICAL_XSD_ELEMENT_ID, ELEMENT_NAME, IS_PROTECTED) VALUES(99, 'PERCENTEOSINOPHILINFILTRATION', 0);
INSERT INTO CLINICAL_XSD_ELEMENT(CLINICAL_XSD_ELEMENT_ID, ELEMENT_NAME, IS_PROTECTED) VALUES(100, 'PERCENTGRANULOCYTEINFILTRATION', 0);
INSERT INTO CLINICAL_XSD_ELEMENT(CLINICAL_XSD_ELEMENT_ID, ELEMENT_NAME, IS_PROTECTED) VALUES(101, 'PERCENTINFLAMINFILTRATION', 0);
INSERT INTO CLINICAL_XSD_ELEMENT(CLINICAL_XSD_ELEMENT_ID, ELEMENT_NAME, IS_PROTECTED) VALUES(102, 'PERCENTLYMPHOCYTEINFILTRATION', 0);
INSERT INTO CLINICAL_XSD_ELEMENT(CLINICAL_XSD_ELEMENT_ID, ELEMENT_NAME, IS_PROTECTED) VALUES(103, 'PERCENTMONOCYTEINFILTRATION', 0);
INSERT INTO CLINICAL_XSD_ELEMENT(CLINICAL_XSD_ELEMENT_ID, ELEMENT_NAME, IS_PROTECTED) VALUES(104, 'PERCENTNECROSIS', 0);
INSERT INTO CLINICAL_XSD_ELEMENT(CLINICAL_XSD_ELEMENT_ID, ELEMENT_NAME, IS_PROTECTED) VALUES(105, 'PERCENTNEUTROPHILINFILTRATION', 0);
INSERT INTO CLINICAL_XSD_ELEMENT(CLINICAL_XSD_ELEMENT_ID, ELEMENT_NAME, IS_PROTECTED) VALUES(106, 'PERCENTNORMALCELLS', 0);
INSERT INTO CLINICAL_XSD_ELEMENT(CLINICAL_XSD_ELEMENT_ID, ELEMENT_NAME, IS_PROTECTED) VALUES(107, 'PERCENTSTROMALCELLS', 0);
INSERT INTO CLINICAL_XSD_ELEMENT(CLINICAL_XSD_ELEMENT_ID, ELEMENT_NAME, IS_PROTECTED) VALUES(108, 'PERCENTTUMORCELLS', 0);
INSERT INTO CLINICAL_XSD_ELEMENT(CLINICAL_XSD_ELEMENT_ID, ELEMENT_NAME, IS_PROTECTED) VALUES(109, 'PERCENTTUMORNUCLEI', 0);
INSERT INTO CLINICAL_XSD_ELEMENT(CLINICAL_XSD_ELEMENT_ID, ELEMENT_NAME, IS_PROTECTED) VALUES(110, 'PERFORMANCESTATUSSCALETIMING', 1);
INSERT INTO CLINICAL_XSD_ELEMENT(CLINICAL_XSD_ELEMENT_ID, ELEMENT_NAME, IS_PROTECTED) VALUES(111, 'PERSONNEOPLASMCANCERSTATUS', 1);
INSERT INTO CLINICAL_XSD_ELEMENT(CLINICAL_XSD_ELEMENT_ID, ELEMENT_NAME, IS_PROTECTED) VALUES(112, 'PRETREATMENTHISTORY', 0);
INSERT INTO CLINICAL_XSD_ELEMENT(CLINICAL_XSD_ELEMENT_ID, ELEMENT_NAME, IS_PROTECTED) VALUES(113, 'PRIMARYORMETASTATICSTATUS', 0);
INSERT INTO CLINICAL_XSD_ELEMENT(CLINICAL_XSD_ELEMENT_ID, ELEMENT_NAME, IS_PROTECTED) VALUES(114, 'PRIMARYTHERAPYOUTCOMESUCCESS', 1);
INSERT INTO CLINICAL_XSD_ELEMENT(CLINICAL_XSD_ELEMENT_ID, ELEMENT_NAME, IS_PROTECTED) VALUES(115, 'PRIORGLIOMA', 1);
INSERT INTO CLINICAL_XSD_ELEMENT(CLINICAL_XSD_ELEMENT_ID, ELEMENT_NAME, IS_PROTECTED) VALUES(116, 'PROCEDURETYPE', 1);
INSERT INTO CLINICAL_XSD_ELEMENT(CLINICAL_XSD_ELEMENT_ID, ELEMENT_NAME, IS_PROTECTED) VALUES(117, 'PROGRESSIONDETERMINEDBY', 1);
INSERT INTO CLINICAL_XSD_ELEMENT(CLINICAL_XSD_ELEMENT_ID, ELEMENT_NAME, IS_PROTECTED) VALUES(118, 'PROGRESSIONDETERMINEDBYNOTES', 1);
INSERT INTO CLINICAL_XSD_ELEMENT(CLINICAL_XSD_ELEMENT_ID, ELEMENT_NAME, IS_PROTECTED) VALUES(119, 'PROGRESSIONSTATUS', 1);
INSERT INTO CLINICAL_XSD_ELEMENT(CLINICAL_XSD_ELEMENT_ID, ELEMENT_NAME, IS_PROTECTED) VALUES(120, 'PROTOCOLFILENAME', 0);
INSERT INTO CLINICAL_XSD_ELEMENT(CLINICAL_XSD_ELEMENT_ID, ELEMENT_NAME, IS_PROTECTED) VALUES(121, 'PROTOCOLNAME', 0);
INSERT INTO CLINICAL_XSD_ELEMENT(CLINICAL_XSD_ELEMENT_ID, ELEMENT_NAME, IS_PROTECTED) VALUES(122, 'RACE', 1);
INSERT INTO CLINICAL_XSD_ELEMENT(CLINICAL_XSD_ELEMENT_ID, ELEMENT_NAME, IS_PROTECTED) VALUES(123, 'RADIATIONDOSAGE', 1);
INSERT INTO CLINICAL_XSD_ELEMENT(CLINICAL_XSD_ELEMENT_ID, ELEMENT_NAME, IS_PROTECTED) VALUES(124, 'RADIATIONTHERAPY', 1);
INSERT INTO CLINICAL_XSD_ELEMENT(CLINICAL_XSD_ELEMENT_ID, ELEMENT_NAME, IS_PROTECTED) VALUES(125, 'RADIATIONTREATMENTONGOING', 1);
INSERT INTO CLINICAL_XSD_ELEMENT(CLINICAL_XSD_ELEMENT_ID, ELEMENT_NAME, IS_PROTECTED) VALUES(126, 'RADIATIONTYPE', 1);
INSERT INTO CLINICAL_XSD_ELEMENT(CLINICAL_XSD_ELEMENT_ID, ELEMENT_NAME, IS_PROTECTED) VALUES(127, 'RADIATIONTYPENOTES', 1);
INSERT INTO CLINICAL_XSD_ELEMENT(CLINICAL_XSD_ELEMENT_ID, ELEMENT_NAME, IS_PROTECTED) VALUES(128, 'RATIO28S18S', 0);
INSERT INTO CLINICAL_XSD_ELEMENT(CLINICAL_XSD_ELEMENT_ID, ELEMENT_NAME, IS_PROTECTED) VALUES(129, 'REGIMENINDICATION', 1);
INSERT INTO CLINICAL_XSD_ELEMENT(CLINICAL_XSD_ELEMENT_ID, ELEMENT_NAME, IS_PROTECTED) VALUES(130, 'REGIMENINDICATIONNOTES', 1);
INSERT INTO CLINICAL_XSD_ELEMENT(CLINICAL_XSD_ELEMENT_ID, ELEMENT_NAME, IS_PROTECTED) VALUES(131, 'RESIDUALTUMOR', 1);
INSERT INTO CLINICAL_XSD_ELEMENT(CLINICAL_XSD_ELEMENT_ID, ELEMENT_NAME, IS_PROTECTED) VALUES(132, 'REVISION', 1);
INSERT INTO CLINICAL_XSD_ELEMENT(CLINICAL_XSD_ELEMENT_ID, ELEMENT_NAME, IS_PROTECTED) VALUES(133, 'RINVALUE', 0);
INSERT INTO CLINICAL_XSD_ELEMENT(CLINICAL_XSD_ELEMENT_ID, ELEMENT_NAME, IS_PROTECTED) VALUES(134, 'ROUTEOFADMINISTRATION', 1);
INSERT INTO CLINICAL_XSD_ELEMENT(CLINICAL_XSD_ELEMENT_ID, ELEMENT_NAME, IS_PROTECTED) VALUES(135, 'ROUTEOFADMINISTRATIONNOTES', 1);
INSERT INTO CLINICAL_XSD_ELEMENT(CLINICAL_XSD_ELEMENT_ID, ELEMENT_NAME, IS_PROTECTED) VALUES(136, 'SAMPLETYPE', 0);
INSERT INTO CLINICAL_XSD_ELEMENT(CLINICAL_XSD_ELEMENT_ID, ELEMENT_NAME, IS_PROTECTED) VALUES(137, 'SECTIONLOCATION', 0);
INSERT INTO CLINICAL_XSD_ELEMENT(CLINICAL_XSD_ELEMENT_ID, ELEMENT_NAME, IS_PROTECTED) VALUES(138, 'SHORTESTDIMENSION', 0);
INSERT INTO CLINICAL_XSD_ELEMENT(CLINICAL_XSD_ELEMENT_ID, ELEMENT_NAME, IS_PROTECTED) VALUES(139, 'SITEOFTUMORFIRSTRECURRENCE', 1);
INSERT INTO CLINICAL_XSD_ELEMENT(CLINICAL_XSD_ELEMENT_ID, ELEMENT_NAME, IS_PROTECTED) VALUES(140, 'TARGETEDMOLECULARTHERAPY', 1);
INSERT INTO CLINICAL_XSD_ELEMENT(CLINICAL_XSD_ELEMENT_ID, ELEMENT_NAME, IS_PROTECTED) VALUES(141, 'TIMEBETWEENCLAMPINGANDFREEZING', 0);
INSERT INTO CLINICAL_XSD_ELEMENT(CLINICAL_XSD_ELEMENT_ID, ELEMENT_NAME, IS_PROTECTED) VALUES(142, 'TIMEBETWEENEXCISIONANDFREEZING', 0);
INSERT INTO CLINICAL_XSD_ELEMENT(CLINICAL_XSD_ELEMENT_ID, ELEMENT_NAME, IS_PROTECTED) VALUES(143, 'TNMPATHOLOGYLYMPHNODESTATUS', 1);

INSERT INTO CLINICAL_XSD_ELEMENT(CLINICAL_XSD_ELEMENT_ID, ELEMENT_NAME, IS_PROTECTED) VALUES(145, 'TNMPATHOLOGYMETASTATICSTATUS', 1);

INSERT INTO CLINICAL_XSD_ELEMENT(CLINICAL_XSD_ELEMENT_ID, ELEMENT_NAME, IS_PROTECTED) VALUES(147, 'TNMPATHOLOGYSTAGEGROUPING', 1);

INSERT INTO CLINICAL_XSD_ELEMENT(CLINICAL_XSD_ELEMENT_ID, ELEMENT_NAME, IS_PROTECTED) VALUES(149, 'TNMPATHOLOGYTUMORSTATUS', 1);

INSERT INTO CLINICAL_XSD_ELEMENT(CLINICAL_XSD_ELEMENT_ID, ELEMENT_NAME, IS_PROTECTED) VALUES(151, 'TUMORGRADE', 1);
INSERT INTO CLINICAL_XSD_ELEMENT(CLINICAL_XSD_ELEMENT_ID, ELEMENT_NAME, IS_PROTECTED) VALUES(152, 'TUMORRESIDUALDISEASE', 1);
INSERT INTO CLINICAL_XSD_ELEMENT(CLINICAL_XSD_ELEMENT_ID, ELEMENT_NAME, IS_PROTECTED) VALUES(153, 'TUMORSAMPLEANATOMICLOCATION', 0);


INSERT INTO CLINICAL_XSD_ELEMENT(CLINICAL_XSD_ELEMENT_ID, ELEMENT_NAME, IS_PROTECTED) VALUES(156, 'TUMORSTAGE', 1);
INSERT INTO CLINICAL_XSD_ELEMENT(CLINICAL_XSD_ELEMENT_ID, ELEMENT_NAME, IS_PROTECTED) VALUES(157, 'TUMORTISSUESITE', 0);
INSERT INTO CLINICAL_XSD_ELEMENT(CLINICAL_XSD_ELEMENT_ID, ELEMENT_NAME, IS_PROTECTED) VALUES(158, 'UNITS', 1);
INSERT INTO CLINICAL_XSD_ELEMENT(CLINICAL_XSD_ELEMENT_ID, ELEMENT_NAME, IS_PROTECTED) VALUES(159, 'VENOUSINVASION', 0);
INSERT INTO CLINICAL_XSD_ELEMENT(CLINICAL_XSD_ELEMENT_ID, ELEMENT_NAME, IS_PROTECTED) VALUES(160, 'VERIFICATIONBYBCR', 0);
INSERT INTO CLINICAL_XSD_ELEMENT(CLINICAL_XSD_ELEMENT_ID, ELEMENT_NAME, IS_PROTECTED) VALUES(161, 'VITALSTATUS', 1);
INSERT INTO CLINICAL_XSD_ELEMENT(CLINICAL_XSD_ELEMENT_ID, ELEMENT_NAME, IS_PROTECTED) VALUES(162, 'WEIGHT', 0);
INSERT INTO CLINICAL_XSD_ELEMENT(CLINICAL_XSD_ELEMENT_ID, ELEMENT_NAME, IS_PROTECTED) VALUES(163, 'WELLNUMBER', 0);
INSERT INTO CLINICAL_XSD_ELEMENT(CLINICAL_XSD_ELEMENT_ID, ELEMENT_NAME, IS_PROTECTED) VALUES(164, 'YEAROFBIRTH', 1);
INSERT INTO CLINICAL_XSD_ELEMENT(CLINICAL_XSD_ELEMENT_ID, ELEMENT_NAME, IS_PROTECTED) VALUES(165, 'YEAROFCOLLECTION', 1);
INSERT INTO CLINICAL_XSD_ELEMENT(CLINICAL_XSD_ELEMENT_ID, ELEMENT_NAME, IS_PROTECTED) VALUES(166, 'YEAROFCREATION', 0);
INSERT INTO CLINICAL_XSD_ELEMENT(CLINICAL_XSD_ELEMENT_ID, ELEMENT_NAME, IS_PROTECTED) VALUES(167, 'YEAROFDEATH', 1);
INSERT INTO CLINICAL_XSD_ELEMENT(CLINICAL_XSD_ELEMENT_ID, ELEMENT_NAME, IS_PROTECTED) VALUES(168, 'YEAROFDRUGTREATMENTEND', 1);
INSERT INTO CLINICAL_XSD_ELEMENT(CLINICAL_XSD_ELEMENT_ID, ELEMENT_NAME, IS_PROTECTED) VALUES(169, 'YEAROFDRUGTREATMENTSTART', 1);
INSERT INTO CLINICAL_XSD_ELEMENT(CLINICAL_XSD_ELEMENT_ID, ELEMENT_NAME, IS_PROTECTED) VALUES(170, 'YEAROFEXAMINATION', 1);
INSERT INTO CLINICAL_XSD_ELEMENT(CLINICAL_XSD_ELEMENT_ID, ELEMENT_NAME, IS_PROTECTED) VALUES(171, 'YEAROFINITIALPATHOLOGICDIAGNOSIS', 1);
INSERT INTO CLINICAL_XSD_ELEMENT(CLINICAL_XSD_ELEMENT_ID, ELEMENT_NAME, IS_PROTECTED) VALUES(172, 'YEAROFLASTFOLLOWUP', 1);
INSERT INTO CLINICAL_XSD_ELEMENT(CLINICAL_XSD_ELEMENT_ID, ELEMENT_NAME, IS_PROTECTED) VALUES(173, 'YEAROFPROCEDURE', 1);
INSERT INTO CLINICAL_XSD_ELEMENT(CLINICAL_XSD_ELEMENT_ID, ELEMENT_NAME, IS_PROTECTED) VALUES(174, 'YEAROFRADIATIONTREATMENTEND', 1);
INSERT INTO CLINICAL_XSD_ELEMENT(CLINICAL_XSD_ELEMENT_ID, ELEMENT_NAME, IS_PROTECTED) VALUES(175, 'YEAROFRADIATIONTREATMENTSTART', 1);
INSERT INTO CLINICAL_XSD_ELEMENT(CLINICAL_XSD_ELEMENT_ID, ELEMENT_NAME, IS_PROTECTED) VALUES(176, 'YEAROFSHIPMENT', 0);
INSERT INTO CLINICAL_XSD_ELEMENT(CLINICAL_XSD_ELEMENT_ID, ELEMENT_NAME, IS_PROTECTED) VALUES(177, 'YEAROFTUMORPROGRESSION', 1);
INSERT INTO CLINICAL_XSD_ELEMENT(CLINICAL_XSD_ELEMENT_ID, ELEMENT_NAME, IS_PROTECTED) VALUES(178, 'YEAROFTUMORRECURRENCE', 1);

INSERT INTO CLINICAL_FILE_ELEMENT(CLINICAL_FILE_ELEMENT_ID, XSD_ELEMENT_ID, TABLE_ID, TABLE_COLUMN_NAME, FILE_COLUMN_NAME, FILE_COLUMN_ORDER, CLINICAL_FILE_ID, DISEASE_ID, UNIT_COLUMN_NAME) VALUES(CLINICAL_FILE_ELEMENT_SEQ.nextval, 157, 1, 'TUMORTISSUESITE', 'TUMORTISSUESITE', 2, 1, null, '');
INSERT INTO CLINICAL_FILE_ELEMENT(CLINICAL_FILE_ELEMENT_ID, XSD_ELEMENT_ID, TABLE_ID, TABLE_COLUMN_NAME, FILE_COLUMN_NAME, FILE_COLUMN_ORDER, CLINICAL_FILE_ID, DISEASE_ID, UNIT_COLUMN_NAME) VALUES(CLINICAL_FILE_ELEMENT_SEQ.nextval, 52, 1, 'GENDER', 'GENDER', 3, 1, null, '');
INSERT INTO CLINICAL_FILE_ELEMENT(CLINICAL_FILE_ELEMENT_ID, XSD_ELEMENT_ID, TABLE_ID, TABLE_COLUMN_NAME, FILE_COLUMN_NAME, FILE_COLUMN_ORDER, CLINICAL_FILE_ID, DISEASE_ID, UNIT_COLUMN_NAME) VALUES(CLINICAL_FILE_ELEMENT_SEQ.nextval, 112, 1, 'PRETREATMENTHISTORY', 'PRETREATMENTHISTORY', 4, 1, null, '');
INSERT INTO CLINICAL_FILE_ELEMENT(CLINICAL_FILE_ELEMENT_ID, XSD_ELEMENT_ID, TABLE_ID, TABLE_COLUMN_NAME, FILE_COLUMN_NAME, FILE_COLUMN_ORDER, CLINICAL_FILE_ID, DISEASE_ID, UNIT_COLUMN_NAME) VALUES(CLINICAL_FILE_ELEMENT_SEQ.nextval, 54, 1, 'HISTOLOGICALTYPE', 'HISTOLOGICALTYPE', 5, 1, null, '');
INSERT INTO CLINICAL_FILE_ELEMENT(CLINICAL_FILE_ELEMENT_ID, XSD_ELEMENT_ID, TABLE_ID, TABLE_COLUMN_NAME, FILE_COLUMN_NAME, FILE_COLUMN_ORDER, CLINICAL_FILE_ID, DISEASE_ID, UNIT_COLUMN_NAME) VALUES(CLINICAL_FILE_ELEMENT_SEQ.nextval, 115, 1, 'PRIORGLIOMA', 'PRIORGLIOMA', 6, 1, null, '');
INSERT INTO CLINICAL_FILE_ELEMENT(CLINICAL_FILE_ELEMENT_ID, XSD_ELEMENT_ID, TABLE_ID, TABLE_COLUMN_NAME, FILE_COLUMN_NAME, FILE_COLUMN_ORDER, CLINICAL_FILE_ID, DISEASE_ID, UNIT_COLUMN_NAME) VALUES(CLINICAL_FILE_ELEMENT_SEQ.nextval, 161, 1, 'VITALSTATUS', 'VITALSTATUS', 7, 1, null, '');
INSERT INTO CLINICAL_FILE_ELEMENT(CLINICAL_FILE_ELEMENT_ID, XSD_ELEMENT_ID, TABLE_ID, TABLE_COLUMN_NAME, FILE_COLUMN_NAME, FILE_COLUMN_ORDER, CLINICAL_FILE_ID, DISEASE_ID, UNIT_COLUMN_NAME) VALUES(CLINICAL_FILE_ELEMENT_SEQ.nextval, 26, 1, 'DAYOFBIRTH', 'DAYOFBIRTH', 8, 1, null, '');
INSERT INTO CLINICAL_FILE_ELEMENT(CLINICAL_FILE_ELEMENT_ID, XSD_ELEMENT_ID, TABLE_ID, TABLE_COLUMN_NAME, FILE_COLUMN_NAME, FILE_COLUMN_ORDER, CLINICAL_FILE_ID, DISEASE_ID, UNIT_COLUMN_NAME) VALUES(CLINICAL_FILE_ELEMENT_SEQ.nextval, 73, 1, 'MONTHOFBIRTH', 'MONTHOFBIRTH', 9, 1, null, '');
INSERT INTO CLINICAL_FILE_ELEMENT(CLINICAL_FILE_ELEMENT_ID, XSD_ELEMENT_ID, TABLE_ID, TABLE_COLUMN_NAME, FILE_COLUMN_NAME, FILE_COLUMN_ORDER, CLINICAL_FILE_ID, DISEASE_ID, UNIT_COLUMN_NAME) VALUES(CLINICAL_FILE_ELEMENT_SEQ.nextval, 164, 1, 'YEAROFBIRTH', 'YEAROFBIRTH', 10, 1, null, '');
INSERT INTO CLINICAL_FILE_ELEMENT(CLINICAL_FILE_ELEMENT_ID, XSD_ELEMENT_ID, TABLE_ID, TABLE_COLUMN_NAME, FILE_COLUMN_NAME, FILE_COLUMN_ORDER, CLINICAL_FILE_ID, DISEASE_ID, UNIT_COLUMN_NAME) VALUES(CLINICAL_FILE_ELEMENT_SEQ.nextval, 29, 1, 'DAYOFDEATH', 'DAYOFDEATH', 11, 1, null, '');
INSERT INTO CLINICAL_FILE_ELEMENT(CLINICAL_FILE_ELEMENT_ID, XSD_ELEMENT_ID, TABLE_ID, TABLE_COLUMN_NAME, FILE_COLUMN_NAME, FILE_COLUMN_ORDER, CLINICAL_FILE_ID, DISEASE_ID, UNIT_COLUMN_NAME) VALUES(CLINICAL_FILE_ELEMENT_SEQ.nextval, 76, 1, 'MONTHOFDEATH', 'MONTHOFDEATH', 12, 1, null, '');
INSERT INTO CLINICAL_FILE_ELEMENT(CLINICAL_FILE_ELEMENT_ID, XSD_ELEMENT_ID, TABLE_ID, TABLE_COLUMN_NAME, FILE_COLUMN_NAME, FILE_COLUMN_ORDER, CLINICAL_FILE_ID, DISEASE_ID, UNIT_COLUMN_NAME) VALUES(CLINICAL_FILE_ELEMENT_SEQ.nextval, 167, 1, 'YEAROFDEATH', 'YEAROFDEATH', 13, 1, null, '');
INSERT INTO CLINICAL_FILE_ELEMENT(CLINICAL_FILE_ELEMENT_ID, XSD_ELEMENT_ID, TABLE_ID, TABLE_COLUMN_NAME, FILE_COLUMN_NAME, FILE_COLUMN_ORDER, CLINICAL_FILE_ID, DISEASE_ID, UNIT_COLUMN_NAME) VALUES(CLINICAL_FILE_ELEMENT_SEQ.nextval, 34, 1, 'DAYOFLASTFOLLOWUP', 'DAYOFLASTFOLLOWUP', 14, 1, null, '');
INSERT INTO CLINICAL_FILE_ELEMENT(CLINICAL_FILE_ELEMENT_ID, XSD_ELEMENT_ID, TABLE_ID, TABLE_COLUMN_NAME, FILE_COLUMN_NAME, FILE_COLUMN_ORDER, CLINICAL_FILE_ID, DISEASE_ID, UNIT_COLUMN_NAME) VALUES(CLINICAL_FILE_ELEMENT_SEQ.nextval, 81, 1, 'MONTHOFLASTFOLLOWUP', 'MONTHOFLASTFOLLOWUP', 15, 1, null, '');
INSERT INTO CLINICAL_FILE_ELEMENT(CLINICAL_FILE_ELEMENT_ID, XSD_ELEMENT_ID, TABLE_ID, TABLE_COLUMN_NAME, FILE_COLUMN_NAME, FILE_COLUMN_ORDER, CLINICAL_FILE_ID, DISEASE_ID, UNIT_COLUMN_NAME) VALUES(CLINICAL_FILE_ELEMENT_SEQ.nextval, 172, 1, 'YEAROFLASTFOLLOWUP', 'YEAROFLASTFOLLOWUP', 16, 1, null, '');
INSERT INTO CLINICAL_FILE_ELEMENT(CLINICAL_FILE_ELEMENT_ID, XSD_ELEMENT_ID, TABLE_ID, TABLE_COLUMN_NAME, FILE_COLUMN_NAME, FILE_COLUMN_ORDER, CLINICAL_FILE_ID, DISEASE_ID, UNIT_COLUMN_NAME) VALUES(CLINICAL_FILE_ELEMENT_SEQ.nextval, 122, 1, 'RACE', 'RACE', 17, 1, null, '');
INSERT INTO CLINICAL_FILE_ELEMENT(CLINICAL_FILE_ELEMENT_ID, XSD_ELEMENT_ID, TABLE_ID, TABLE_COLUMN_NAME, FILE_COLUMN_NAME, FILE_COLUMN_ORDER, CLINICAL_FILE_ID, DISEASE_ID, UNIT_COLUMN_NAME) VALUES(CLINICAL_FILE_ELEMENT_SEQ.nextval, 61, 1, 'INFORMEDCONSENTVERIFIED', 'INFORMEDCONSENTVERIFIED', 18, 1, null, '');
INSERT INTO CLINICAL_FILE_ELEMENT(CLINICAL_FILE_ELEMENT_ID, XSD_ELEMENT_ID, TABLE_ID, TABLE_COLUMN_NAME, FILE_COLUMN_NAME, FILE_COLUMN_ORDER, CLINICAL_FILE_ID, DISEASE_ID, UNIT_COLUMN_NAME) VALUES(CLINICAL_FILE_ELEMENT_SEQ.nextval, 33, 1, 'INITIALPATHOLOGICDIAGNOSISDAY', 'DAYOFINITIALPATHOLOGICDIAGNOSIS', 19, 1, null, '');
INSERT INTO CLINICAL_FILE_ELEMENT(CLINICAL_FILE_ELEMENT_ID, XSD_ELEMENT_ID, TABLE_ID, TABLE_COLUMN_NAME, FILE_COLUMN_NAME, FILE_COLUMN_ORDER, CLINICAL_FILE_ID, DISEASE_ID, UNIT_COLUMN_NAME) VALUES(CLINICAL_FILE_ELEMENT_SEQ.nextval, 80, 1, 'INITPATHOLOGICDIAGNOSISMONTH', 'MONTHOFINITIALPATHOLOGICDIAGNOSIS', 20, 1, null, '');
INSERT INTO CLINICAL_FILE_ELEMENT(CLINICAL_FILE_ELEMENT_ID, XSD_ELEMENT_ID, TABLE_ID, TABLE_COLUMN_NAME, FILE_COLUMN_NAME, FILE_COLUMN_ORDER, CLINICAL_FILE_ID, DISEASE_ID, UNIT_COLUMN_NAME) VALUES(CLINICAL_FILE_ELEMENT_SEQ.nextval, 171, 1, 'INITIALPATHOLOGICDIAGNOSISYEAR', 'YEAROFINITIALPATHOLOGICDIAGNOSIS', 21, 1, null, '');
INSERT INTO CLINICAL_FILE_ELEMENT(CLINICAL_FILE_ELEMENT_ID, XSD_ELEMENT_ID, TABLE_ID, TABLE_COLUMN_NAME, FILE_COLUMN_NAME, FILE_COLUMN_ORDER, CLINICAL_FILE_ID, DISEASE_ID, UNIT_COLUMN_NAME) VALUES(CLINICAL_FILE_ELEMENT_SEQ.nextval, 124, 1, 'RADIATIONTHERAPY', 'RADIATIONTHERAPY', 22, 1, null, '');
INSERT INTO CLINICAL_FILE_ELEMENT(CLINICAL_FILE_ELEMENT_ID, XSD_ELEMENT_ID, TABLE_ID, TABLE_COLUMN_NAME, FILE_COLUMN_NAME, FILE_COLUMN_ORDER, CLINICAL_FILE_ID, DISEASE_ID, UNIT_COLUMN_NAME) VALUES(CLINICAL_FILE_ELEMENT_SEQ.nextval, 22, 1, 'CHEMOTHERAPY', 'CHEMOTHERAPY', 23, 1, null, '');
INSERT INTO CLINICAL_FILE_ELEMENT(CLINICAL_FILE_ELEMENT_ID, XSD_ELEMENT_ID, TABLE_ID, TABLE_COLUMN_NAME, FILE_COLUMN_NAME, FILE_COLUMN_ORDER, CLINICAL_FILE_ID, DISEASE_ID, UNIT_COLUMN_NAME) VALUES(CLINICAL_FILE_ELEMENT_SEQ.nextval, 60, 1, 'IMMUNOTHERAPY', 'IMMUNOTHERAPY', 24, 1, null, '');
INSERT INTO CLINICAL_FILE_ELEMENT(CLINICAL_FILE_ELEMENT_ID, XSD_ELEMENT_ID, TABLE_ID, TABLE_COLUMN_NAME, FILE_COLUMN_NAME, FILE_COLUMN_ORDER, CLINICAL_FILE_ID, DISEASE_ID, UNIT_COLUMN_NAME) VALUES(CLINICAL_FILE_ELEMENT_SEQ.nextval, 59, 1, 'HORMONALTHERAPY', 'HORMONALTHERAPY', 25, 1, null, '');
INSERT INTO CLINICAL_FILE_ELEMENT(CLINICAL_FILE_ELEMENT_ID, XSD_ELEMENT_ID, TABLE_ID, TABLE_COLUMN_NAME, FILE_COLUMN_NAME, FILE_COLUMN_ORDER, CLINICAL_FILE_ID, DISEASE_ID, UNIT_COLUMN_NAME) VALUES(CLINICAL_FILE_ELEMENT_SEQ.nextval, 140, 1, 'TARGETEDMOLECULARTHERAPY', 'TARGETEDMOLECULARTHERAPY', 26, 1, null, '');
INSERT INTO CLINICAL_FILE_ELEMENT(CLINICAL_FILE_ELEMENT_ID, XSD_ELEMENT_ID, TABLE_ID, TABLE_COLUMN_NAME, FILE_COLUMN_NAME, FILE_COLUMN_ORDER, CLINICAL_FILE_ID, DISEASE_ID, UNIT_COLUMN_NAME) VALUES(CLINICAL_FILE_ELEMENT_SEQ.nextval, 39, 1, 'DAYOFTUMORPROGRESSION', 'DAYOFTUMORPROGRESSION', 27, 1, null, '');
INSERT INTO CLINICAL_FILE_ELEMENT(CLINICAL_FILE_ELEMENT_ID, XSD_ELEMENT_ID, TABLE_ID, TABLE_COLUMN_NAME, FILE_COLUMN_NAME, FILE_COLUMN_ORDER, CLINICAL_FILE_ID, DISEASE_ID, UNIT_COLUMN_NAME) VALUES(CLINICAL_FILE_ELEMENT_SEQ.nextval, 86, 1, 'MONTHOFTUMORPROGRESSION', 'MONTHOFTUMORPROGRESSION', 28, 1, null, '');
INSERT INTO CLINICAL_FILE_ELEMENT(CLINICAL_FILE_ELEMENT_ID, XSD_ELEMENT_ID, TABLE_ID, TABLE_COLUMN_NAME, FILE_COLUMN_NAME, FILE_COLUMN_ORDER, CLINICAL_FILE_ID, DISEASE_ID, UNIT_COLUMN_NAME) VALUES(CLINICAL_FILE_ELEMENT_SEQ.nextval, 177, 1, 'YEAROFTUMORPROGRESSION', 'YEAROFTUMORPROGRESSION', 29, 1, null, '');
INSERT INTO CLINICAL_FILE_ELEMENT(CLINICAL_FILE_ELEMENT_ID, XSD_ELEMENT_ID, TABLE_ID, TABLE_COLUMN_NAME, FILE_COLUMN_NAME, FILE_COLUMN_ORDER, CLINICAL_FILE_ID, DISEASE_ID, UNIT_COLUMN_NAME) VALUES(CLINICAL_FILE_ELEMENT_SEQ.nextval, 40, 1, 'DAYOFTUMORRECURRENCE', 'DAYOFTUMORRECURRENCE', 30, 1, null, '');
INSERT INTO CLINICAL_FILE_ELEMENT(CLINICAL_FILE_ELEMENT_ID, XSD_ELEMENT_ID, TABLE_ID, TABLE_COLUMN_NAME, FILE_COLUMN_NAME, FILE_COLUMN_ORDER, CLINICAL_FILE_ID, DISEASE_ID, UNIT_COLUMN_NAME) VALUES(CLINICAL_FILE_ELEMENT_SEQ.nextval, 87, 1, 'MONTHOFTUMORRECURRENCE', 'MONTHOFTUMORRECURRENCE', 31, 1, null, '');
INSERT INTO CLINICAL_FILE_ELEMENT(CLINICAL_FILE_ELEMENT_ID, XSD_ELEMENT_ID, TABLE_ID, TABLE_COLUMN_NAME, FILE_COLUMN_NAME, FILE_COLUMN_ORDER, CLINICAL_FILE_ID, DISEASE_ID, UNIT_COLUMN_NAME) VALUES(CLINICAL_FILE_ELEMENT_SEQ.nextval, 178, 1, 'YEAROFTUMORRECURRENCE', 'YEAROFTUMORRECURRENCE', 32, 1, null, '');
INSERT INTO CLINICAL_FILE_ELEMENT(CLINICAL_FILE_ELEMENT_ID, XSD_ELEMENT_ID, TABLE_ID, TABLE_COLUMN_NAME, FILE_COLUMN_NAME, FILE_COLUMN_ORDER, CLINICAL_FILE_ID, DISEASE_ID, UNIT_COLUMN_NAME) VALUES(CLINICAL_FILE_ELEMENT_SEQ.nextval, 139, 1, 'SITEOFTUMORFIRSTRECURRENCE', 'SITEOFTUMORFIRSTRECURRENCE', 33, 1, null, '');
INSERT INTO CLINICAL_FILE_ELEMENT(CLINICAL_FILE_ELEMENT_ID, XSD_ELEMENT_ID, TABLE_ID, TABLE_COLUMN_NAME, FILE_COLUMN_NAME, FILE_COLUMN_ORDER, CLINICAL_FILE_ID, DISEASE_ID, UNIT_COLUMN_NAME) VALUES(CLINICAL_FILE_ELEMENT_SEQ.nextval, 156, 1, 'TUMORSTAGE', 'TUMORSTAGE', 34, 1, null, '');
INSERT INTO CLINICAL_FILE_ELEMENT(CLINICAL_FILE_ELEMENT_ID, XSD_ELEMENT_ID, TABLE_ID, TABLE_COLUMN_NAME, FILE_COLUMN_NAME, FILE_COLUMN_ORDER, CLINICAL_FILE_ID, DISEASE_ID, UNIT_COLUMN_NAME) VALUES(CLINICAL_FILE_ELEMENT_SEQ.nextval, 151, 1, 'TUMORGRADE', 'TUMORGRADE', 35, 1, null, '');
INSERT INTO CLINICAL_FILE_ELEMENT(CLINICAL_FILE_ELEMENT_ID, XSD_ELEMENT_ID, TABLE_ID, TABLE_COLUMN_NAME, FILE_COLUMN_NAME, FILE_COLUMN_ORDER, CLINICAL_FILE_ID, DISEASE_ID, UNIT_COLUMN_NAME) VALUES(CLINICAL_FILE_ELEMENT_SEQ.nextval, 131, 1, 'RESIDUALTUMOR', 'RESIDUALTUMOR', 36, 1, null, '');
INSERT INTO CLINICAL_FILE_ELEMENT(CLINICAL_FILE_ELEMENT_ID, XSD_ELEMENT_ID, TABLE_ID, TABLE_COLUMN_NAME, FILE_COLUMN_NAME, FILE_COLUMN_ORDER, CLINICAL_FILE_ID, DISEASE_ID, UNIT_COLUMN_NAME) VALUES(CLINICAL_FILE_ELEMENT_SEQ.nextval, 152, 1, 'TUMORRESIDUALDISEASE', 'TUMORRESIDUALDISEASE', 37, 1, null, '');
INSERT INTO CLINICAL_FILE_ELEMENT(CLINICAL_FILE_ELEMENT_ID, XSD_ELEMENT_ID, TABLE_ID, TABLE_COLUMN_NAME, FILE_COLUMN_NAME, FILE_COLUMN_ORDER, CLINICAL_FILE_ID, DISEASE_ID, UNIT_COLUMN_NAME) VALUES(CLINICAL_FILE_ELEMENT_SEQ.nextval, 114, 1, 'PRIMARYTHERAPYOUTCOMESUCCESS', 'PRIMARYTHERAPYOUTCOMESUCCESS', 38, 1, null, '');
INSERT INTO CLINICAL_FILE_ELEMENT(CLINICAL_FILE_ELEMENT_ID, XSD_ELEMENT_ID, TABLE_ID, TABLE_COLUMN_NAME, FILE_COLUMN_NAME, FILE_COLUMN_ORDER, CLINICAL_FILE_ID, DISEASE_ID, UNIT_COLUMN_NAME) VALUES(CLINICAL_FILE_ELEMENT_SEQ.nextval, 47, 1, 'ETHNICITY', 'ETHNICITY', 39, 1, null, '');
INSERT INTO CLINICAL_FILE_ELEMENT(CLINICAL_FILE_ELEMENT_ID, XSD_ELEMENT_ID, TABLE_ID, TABLE_COLUMN_NAME, FILE_COLUMN_NAME, FILE_COLUMN_ORDER, CLINICAL_FILE_ID, DISEASE_ID, UNIT_COLUMN_NAME) VALUES(CLINICAL_FILE_ELEMENT_SEQ.nextval, 66, 1, 'JEWISHORIGIN', 'JEWISHORIGIN', 40, 1, null, '');
INSERT INTO CLINICAL_FILE_ELEMENT(CLINICAL_FILE_ELEMENT_ID, XSD_ELEMENT_ID, TABLE_ID, TABLE_COLUMN_NAME, FILE_COLUMN_NAME, FILE_COLUMN_ORDER, CLINICAL_FILE_ID, DISEASE_ID, UNIT_COLUMN_NAME) VALUES(CLINICAL_FILE_ELEMENT_SEQ.nextval, 8, 1, 'ADDITIONALRADIATIONTHERAPY', 'ADDITIONALRADIATIONTHERAPY', 41, 1, null, '');
INSERT INTO CLINICAL_FILE_ELEMENT(CLINICAL_FILE_ELEMENT_ID, XSD_ELEMENT_ID, TABLE_ID, TABLE_COLUMN_NAME, FILE_COLUMN_NAME, FILE_COLUMN_ORDER, CLINICAL_FILE_ID, DISEASE_ID, UNIT_COLUMN_NAME) VALUES(CLINICAL_FILE_ELEMENT_SEQ.nextval, 4, 1, 'ADDITIONALCHEMOTHERAPY', 'ADDITIONALCHEMOTHERAPY', 42, 1, null, '');
INSERT INTO CLINICAL_FILE_ELEMENT(CLINICAL_FILE_ELEMENT_ID, XSD_ELEMENT_ID, TABLE_ID, TABLE_COLUMN_NAME, FILE_COLUMN_NAME, FILE_COLUMN_ORDER, CLINICAL_FILE_ID, DISEASE_ID, UNIT_COLUMN_NAME) VALUES(CLINICAL_FILE_ELEMENT_SEQ.nextval, 7, 1, 'ADDITIONALIMMUNOTHERAPY', 'ADDITIONALIMMUNOTHERAPY', 43, 1, null, '');
INSERT INTO CLINICAL_FILE_ELEMENT(CLINICAL_FILE_ELEMENT_ID, XSD_ELEMENT_ID, TABLE_ID, TABLE_COLUMN_NAME, FILE_COLUMN_NAME, FILE_COLUMN_ORDER, CLINICAL_FILE_ID, DISEASE_ID, UNIT_COLUMN_NAME) VALUES(CLINICAL_FILE_ELEMENT_SEQ.nextval, 6, 1, 'ADDITIONALHORMONETHERAPY', 'ADDITIONALHORMONETHERAPY', 44, 1, null, '');
INSERT INTO CLINICAL_FILE_ELEMENT(CLINICAL_FILE_ELEMENT_ID, XSD_ELEMENT_ID, TABLE_ID, TABLE_COLUMN_NAME, FILE_COLUMN_NAME, FILE_COLUMN_ORDER, CLINICAL_FILE_ID, DISEASE_ID, UNIT_COLUMN_NAME) VALUES(CLINICAL_FILE_ELEMENT_SEQ.nextval, 5, 1, 'ADDITIONALDRUGTHERAPY', 'ADDITIONALDRUGTHERAPY', 45, 1, null, '');
INSERT INTO CLINICAL_FILE_ELEMENT(CLINICAL_FILE_ELEMENT_ID, XSD_ELEMENT_ID, TABLE_ID, TABLE_COLUMN_NAME, FILE_COLUMN_NAME, FILE_COLUMN_ORDER, CLINICAL_FILE_ID, DISEASE_ID, UNIT_COLUMN_NAME) VALUES(CLINICAL_FILE_ELEMENT_SEQ.nextval, 12, 1, 'ANATOMICORGANSUBDIVISION', 'ANATOMICORGANSUBDIVISION', 46, 1, null, '');
INSERT INTO CLINICAL_FILE_ELEMENT(CLINICAL_FILE_ELEMENT_ID, XSD_ELEMENT_ID, TABLE_ID, TABLE_COLUMN_NAME, FILE_COLUMN_NAME, FILE_COLUMN_ORDER, CLINICAL_FILE_ID, DISEASE_ID, UNIT_COLUMN_NAME) VALUES(CLINICAL_FILE_ELEMENT_SEQ.nextval, 63, 1, 'INITIALPATHDIAGNOSISMETHOD', 'INITIALPATHOLOGICDIAGNOSISMETHOD', 47, 1, null, '');
INSERT INTO CLINICAL_FILE_ELEMENT(CLINICAL_FILE_ELEMENT_ID, XSD_ELEMENT_ID, TABLE_ID, TABLE_COLUMN_NAME, FILE_COLUMN_NAME, FILE_COLUMN_ORDER, CLINICAL_FILE_ID, DISEASE_ID, UNIT_COLUMN_NAME) VALUES(CLINICAL_FILE_ELEMENT_SEQ.nextval, 111, 1, 'PERSONNEOPLASMSTATUS', 'PERSONNEOPLASMCANCERSTATUS', 48, 1, null, '');
INSERT INTO CLINICAL_FILE_ELEMENT(CLINICAL_FILE_ELEMENT_ID, XSD_ELEMENT_ID, TABLE_ID, TABLE_COLUMN_NAME, FILE_COLUMN_NAME, FILE_COLUMN_ORDER, CLINICAL_FILE_ID, DISEASE_ID, UNIT_COLUMN_NAME) VALUES(CLINICAL_FILE_ELEMENT_SEQ.nextval, 132, 1, 'REVISION', 'REVISION', 49, 1, null, '');
INSERT INTO CLINICAL_FILE_ELEMENT(CLINICAL_FILE_ELEMENT_ID, XSD_ELEMENT_ID, TABLE_ID, TABLE_COLUMN_NAME, FILE_COLUMN_NAME, FILE_COLUMN_ORDER, CLINICAL_FILE_ID, DISEASE_ID, UNIT_COLUMN_NAME) VALUES(CLINICAL_FILE_ELEMENT_SEQ.nextval, 19, 1, 'BCRSITEID', 'BCRSITEID', 50, 1, null, '');
INSERT INTO CLINICAL_FILE_ELEMENT(CLINICAL_FILE_ELEMENT_ID, XSD_ELEMENT_ID, TABLE_ID, TABLE_COLUMN_NAME, FILE_COLUMN_NAME, FILE_COLUMN_ORDER, CLINICAL_FILE_ID, DISEASE_ID, UNIT_COLUMN_NAME) VALUES(CLINICAL_FILE_ELEMENT_SEQ.nextval, 136, 2, 'SAMPLETYPE', 'SAMPLETYPE', 2, 2, null, '');
INSERT INTO CLINICAL_FILE_ELEMENT(CLINICAL_FILE_ELEMENT_ID, XSD_ELEMENT_ID, TABLE_ID, TABLE_COLUMN_NAME, FILE_COLUMN_NAME, FILE_COLUMN_ORDER, CLINICAL_FILE_ID, DISEASE_ID, UNIT_COLUMN_NAME) VALUES(CLINICAL_FILE_ELEMENT_SEQ.nextval, 69, 2, 'LONGESTDIMENSION', 'LONGESTDIMENSION', 3, 2, null, 'DIMENSIONUNIT');
INSERT INTO CLINICAL_FILE_ELEMENT(CLINICAL_FILE_ELEMENT_ID, XSD_ELEMENT_ID, TABLE_ID, TABLE_COLUMN_NAME, FILE_COLUMN_NAME, FILE_COLUMN_ORDER, CLINICAL_FILE_ID, DISEASE_ID, UNIT_COLUMN_NAME) VALUES(CLINICAL_FILE_ELEMENT_SEQ.nextval, 65, 2, 'INTERMEDIATEDIMENSION', 'INTERMEDIATEDIMENSION', 4, 2, null, 'DIMENSIONUNIT');
INSERT INTO CLINICAL_FILE_ELEMENT(CLINICAL_FILE_ELEMENT_ID, XSD_ELEMENT_ID, TABLE_ID, TABLE_COLUMN_NAME, FILE_COLUMN_NAME, FILE_COLUMN_ORDER, CLINICAL_FILE_ID, DISEASE_ID, UNIT_COLUMN_NAME) VALUES(CLINICAL_FILE_ELEMENT_SEQ.nextval, 138, 2, 'SHORTESTDIMENSION', 'SHORTESTDIMENSION', 5, 2, null, 'DIMENSIONUNIT');
INSERT INTO CLINICAL_FILE_ELEMENT(CLINICAL_FILE_ELEMENT_ID, XSD_ELEMENT_ID, TABLE_ID, TABLE_COLUMN_NAME, FILE_COLUMN_NAME, FILE_COLUMN_ORDER, CLINICAL_FILE_ID, DISEASE_ID, UNIT_COLUMN_NAME) VALUES(CLINICAL_FILE_ELEMENT_SEQ.nextval, 64, 2, 'INITIALWEIGHT', 'INITIALWEIGHT', 6, 2, null, 'WEIGHTUNIT');
INSERT INTO CLINICAL_FILE_ELEMENT(CLINICAL_FILE_ELEMENT_ID, XSD_ELEMENT_ID, TABLE_ID, TABLE_COLUMN_NAME, FILE_COLUMN_NAME, FILE_COLUMN_ORDER, CLINICAL_FILE_ID, DISEASE_ID, UNIT_COLUMN_NAME) VALUES(CLINICAL_FILE_ELEMENT_SEQ.nextval, 25, 2, 'CURRENTWEIGHT', 'CURRENTWEIGHT', 7, 2, null, 'WEIGHTUNIT');
INSERT INTO CLINICAL_FILE_ELEMENT(CLINICAL_FILE_ELEMENT_ID, XSD_ELEMENT_ID, TABLE_ID, TABLE_COLUMN_NAME, FILE_COLUMN_NAME, FILE_COLUMN_ORDER, CLINICAL_FILE_ID, DISEASE_ID, UNIT_COLUMN_NAME) VALUES(CLINICAL_FILE_ELEMENT_SEQ.nextval, 49, 2, 'FREEZINGMETHOD', 'FREEZINGMETHOD', 8, 2, null, '');
INSERT INTO CLINICAL_FILE_ELEMENT(CLINICAL_FILE_ELEMENT_ID, XSD_ELEMENT_ID, TABLE_ID, TABLE_COLUMN_NAME, FILE_COLUMN_NAME, FILE_COLUMN_ORDER, CLINICAL_FILE_ID, DISEASE_ID, UNIT_COLUMN_NAME) VALUES(CLINICAL_FILE_ELEMENT_SEQ.nextval, 95, 2, 'OCTEMBEDDED', 'OCTEMBEDDED', 9, 2, null, '');
INSERT INTO CLINICAL_FILE_ELEMENT(CLINICAL_FILE_ELEMENT_ID, XSD_ELEMENT_ID, TABLE_ID, TABLE_COLUMN_NAME, FILE_COLUMN_NAME, FILE_COLUMN_ORDER, CLINICAL_FILE_ID, DISEASE_ID, UNIT_COLUMN_NAME) VALUES(CLINICAL_FILE_ELEMENT_SEQ.nextval, 141, 2, 'TIMEBETWEENCLAMPINGANDFREEZING', 'TIMEBETWEENCLAMPINGANDFREEZING', 11, 2, null, '');
INSERT INTO CLINICAL_FILE_ELEMENT(CLINICAL_FILE_ELEMENT_ID, XSD_ELEMENT_ID, TABLE_ID, TABLE_COLUMN_NAME, FILE_COLUMN_NAME, FILE_COLUMN_ORDER, CLINICAL_FILE_ID, DISEASE_ID, UNIT_COLUMN_NAME) VALUES(CLINICAL_FILE_ELEMENT_SEQ.nextval, 142, 2, 'TIMEBETWEENEXCISIONANDFREEZING', 'TIMEBETWEENEXCISIONANDFREEZING', 12, 2, null, '');
INSERT INTO CLINICAL_FILE_ELEMENT(CLINICAL_FILE_ELEMENT_ID, XSD_ELEMENT_ID, TABLE_ID, TABLE_COLUMN_NAME, FILE_COLUMN_NAME, FILE_COLUMN_ORDER, CLINICAL_FILE_ID, DISEASE_ID, UNIT_COLUMN_NAME) VALUES(CLINICAL_FILE_ELEMENT_SEQ.nextval, 113, 16, 'PRIMARYORMETASTATICSTATUS', 'PRIMARYORMETASTATICSTATUS', 13, 2, null, '');
INSERT INTO CLINICAL_FILE_ELEMENT(CLINICAL_FILE_ELEMENT_ID, XSD_ELEMENT_ID, TABLE_ID, TABLE_COLUMN_NAME, FILE_COLUMN_NAME, FILE_COLUMN_ORDER, CLINICAL_FILE_ID, DISEASE_ID, UNIT_COLUMN_NAME) VALUES(CLINICAL_FILE_ELEMENT_SEQ.nextval, 71, 16, 'MARGINSINVOLVED', 'MARGINSINVOLVED', 14, 2, null, '');
INSERT INTO CLINICAL_FILE_ELEMENT(CLINICAL_FILE_ELEMENT_ID, XSD_ELEMENT_ID, TABLE_ID, TABLE_COLUMN_NAME, FILE_COLUMN_NAME, FILE_COLUMN_ORDER, CLINICAL_FILE_ID, DISEASE_ID, UNIT_COLUMN_NAME) VALUES(CLINICAL_FILE_ELEMENT_SEQ.nextval, 159, 16, 'VENOUSINVASION', 'VENOUSINVASION', 15, 2, null, '');
INSERT INTO CLINICAL_FILE_ELEMENT(CLINICAL_FILE_ELEMENT_ID, XSD_ELEMENT_ID, TABLE_ID, TABLE_COLUMN_NAME, FILE_COLUMN_NAME, FILE_COLUMN_ORDER, CLINICAL_FILE_ID, DISEASE_ID, UNIT_COLUMN_NAME) VALUES(CLINICAL_FILE_ELEMENT_SEQ.nextval, 70, 16, 'LYMPHATICINVASION', 'LYMPHATICINVASION', 16, 2, null, '');
INSERT INTO CLINICAL_FILE_ELEMENT(CLINICAL_FILE_ELEMENT_ID, XSD_ELEMENT_ID, TABLE_ID, TABLE_COLUMN_NAME, FILE_COLUMN_NAME, FILE_COLUMN_ORDER, CLINICAL_FILE_ID, DISEASE_ID, UNIT_COLUMN_NAME) VALUES(CLINICAL_FILE_ELEMENT_SEQ.nextval, 92, 16, 'NUMBERREGIONALLYMPHNODESEXAM', 'NUMBERREGIONALLYMPHNODESEXAM', 17, 2, null, '');
INSERT INTO CLINICAL_FILE_ELEMENT(CLINICAL_FILE_ELEMENT_ID, XSD_ELEMENT_ID, TABLE_ID, TABLE_COLUMN_NAME, FILE_COLUMN_NAME, FILE_COLUMN_ORDER, CLINICAL_FILE_ID, DISEASE_ID, UNIT_COLUMN_NAME) VALUES(CLINICAL_FILE_ELEMENT_SEQ.nextval, 93, 16, 'NUMBERREGIONALLYMPHNODESPOS', 'NUMBERREGIONALLYMPHNODESPOS', 18, 2, null, '');
INSERT INTO CLINICAL_FILE_ELEMENT(CLINICAL_FILE_ELEMENT_ID, XSD_ELEMENT_ID, TABLE_ID, TABLE_COLUMN_NAME, FILE_COLUMN_NAME, FILE_COLUMN_ORDER, CLINICAL_FILE_ID, DISEASE_ID, UNIT_COLUMN_NAME) VALUES(CLINICAL_FILE_ELEMENT_SEQ.nextval, 160, 16, 'VERIFICATIONBYBCR', 'VERIFICATIONBYBCR', 19, 2, null, '');
INSERT INTO CLINICAL_FILE_ELEMENT(CLINICAL_FILE_ELEMENT_ID, XSD_ELEMENT_ID, TABLE_ID, TABLE_COLUMN_NAME, FILE_COLUMN_NAME, FILE_COLUMN_ORDER, CLINICAL_FILE_ID, DISEASE_ID, UNIT_COLUMN_NAME) VALUES(CLINICAL_FILE_ELEMENT_SEQ.nextval, 58, 17, 'HISTOLOGICTYPE', 'HISTOLOGICTYPE', 20, 2, 1, '');
INSERT INTO CLINICAL_FILE_ELEMENT(CLINICAL_FILE_ELEMENT_ID, XSD_ELEMENT_ID, TABLE_ID, TABLE_COLUMN_NAME, FILE_COLUMN_NAME, FILE_COLUMN_ORDER, CLINICAL_FILE_ID, DISEASE_ID, UNIT_COLUMN_NAME) VALUES(CLINICAL_FILE_ELEMENT_SEQ.nextval, 153, 17, 'TUMORSAMPLEANATOMICLOCATION', 'TUMORSAMPLEANATOMICLOCATION', 21, 2, 1, '');
INSERT INTO CLINICAL_FILE_ELEMENT(CLINICAL_FILE_ELEMENT_ID, XSD_ELEMENT_ID, TABLE_ID, TABLE_COLUMN_NAME, FILE_COLUMN_NAME, FILE_COLUMN_ORDER, CLINICAL_FILE_ID, DISEASE_ID, UNIT_COLUMN_NAME) VALUES(CLINICAL_FILE_ELEMENT_SEQ.nextval, 153, 18, 'TUMORSAMPLEANATOMICLOCATION', 'TUMORSAMPLEANATOMICLOCATION', 21, 2, 3, '');
INSERT INTO CLINICAL_FILE_ELEMENT(CLINICAL_FILE_ELEMENT_ID, XSD_ELEMENT_ID, TABLE_ID, TABLE_COLUMN_NAME, FILE_COLUMN_NAME, FILE_COLUMN_ORDER, CLINICAL_FILE_ID, DISEASE_ID, UNIT_COLUMN_NAME) VALUES(CLINICAL_FILE_ELEMENT_SEQ.nextval, 153, 19, 'TUMORSAMPLEANATOMICLOCATION', 'TUMORSAMPLEANATOMICLOCATION', 21, 2, 2, '');
INSERT INTO CLINICAL_FILE_ELEMENT(CLINICAL_FILE_ELEMENT_ID, XSD_ELEMENT_ID, TABLE_ID, TABLE_COLUMN_NAME, FILE_COLUMN_NAME, FILE_COLUMN_ORDER, CLINICAL_FILE_ID, DISEASE_ID, UNIT_COLUMN_NAME) VALUES(CLINICAL_FILE_ELEMENT_SEQ.nextval, 27, 2, 'DATEOFCOLLECTION', 'DATEOFCOLLECTION', 22, 2, null, '');
INSERT INTO CLINICAL_FILE_ELEMENT(CLINICAL_FILE_ELEMENT_ID, XSD_ELEMENT_ID, TABLE_ID, TABLE_COLUMN_NAME, FILE_COLUMN_NAME, FILE_COLUMN_ORDER, CLINICAL_FILE_ID, DISEASE_ID, UNIT_COLUMN_NAME) VALUES(CLINICAL_FILE_ELEMENT_SEQ.nextval, 55, 17, 'HISTOLOGICNUCLEARGRADE', 'HISTOLOGICNUCLEARGRADE', 23, 2, 1, '');
INSERT INTO CLINICAL_FILE_ELEMENT(CLINICAL_FILE_ELEMENT_ID, XSD_ELEMENT_ID, TABLE_ID, TABLE_COLUMN_NAME, FILE_COLUMN_NAME, FILE_COLUMN_ORDER, CLINICAL_FILE_ID, DISEASE_ID, UNIT_COLUMN_NAME) VALUES(CLINICAL_FILE_ELEMENT_SEQ.nextval, 55, 18, 'HISTOLOGICNUCLEARGRADE', 'HISTOLOGICNUCLEARGRADE', 23, 2, 3, '');
INSERT INTO CLINICAL_FILE_ELEMENT(CLINICAL_FILE_ELEMENT_ID, XSD_ELEMENT_ID, TABLE_ID, TABLE_COLUMN_NAME, FILE_COLUMN_NAME, FILE_COLUMN_ORDER, CLINICAL_FILE_ID, DISEASE_ID, UNIT_COLUMN_NAME) VALUES(CLINICAL_FILE_ELEMENT_SEQ.nextval, 55, 19, 'HISTOLOGICNUCLEARGRADE', 'HISTOLOGICNUCLEARGRADE', 23, 2, 2, '');
INSERT INTO CLINICAL_FILE_ELEMENT(CLINICAL_FILE_ELEMENT_ID, XSD_ELEMENT_ID, TABLE_ID, TABLE_COLUMN_NAME, FILE_COLUMN_NAME, FILE_COLUMN_ORDER, CLINICAL_FILE_ID, DISEASE_ID, UNIT_COLUMN_NAME) VALUES(CLINICAL_FILE_ELEMENT_SEQ.nextval, 51, 17, 'GEMISTOCYTESPRESENT', 'GEMISTOCYTESPRESENT', 24, 2, 1, '');
INSERT INTO CLINICAL_FILE_ELEMENT(CLINICAL_FILE_ELEMENT_ID, XSD_ELEMENT_ID, TABLE_ID, TABLE_COLUMN_NAME, FILE_COLUMN_NAME, FILE_COLUMN_ORDER, CLINICAL_FILE_ID, DISEASE_ID, UNIT_COLUMN_NAME) VALUES(CLINICAL_FILE_ELEMENT_SEQ.nextval, 147, 18, 'TNMPATHOLOGYSTAGEGROUPING', 'TNMPATHOLOGYSTAGEGROUPING', 24, 2, 3, '');
INSERT INTO CLINICAL_FILE_ELEMENT(CLINICAL_FILE_ELEMENT_ID, XSD_ELEMENT_ID, TABLE_ID, TABLE_COLUMN_NAME, FILE_COLUMN_NAME, FILE_COLUMN_ORDER, CLINICAL_FILE_ID, DISEASE_ID, UNIT_COLUMN_NAME) VALUES(CLINICAL_FILE_ELEMENT_SEQ.nextval, 147, 19, 'TNMPATHOLOGYSTAGEGROUPING', 'TNMPATHOLOGYSTAGEGROUPING', 24, 2, 2, '');
INSERT INTO CLINICAL_FILE_ELEMENT(CLINICAL_FILE_ELEMENT_ID, XSD_ELEMENT_ID, TABLE_ID, TABLE_COLUMN_NAME, FILE_COLUMN_NAME, FILE_COLUMN_ORDER, CLINICAL_FILE_ID, DISEASE_ID, UNIT_COLUMN_NAME) VALUES(CLINICAL_FILE_ELEMENT_SEQ.nextval, 96, 17, 'OLIGODENDROGLIALCOMPONENT', 'OLIGODENDROGLIALCOMPONENT', 25, 2, 1, '');
INSERT INTO CLINICAL_FILE_ELEMENT(CLINICAL_FILE_ELEMENT_ID, XSD_ELEMENT_ID, TABLE_ID, TABLE_COLUMN_NAME, FILE_COLUMN_NAME, FILE_COLUMN_ORDER, CLINICAL_FILE_ID, DISEASE_ID, UNIT_COLUMN_NAME) VALUES(CLINICAL_FILE_ELEMENT_SEQ.nextval, 149, 18, 'TNMPATHOLOGYTUMORSTATUS', 'TNMPATHOLOGYTUMORSTATUS', 25, 2, 3, '');
INSERT INTO CLINICAL_FILE_ELEMENT(CLINICAL_FILE_ELEMENT_ID, XSD_ELEMENT_ID, TABLE_ID, TABLE_COLUMN_NAME, FILE_COLUMN_NAME, FILE_COLUMN_ORDER, CLINICAL_FILE_ID, DISEASE_ID, UNIT_COLUMN_NAME) VALUES(CLINICAL_FILE_ELEMENT_SEQ.nextval, 149, 19, 'TNMPATHOLOGYTUMORSTATUS', 'TNMPATHOLOGYTUMORSTATUS', 25, 2, 2, '');
INSERT INTO CLINICAL_FILE_ELEMENT(CLINICAL_FILE_ELEMENT_ID, XSD_ELEMENT_ID, TABLE_ID, TABLE_COLUMN_NAME, FILE_COLUMN_NAME, FILE_COLUMN_ORDER, CLINICAL_FILE_ID, DISEASE_ID, UNIT_COLUMN_NAME) VALUES(CLINICAL_FILE_ELEMENT_SEQ.nextval, 68, 17, 'LEPTOMENINGEALINVOLEMENT', 'LEPTOMENINGEALINVOLEMENT', 26, 2, 1, '');
INSERT INTO CLINICAL_FILE_ELEMENT(CLINICAL_FILE_ELEMENT_ID, XSD_ELEMENT_ID, TABLE_ID, TABLE_COLUMN_NAME, FILE_COLUMN_NAME, FILE_COLUMN_ORDER, CLINICAL_FILE_ID, DISEASE_ID, UNIT_COLUMN_NAME) VALUES(CLINICAL_FILE_ELEMENT_SEQ.nextval, 143, 18, 'TNMPATHOLOGYLYMPHNODESTATUS', 'TNMPATHOLOGYLYMPHNODESTATUS', 26, 2, 3, '');
INSERT INTO CLINICAL_FILE_ELEMENT(CLINICAL_FILE_ELEMENT_ID, XSD_ELEMENT_ID, TABLE_ID, TABLE_COLUMN_NAME, FILE_COLUMN_NAME, FILE_COLUMN_ORDER, CLINICAL_FILE_ID, DISEASE_ID, UNIT_COLUMN_NAME) VALUES(CLINICAL_FILE_ELEMENT_SEQ.nextval, 143, 19, 'TNMPATHOLOGYLYMPHNODESTATUS', 'TNMPATHOLOGYLYMPHNODESTATUS', 26, 2, 2, '');
INSERT INTO CLINICAL_FILE_ELEMENT(CLINICAL_FILE_ELEMENT_ID, XSD_ELEMENT_ID, TABLE_ID, TABLE_COLUMN_NAME, FILE_COLUMN_NAME, FILE_COLUMN_ORDER, CLINICAL_FILE_ID, DISEASE_ID, UNIT_COLUMN_NAME) VALUES(CLINICAL_FILE_ELEMENT_SEQ.nextval, 53, 17, 'GFAP_POSITIVE', 'GFAP_POSITIVE', 27, 2, 1, '');
INSERT INTO CLINICAL_FILE_ELEMENT(CLINICAL_FILE_ELEMENT_ID, XSD_ELEMENT_ID, TABLE_ID, TABLE_COLUMN_NAME, FILE_COLUMN_NAME, FILE_COLUMN_ORDER, CLINICAL_FILE_ID, DISEASE_ID, UNIT_COLUMN_NAME) VALUES(CLINICAL_FILE_ELEMENT_SEQ.nextval, 145, 18, 'TNMPATHOLOGYMETASTATICSTATUS', 'TNMPATHOLOGYMETASTATICSTATUS', 27, 2, 3, '');
INSERT INTO CLINICAL_FILE_ELEMENT(CLINICAL_FILE_ELEMENT_ID, XSD_ELEMENT_ID, TABLE_ID, TABLE_COLUMN_NAME, FILE_COLUMN_NAME, FILE_COLUMN_ORDER, CLINICAL_FILE_ID, DISEASE_ID, UNIT_COLUMN_NAME) VALUES(CLINICAL_FILE_ELEMENT_SEQ.nextval, 145, 19, 'TNMPATHOLOGYMETASTATICSTATUS', 'TNMPATHOLOGYMETASTATICSTATUS', 27, 2, 2, '');
INSERT INTO CLINICAL_FILE_ELEMENT(CLINICAL_FILE_ELEMENT_ID, XSD_ELEMENT_ID, TABLE_ID, TABLE_COLUMN_NAME, FILE_COLUMN_NAME, FILE_COLUMN_ORDER, CLINICAL_FILE_ID, DISEASE_ID, UNIT_COLUMN_NAME) VALUES(CLINICAL_FILE_ELEMENT_SEQ.nextval, 72, 17, 'MIB1_POSITIVE', 'MIB1_POSITIVE', 28, 2, 1, '');
INSERT INTO CLINICAL_FILE_ELEMENT(CLINICAL_FILE_ELEMENT_ID, XSD_ELEMENT_ID, TABLE_ID, TABLE_COLUMN_NAME, FILE_COLUMN_NAME, FILE_COLUMN_ORDER, CLINICAL_FILE_ID, DISEASE_ID, UNIT_COLUMN_NAME) VALUES(CLINICAL_FILE_ELEMENT_SEQ.nextval, 17, 3, 'BCRPORTIONBARCODE', 'BCRPORTIONBARCODE', 1, 3, null, '');
INSERT INTO CLINICAL_FILE_ELEMENT(CLINICAL_FILE_ELEMENT_ID, XSD_ELEMENT_ID, TABLE_ID, TABLE_COLUMN_NAME, FILE_COLUMN_NAME, FILE_COLUMN_ORDER, CLINICAL_FILE_ID, DISEASE_ID, UNIT_COLUMN_NAME) VALUES(CLINICAL_FILE_ELEMENT_SEQ.nextval, 28, 3, 'DATECREATED', 'DATECREATED', 2, 3, null, '');
INSERT INTO CLINICAL_FILE_ELEMENT(CLINICAL_FILE_ELEMENT_ID, XSD_ELEMENT_ID, TABLE_ID, TABLE_COLUMN_NAME, FILE_COLUMN_NAME, FILE_COLUMN_ORDER, CLINICAL_FILE_ID, DISEASE_ID, UNIT_COLUMN_NAME) VALUES(CLINICAL_FILE_ELEMENT_SEQ.nextval, 162, 3, 'WEIGHT', 'WEIGHT', 3, 3, null, 'WEIGHTUNIT');
INSERT INTO CLINICAL_FILE_ELEMENT(CLINICAL_FILE_ELEMENT_ID, XSD_ELEMENT_ID, TABLE_ID, TABLE_COLUMN_NAME, FILE_COLUMN_NAME, FILE_COLUMN_ORDER, CLINICAL_FILE_ID, DISEASE_ID, UNIT_COLUMN_NAME) VALUES(CLINICAL_FILE_ELEMENT_SEQ.nextval, 15, 4, 'BCRANALYTEBARCODE', 'BCRANALYTEBARCODE', 1, 4, null, '');
INSERT INTO CLINICAL_FILE_ELEMENT(CLINICAL_FILE_ELEMENT_ID, XSD_ELEMENT_ID, TABLE_ID, TABLE_COLUMN_NAME, FILE_COLUMN_NAME, FILE_COLUMN_ORDER, CLINICAL_FILE_ID, DISEASE_ID, UNIT_COLUMN_NAME) VALUES(CLINICAL_FILE_ELEMENT_SEQ.nextval, 11, 4, 'TYPE', 'ANALYTETYPE', 2, 4, null, '');
INSERT INTO CLINICAL_FILE_ELEMENT(CLINICAL_FILE_ELEMENT_ID, XSD_ELEMENT_ID, TABLE_ID, TABLE_COLUMN_NAME, FILE_COLUMN_NAME, FILE_COLUMN_ORDER, CLINICAL_FILE_ID, DISEASE_ID, UNIT_COLUMN_NAME) VALUES(CLINICAL_FILE_ELEMENT_SEQ.nextval, 24, 4, 'CONCENTRATION', 'CONCENTRATION', 3, 4, null, 'CONCENTRATIONUNIT');
INSERT INTO CLINICAL_FILE_ELEMENT(CLINICAL_FILE_ELEMENT_ID, XSD_ELEMENT_ID, TABLE_ID, TABLE_COLUMN_NAME, FILE_COLUMN_NAME, FILE_COLUMN_ORDER, CLINICAL_FILE_ID, DISEASE_ID, UNIT_COLUMN_NAME) VALUES(CLINICAL_FILE_ELEMENT_SEQ.nextval, 9, 4, 'AMOUNT', 'AMOUNT', 4, 4, null, 'AMOUNTUNIT');
INSERT INTO CLINICAL_FILE_ELEMENT(CLINICAL_FILE_ELEMENT_ID, XSD_ELEMENT_ID, TABLE_ID, TABLE_COLUMN_NAME, FILE_COLUMN_NAME, FILE_COLUMN_ORDER, CLINICAL_FILE_ID, DISEASE_ID, UNIT_COLUMN_NAME) VALUES(CLINICAL_FILE_ELEMENT_SEQ.nextval, 3, 4, 'A260A280RATIO', 'A260A280RATIO', 5, 4, null, '');
INSERT INTO CLINICAL_FILE_ELEMENT(CLINICAL_FILE_ELEMENT_ID, XSD_ELEMENT_ID, TABLE_ID, TABLE_COLUMN_NAME, FILE_COLUMN_NAME, FILE_COLUMN_ORDER, CLINICAL_FILE_ID, DISEASE_ID, UNIT_COLUMN_NAME) VALUES(CLINICAL_FILE_ELEMENT_SEQ.nextval, 50, 4, 'GELIMAGEFILE', 'GELIMAGEFILE', 6, 4, null, '');
INSERT INTO CLINICAL_FILE_ELEMENT(CLINICAL_FILE_ELEMENT_ID, XSD_ELEMENT_ID, TABLE_ID, TABLE_COLUMN_NAME, FILE_COLUMN_NAME, FILE_COLUMN_ORDER, CLINICAL_FILE_ID, DISEASE_ID, UNIT_COLUMN_NAME) VALUES(CLINICAL_FILE_ELEMENT_SEQ.nextval, 163, 4, 'WELLNUMBER', 'WELLNUMBER', 7, 4, null, '');
INSERT INTO CLINICAL_FILE_ELEMENT(CLINICAL_FILE_ELEMENT_ID, XSD_ELEMENT_ID, TABLE_ID, TABLE_COLUMN_NAME, FILE_COLUMN_NAME, FILE_COLUMN_ORDER, CLINICAL_FILE_ID, DISEASE_ID, UNIT_COLUMN_NAME) VALUES(CLINICAL_FILE_ELEMENT_SEQ.nextval, 88, 7, 'NORMALTUMORGENOTYPEMATCH', 'NORMALTUMORGENOTYPEMATCH', 8, 4, null, '');
INSERT INTO CLINICAL_FILE_ELEMENT(CLINICAL_FILE_ELEMENT_ID, XSD_ELEMENT_ID, TABLE_ID, TABLE_COLUMN_NAME, FILE_COLUMN_NAME, FILE_COLUMN_ORDER, CLINICAL_FILE_ID, DISEASE_ID, UNIT_COLUMN_NAME) VALUES(CLINICAL_FILE_ELEMENT_SEQ.nextval, 98, 7, 'PCRAMPLIFICATIONSUCCESSFUL', 'PCRAMPLIFICATIONSUCCESSFUL', 9, 4, null, '');
INSERT INTO CLINICAL_FILE_ELEMENT(CLINICAL_FILE_ELEMENT_ID, XSD_ELEMENT_ID, TABLE_ID, TABLE_COLUMN_NAME, FILE_COLUMN_NAME, FILE_COLUMN_ORDER, CLINICAL_FILE_ID, DISEASE_ID, UNIT_COLUMN_NAME) VALUES(CLINICAL_FILE_ELEMENT_SEQ.nextval, 128, 8, 'RATIO28S18S', 'RATIO28S18S', 10, 4, null, '');
INSERT INTO CLINICAL_FILE_ELEMENT(CLINICAL_FILE_ELEMENT_ID, XSD_ELEMENT_ID, TABLE_ID, TABLE_COLUMN_NAME, FILE_COLUMN_NAME, FILE_COLUMN_ORDER, CLINICAL_FILE_ID, DISEASE_ID, UNIT_COLUMN_NAME) VALUES(CLINICAL_FILE_ELEMENT_SEQ.nextval, 133, 8, 'RINVALUE', 'RINVALUE', 11, 4, null, '');
INSERT INTO CLINICAL_FILE_ELEMENT(CLINICAL_FILE_ELEMENT_ID, XSD_ELEMENT_ID, TABLE_ID, TABLE_COLUMN_NAME, FILE_COLUMN_NAME, FILE_COLUMN_ORDER, CLINICAL_FILE_ID, DISEASE_ID, UNIT_COLUMN_NAME) VALUES(CLINICAL_FILE_ELEMENT_SEQ.nextval, 14, 5, 'BCRALIQUOTBARCODE', 'BCRALIQUOTBARCODE', 1, 5, null, '');
INSERT INTO CLINICAL_FILE_ELEMENT(CLINICAL_FILE_ELEMENT_ID, XSD_ELEMENT_ID, TABLE_ID, TABLE_COLUMN_NAME, FILE_COLUMN_NAME, FILE_COLUMN_ORDER, CLINICAL_FILE_ID, DISEASE_ID, UNIT_COLUMN_NAME) VALUES(CLINICAL_FILE_ELEMENT_SEQ.nextval, 9, 5, 'AMOUNT', 'AMOUNT', 2, 5, null, 'AMOUNTUNIT');
INSERT INTO CLINICAL_FILE_ELEMENT(CLINICAL_FILE_ELEMENT_ID, XSD_ELEMENT_ID, TABLE_ID, TABLE_COLUMN_NAME, FILE_COLUMN_NAME, FILE_COLUMN_ORDER, CLINICAL_FILE_ID, DISEASE_ID, UNIT_COLUMN_NAME) VALUES(CLINICAL_FILE_ELEMENT_SEQ.nextval, 38, 5, 'SHIPPINGDATE', 'SHIPPINGDATE', 3, 5, null, '');
INSERT INTO CLINICAL_FILE_ELEMENT(CLINICAL_FILE_ELEMENT_ID, XSD_ELEMENT_ID, TABLE_ID, TABLE_COLUMN_NAME, FILE_COLUMN_NAME, FILE_COLUMN_ORDER, CLINICAL_FILE_ID, DISEASE_ID, UNIT_COLUMN_NAME) VALUES(CLINICAL_FILE_ELEMENT_SEQ.nextval, 23, 5, 'CONCENTRATION', 'CONCENTRATION', 4, 5, null, 'CONCENTRATIONUNIT');
INSERT INTO CLINICAL_FILE_ELEMENT(CLINICAL_FILE_ELEMENT_ID, XSD_ELEMENT_ID, TABLE_ID, TABLE_COLUMN_NAME, FILE_COLUMN_NAME, FILE_COLUMN_ORDER, CLINICAL_FILE_ID, DISEASE_ID, UNIT_COLUMN_NAME) VALUES(CLINICAL_FILE_ELEMENT_SEQ.nextval, 14, 5, 'BCRALIQUOTBARCODE', 'BCRALIQUOTBARCODE', 1, 6, null, '');
INSERT INTO CLINICAL_FILE_ELEMENT(CLINICAL_FILE_ELEMENT_ID, XSD_ELEMENT_ID, TABLE_ID, TABLE_COLUMN_NAME, FILE_COLUMN_NAME, FILE_COLUMN_ORDER, CLINICAL_FILE_ID, DISEASE_ID, UNIT_COLUMN_NAME) VALUES(CLINICAL_FILE_ELEMENT_SEQ.nextval, 48, 6, 'EXPERIMENTALPROTOCOLTYPE', 'EXPERIMENTALPROTOCOLTYPE', 2, 6, null, '');
INSERT INTO CLINICAL_FILE_ELEMENT(CLINICAL_FILE_ELEMENT_ID, XSD_ELEMENT_ID, TABLE_ID, TABLE_COLUMN_NAME, FILE_COLUMN_NAME, FILE_COLUMN_ORDER, CLINICAL_FILE_ID, DISEASE_ID, UNIT_COLUMN_NAME) VALUES(CLINICAL_FILE_ELEMENT_SEQ.nextval, 121, 6, 'PROTOCOLNAME', 'PROTOCOLNAME', 3, 6, null, '');
INSERT INTO CLINICAL_FILE_ELEMENT(CLINICAL_FILE_ELEMENT_ID, XSD_ELEMENT_ID, TABLE_ID, TABLE_COLUMN_NAME, FILE_COLUMN_NAME, FILE_COLUMN_ORDER, CLINICAL_FILE_ID, DISEASE_ID, UNIT_COLUMN_NAME) VALUES(CLINICAL_FILE_ELEMENT_SEQ.nextval, 120, 6, 'PROTOCOLFILENAME', 'PROTOCOLFILENAME', 4, 6, null, '');
INSERT INTO CLINICAL_FILE_ELEMENT(CLINICAL_FILE_ELEMENT_ID, XSD_ELEMENT_ID, TABLE_ID, TABLE_COLUMN_NAME, FILE_COLUMN_NAME, FILE_COLUMN_ORDER, CLINICAL_FILE_ID, DISEASE_ID, UNIT_COLUMN_NAME) VALUES(CLINICAL_FILE_ELEMENT_SEQ.nextval, 20, 10, 'BCRSLIDEBARCODE', 'BCRSLIDEBARCODE', 1, 7, null, '');
INSERT INTO CLINICAL_FILE_ELEMENT(CLINICAL_FILE_ELEMENT_ID, XSD_ELEMENT_ID, TABLE_ID, TABLE_COLUMN_NAME, FILE_COLUMN_NAME, FILE_COLUMN_ORDER, CLINICAL_FILE_ID, DISEASE_ID, UNIT_COLUMN_NAME) VALUES(CLINICAL_FILE_ELEMENT_SEQ.nextval, 137, 9, 'SECTIONLOCATION', 'SECTIONLOCATION', 2, 7, null, '');
INSERT INTO CLINICAL_FILE_ELEMENT(CLINICAL_FILE_ELEMENT_ID, XSD_ELEMENT_ID, TABLE_ID, TABLE_COLUMN_NAME, FILE_COLUMN_NAME, FILE_COLUMN_ORDER, CLINICAL_FILE_ID, DISEASE_ID, UNIT_COLUMN_NAME) VALUES(CLINICAL_FILE_ELEMENT_SEQ.nextval, 91, 10, 'NUMBERPROLIFERATINGCELLS', 'NUMBERPROLIFERATINGCELLS', 3, 7, null, '');
INSERT INTO CLINICAL_FILE_ELEMENT(CLINICAL_FILE_ELEMENT_ID, XSD_ELEMENT_ID, TABLE_ID, TABLE_COLUMN_NAME, FILE_COLUMN_NAME, FILE_COLUMN_ORDER, CLINICAL_FILE_ID, DISEASE_ID, UNIT_COLUMN_NAME) VALUES(CLINICAL_FILE_ELEMENT_SEQ.nextval, 108, 10, 'PERCENTTUMORCELLS', 'PERCENTTUMORCELLS', 4, 7, null, '');
INSERT INTO CLINICAL_FILE_ELEMENT(CLINICAL_FILE_ELEMENT_ID, XSD_ELEMENT_ID, TABLE_ID, TABLE_COLUMN_NAME, FILE_COLUMN_NAME, FILE_COLUMN_ORDER, CLINICAL_FILE_ID, DISEASE_ID, UNIT_COLUMN_NAME) VALUES(CLINICAL_FILE_ELEMENT_SEQ.nextval, 109, 10, 'PERCENTTUMORNUCLEI', 'PERCENTTUMORNUCLEI', 5, 7, null, '');
INSERT INTO CLINICAL_FILE_ELEMENT(CLINICAL_FILE_ELEMENT_ID, XSD_ELEMENT_ID, TABLE_ID, TABLE_COLUMN_NAME, FILE_COLUMN_NAME, FILE_COLUMN_ORDER, CLINICAL_FILE_ID, DISEASE_ID, UNIT_COLUMN_NAME) VALUES(CLINICAL_FILE_ELEMENT_SEQ.nextval, 106, 10, 'PERCENTNORMALCELLS', 'PERCENTNORMALCELLS', 6, 7, null, '');
INSERT INTO CLINICAL_FILE_ELEMENT(CLINICAL_FILE_ELEMENT_ID, XSD_ELEMENT_ID, TABLE_ID, TABLE_COLUMN_NAME, FILE_COLUMN_NAME, FILE_COLUMN_ORDER, CLINICAL_FILE_ID, DISEASE_ID, UNIT_COLUMN_NAME) VALUES(CLINICAL_FILE_ELEMENT_SEQ.nextval, 104, 10, 'PERCENTNECROSIS', 'PERCENTNECROSIS', 7, 7, null, '');
INSERT INTO CLINICAL_FILE_ELEMENT(CLINICAL_FILE_ELEMENT_ID, XSD_ELEMENT_ID, TABLE_ID, TABLE_COLUMN_NAME, FILE_COLUMN_NAME, FILE_COLUMN_ORDER, CLINICAL_FILE_ID, DISEASE_ID, UNIT_COLUMN_NAME) VALUES(CLINICAL_FILE_ELEMENT_SEQ.nextval, 107, 10, 'PERCENTSTROMALCELLS', 'PERCENTSTROMALCELLS', 8, 7, null, '');
INSERT INTO CLINICAL_FILE_ELEMENT(CLINICAL_FILE_ELEMENT_ID, XSD_ELEMENT_ID, TABLE_ID, TABLE_COLUMN_NAME, FILE_COLUMN_NAME, FILE_COLUMN_ORDER, CLINICAL_FILE_ID, DISEASE_ID, UNIT_COLUMN_NAME) VALUES(CLINICAL_FILE_ELEMENT_SEQ.nextval, 101, 10, 'PERCENTINFLAMINFILTRATION', 'PERCENTINFLAMINFILTRATION', 9, 7, null, '');
INSERT INTO CLINICAL_FILE_ELEMENT(CLINICAL_FILE_ELEMENT_ID, XSD_ELEMENT_ID, TABLE_ID, TABLE_COLUMN_NAME, FILE_COLUMN_NAME, FILE_COLUMN_ORDER, CLINICAL_FILE_ID, DISEASE_ID, UNIT_COLUMN_NAME) VALUES(CLINICAL_FILE_ELEMENT_SEQ.nextval, 102, 10, 'PERCENTLYMPHOCYTEINFILTRATION', 'PERCENTLYMPHOCYTEINFILTRATION', 10, 7, null, '');
INSERT INTO CLINICAL_FILE_ELEMENT(CLINICAL_FILE_ELEMENT_ID, XSD_ELEMENT_ID, TABLE_ID, TABLE_COLUMN_NAME, FILE_COLUMN_NAME, FILE_COLUMN_ORDER, CLINICAL_FILE_ID, DISEASE_ID, UNIT_COLUMN_NAME) VALUES(CLINICAL_FILE_ELEMENT_SEQ.nextval, 103, 10, 'PERCENTMONOCYTEINFILTRATION', 'PERCENTMONOCYTEINFILTRATION', 11, 7, null, '');
INSERT INTO CLINICAL_FILE_ELEMENT(CLINICAL_FILE_ELEMENT_ID, XSD_ELEMENT_ID, TABLE_ID, TABLE_COLUMN_NAME, FILE_COLUMN_NAME, FILE_COLUMN_ORDER, CLINICAL_FILE_ID, DISEASE_ID, UNIT_COLUMN_NAME) VALUES(CLINICAL_FILE_ELEMENT_SEQ.nextval, 100, 10, 'PERCENTGRANULOCYTEINFILTRATION', 'PERCENTGRANULOCYTEINFILTRATION', 12, 7, null, '');
INSERT INTO CLINICAL_FILE_ELEMENT(CLINICAL_FILE_ELEMENT_ID, XSD_ELEMENT_ID, TABLE_ID, TABLE_COLUMN_NAME, FILE_COLUMN_NAME, FILE_COLUMN_ORDER, CLINICAL_FILE_ID, DISEASE_ID, UNIT_COLUMN_NAME) VALUES(CLINICAL_FILE_ELEMENT_SEQ.nextval, 105, 10, 'PERCENTNEUTROPHILINFILTRATION', 'PERCENTNEUTROPHILINFILTRATION', 13, 7, null, '');
INSERT INTO CLINICAL_FILE_ELEMENT(CLINICAL_FILE_ELEMENT_ID, XSD_ELEMENT_ID, TABLE_ID, TABLE_COLUMN_NAME, FILE_COLUMN_NAME, FILE_COLUMN_ORDER, CLINICAL_FILE_ID, DISEASE_ID, UNIT_COLUMN_NAME) VALUES(CLINICAL_FILE_ELEMENT_SEQ.nextval, 99, 10, 'PERCENTEOSINOPHILINFILTRATION', 'PERCENTEOSINOPHILINFILTRATION', 14, 7, null, '');
INSERT INTO CLINICAL_FILE_ELEMENT(CLINICAL_FILE_ELEMENT_ID, XSD_ELEMENT_ID, TABLE_ID, TABLE_COLUMN_NAME, FILE_COLUMN_NAME, FILE_COLUMN_ORDER, CLINICAL_FILE_ID, DISEASE_ID, UNIT_COLUMN_NAME) VALUES(CLINICAL_FILE_ELEMENT_SEQ.nextval, 46, 11, 'ENDOTHELIALPROLIFERATION', 'ENDOTHELIALPROLIFERATION', 15, 7, 1, '');
INSERT INTO CLINICAL_FILE_ELEMENT(CLINICAL_FILE_ELEMENT_ID, XSD_ELEMENT_ID, TABLE_ID, TABLE_COLUMN_NAME, FILE_COLUMN_NAME, FILE_COLUMN_ORDER, CLINICAL_FILE_ID, DISEASE_ID, UNIT_COLUMN_NAME) VALUES(CLINICAL_FILE_ELEMENT_SEQ.nextval, 89, 11, 'NUCLEARPLEOMORPHISM', 'NUCLEARPLEOMORPHISM', 16, 7, 1, '');
INSERT INTO CLINICAL_FILE_ELEMENT(CLINICAL_FILE_ELEMENT_ID, XSD_ELEMENT_ID, TABLE_ID, TABLE_COLUMN_NAME, FILE_COLUMN_NAME, FILE_COLUMN_ORDER, CLINICAL_FILE_ID, DISEASE_ID, UNIT_COLUMN_NAME) VALUES(CLINICAL_FILE_ELEMENT_SEQ.nextval, 97, 11, 'PALISADINGNECROSIS', 'PALISADINGNECROSIS', 17, 7, 1, '');
INSERT INTO CLINICAL_FILE_ELEMENT(CLINICAL_FILE_ELEMENT_ID, XSD_ELEMENT_ID, TABLE_ID, TABLE_COLUMN_NAME, FILE_COLUMN_NAME, FILE_COLUMN_ORDER, CLINICAL_FILE_ID, DISEASE_ID, UNIT_COLUMN_NAME) VALUES(CLINICAL_FILE_ELEMENT_SEQ.nextval, 21, 11, 'CELLULARITY', 'CELLULARITY', 18, 7, 1, '');
INSERT INTO CLINICAL_FILE_ELEMENT(CLINICAL_FILE_ELEMENT_ID, XSD_ELEMENT_ID, TABLE_ID, TABLE_COLUMN_NAME, FILE_COLUMN_NAME, FILE_COLUMN_ORDER, CLINICAL_FILE_ID, DISEASE_ID, UNIT_COLUMN_NAME) VALUES(CLINICAL_FILE_ELEMENT_SEQ.nextval, 42, 15, 'DRUGCATEGORY', 'DRUGCATEGORY', 1, 10, null, '');
INSERT INTO CLINICAL_FILE_ELEMENT(CLINICAL_FILE_ELEMENT_ID, XSD_ELEMENT_ID, TABLE_ID, TABLE_COLUMN_NAME, FILE_COLUMN_NAME, FILE_COLUMN_ORDER, CLINICAL_FILE_ID, DISEASE_ID, UNIT_COLUMN_NAME) VALUES(CLINICAL_FILE_ELEMENT_SEQ.nextval, 43, 15, 'DRUGDOSAGE', 'DRUGDOSAGE', 2, 10, null, '');
INSERT INTO CLINICAL_FILE_ELEMENT(CLINICAL_FILE_ELEMENT_ID, XSD_ELEMENT_ID, TABLE_ID, TABLE_COLUMN_NAME, FILE_COLUMN_NAME, FILE_COLUMN_ORDER, CLINICAL_FILE_ID, DISEASE_ID, UNIT_COLUMN_NAME) VALUES(CLINICAL_FILE_ELEMENT_SEQ.nextval, 41, 15, 'DOSAGEUNITS', 'DOSAGEUNITS', 3, 10, null, '');
INSERT INTO CLINICAL_FILE_ELEMENT(CLINICAL_FILE_ELEMENT_ID, XSD_ELEMENT_ID, TABLE_ID, TABLE_COLUMN_NAME, FILE_COLUMN_NAME, FILE_COLUMN_ORDER, CLINICAL_FILE_ID, DISEASE_ID, UNIT_COLUMN_NAME) VALUES(CLINICAL_FILE_ELEMENT_SEQ.nextval, 90, 15, 'NUMBERCYCLES', 'NUMBERCYCLES', 4, 10, null, '');
INSERT INTO CLINICAL_FILE_ELEMENT(CLINICAL_FILE_ELEMENT_ID, XSD_ELEMENT_ID, TABLE_ID, TABLE_COLUMN_NAME, FILE_COLUMN_NAME, FILE_COLUMN_ORDER, CLINICAL_FILE_ID, DISEASE_ID, UNIT_COLUMN_NAME) VALUES(CLINICAL_FILE_ELEMENT_SEQ.nextval, 31, 15, 'STARTDAY', 'DAYOFDRUGTREATMENTSTART', 5, 10, null, '');
INSERT INTO CLINICAL_FILE_ELEMENT(CLINICAL_FILE_ELEMENT_ID, XSD_ELEMENT_ID, TABLE_ID, TABLE_COLUMN_NAME, FILE_COLUMN_NAME, FILE_COLUMN_ORDER, CLINICAL_FILE_ID, DISEASE_ID, UNIT_COLUMN_NAME) VALUES(CLINICAL_FILE_ELEMENT_SEQ.nextval, 78, 15, 'STARTMONTH', 'MONTHOFDRUGTREATMENTSTART', 6, 10, null, '');
INSERT INTO CLINICAL_FILE_ELEMENT(CLINICAL_FILE_ELEMENT_ID, XSD_ELEMENT_ID, TABLE_ID, TABLE_COLUMN_NAME, FILE_COLUMN_NAME, FILE_COLUMN_ORDER, CLINICAL_FILE_ID, DISEASE_ID, UNIT_COLUMN_NAME) VALUES(CLINICAL_FILE_ELEMENT_SEQ.nextval, 169, 15, 'STARTYEAR', 'YEAROFDRUGTREATMENTSTART', 7, 10, null, '');
INSERT INTO CLINICAL_FILE_ELEMENT(CLINICAL_FILE_ELEMENT_ID, XSD_ELEMENT_ID, TABLE_ID, TABLE_COLUMN_NAME, FILE_COLUMN_NAME, FILE_COLUMN_ORDER, CLINICAL_FILE_ID, DISEASE_ID, UNIT_COLUMN_NAME) VALUES(CLINICAL_FILE_ELEMENT_SEQ.nextval, 30, 15, 'ENDDAY', 'DAYOFDRUGTREATMENTEND', 8, 10, null, '');
INSERT INTO CLINICAL_FILE_ELEMENT(CLINICAL_FILE_ELEMENT_ID, XSD_ELEMENT_ID, TABLE_ID, TABLE_COLUMN_NAME, FILE_COLUMN_NAME, FILE_COLUMN_ORDER, CLINICAL_FILE_ID, DISEASE_ID, UNIT_COLUMN_NAME) VALUES(CLINICAL_FILE_ELEMENT_SEQ.nextval, 77, 15, 'ENDMONTH', 'MONTHOFDRUGTREATMENTEND', 9, 10, null, '');
INSERT INTO CLINICAL_FILE_ELEMENT(CLINICAL_FILE_ELEMENT_ID, XSD_ELEMENT_ID, TABLE_ID, TABLE_COLUMN_NAME, FILE_COLUMN_NAME, FILE_COLUMN_ORDER, CLINICAL_FILE_ID, DISEASE_ID, UNIT_COLUMN_NAME) VALUES(CLINICAL_FILE_ELEMENT_SEQ.nextval, 168, 15, 'ENDYEAR', 'YEAROFDRUGTREATMENTEND', 10, 10, null, '');
INSERT INTO CLINICAL_FILE_ELEMENT(CLINICAL_FILE_ELEMENT_ID, XSD_ELEMENT_ID, TABLE_ID, TABLE_COLUMN_NAME, FILE_COLUMN_NAME, FILE_COLUMN_ORDER, CLINICAL_FILE_ID, DISEASE_ID, UNIT_COLUMN_NAME) VALUES(CLINICAL_FILE_ELEMENT_SEQ.nextval, 62, 15, 'INITIALCOURSE', 'INITIALCOURSE', 11, 10, null, '');
INSERT INTO CLINICAL_FILE_ELEMENT(CLINICAL_FILE_ELEMENT_ID, XSD_ELEMENT_ID, TABLE_ID, TABLE_COLUMN_NAME, FILE_COLUMN_NAME, FILE_COLUMN_ORDER, CLINICAL_FILE_ID, DISEASE_ID, UNIT_COLUMN_NAME) VALUES(CLINICAL_FILE_ELEMENT_SEQ.nextval, 44, 15, 'DRUGNAME', 'DRUGNAME', 12, 10, null, '');
INSERT INTO CLINICAL_FILE_ELEMENT(CLINICAL_FILE_ELEMENT_ID, XSD_ELEMENT_ID, TABLE_ID, TABLE_COLUMN_NAME, FILE_COLUMN_NAME, FILE_COLUMN_ORDER, CLINICAL_FILE_ID, DISEASE_ID, UNIT_COLUMN_NAME) VALUES(CLINICAL_FILE_ELEMENT_SEQ.nextval, 129, 15, 'REGIMENINDICATION', 'REGIMENINDICATION', 13, 10, null, '');
INSERT INTO CLINICAL_FILE_ELEMENT(CLINICAL_FILE_ELEMENT_ID, XSD_ELEMENT_ID, TABLE_ID, TABLE_COLUMN_NAME, FILE_COLUMN_NAME, FILE_COLUMN_ORDER, CLINICAL_FILE_ID, DISEASE_ID, UNIT_COLUMN_NAME) VALUES(CLINICAL_FILE_ELEMENT_SEQ.nextval, 130, 15, 'REGIMENINDICATIONNOTES', 'REGIMENINDICATIONNOTES', 14, 10, null, '');
INSERT INTO CLINICAL_FILE_ELEMENT(CLINICAL_FILE_ELEMENT_ID, XSD_ELEMENT_ID, TABLE_ID, TABLE_COLUMN_NAME, FILE_COLUMN_NAME, FILE_COLUMN_ORDER, CLINICAL_FILE_ID, DISEASE_ID, UNIT_COLUMN_NAME) VALUES(CLINICAL_FILE_ELEMENT_SEQ.nextval, 134, 15, 'ROUTEOFADMINISTRATION', 'ROUTEOFADMINISTRATION', 15, 10, null, '');
INSERT INTO CLINICAL_FILE_ELEMENT(CLINICAL_FILE_ELEMENT_ID, XSD_ELEMENT_ID, TABLE_ID, TABLE_COLUMN_NAME, FILE_COLUMN_NAME, FILE_COLUMN_ORDER, CLINICAL_FILE_ID, DISEASE_ID, UNIT_COLUMN_NAME) VALUES(CLINICAL_FILE_ELEMENT_SEQ.nextval, 135, 15, 'ROUTEOFADMINISTRATIONNOTES', 'ROUTEOFADMINISTRATIONNOTES', 16, 10, null, '');
INSERT INTO CLINICAL_FILE_ELEMENT(CLINICAL_FILE_ELEMENT_ID, XSD_ELEMENT_ID, TABLE_ID, TABLE_COLUMN_NAME, FILE_COLUMN_NAME, FILE_COLUMN_ORDER, CLINICAL_FILE_ID, DISEASE_ID, UNIT_COLUMN_NAME) VALUES(CLINICAL_FILE_ELEMENT_SEQ.nextval, 32, 12, 'DAYOFEXAMINATION', 'DAYOFEXAMINATION', 1, 11, null, '');
INSERT INTO CLINICAL_FILE_ELEMENT(CLINICAL_FILE_ELEMENT_ID, XSD_ELEMENT_ID, TABLE_ID, TABLE_COLUMN_NAME, FILE_COLUMN_NAME, FILE_COLUMN_ORDER, CLINICAL_FILE_ID, DISEASE_ID, UNIT_COLUMN_NAME) VALUES(CLINICAL_FILE_ELEMENT_SEQ.nextval, 79, 12, 'MONTHOFEXAMINATION', 'MONTHOFEXAMINATION', 2, 11, null, '');
INSERT INTO CLINICAL_FILE_ELEMENT(CLINICAL_FILE_ELEMENT_ID, XSD_ELEMENT_ID, TABLE_ID, TABLE_COLUMN_NAME, FILE_COLUMN_NAME, FILE_COLUMN_ORDER, CLINICAL_FILE_ID, DISEASE_ID, UNIT_COLUMN_NAME) VALUES(CLINICAL_FILE_ELEMENT_SEQ.nextval, 170, 12, 'YEAROFEXAMINATION', 'YEAROFEXAMINATION', 3, 11, null, '');
INSERT INTO CLINICAL_FILE_ELEMENT(CLINICAL_FILE_ELEMENT_ID, XSD_ELEMENT_ID, TABLE_ID, TABLE_COLUMN_NAME, FILE_COLUMN_NAME, FILE_COLUMN_ORDER, CLINICAL_FILE_ID, DISEASE_ID, UNIT_COLUMN_NAME) VALUES(CLINICAL_FILE_ELEMENT_SEQ.nextval, 67, 12, 'KARNOFSKYPERFORMANCESCORE', 'KARNOFSKYPERFORMANCESCORE', 4, 11, null, '');
INSERT INTO CLINICAL_FILE_ELEMENT(CLINICAL_FILE_ELEMENT_ID, XSD_ELEMENT_ID, TABLE_ID, TABLE_COLUMN_NAME, FILE_COLUMN_NAME, FILE_COLUMN_ORDER, CLINICAL_FILE_ID, DISEASE_ID, UNIT_COLUMN_NAME) VALUES(CLINICAL_FILE_ELEMENT_SEQ.nextval, 45, 12, 'EASTERNCANCERONCOLOGYGROUP', 'EASTERNCANCERONCOLOGYGROUP', 5, 11, null, '');
INSERT INTO CLINICAL_FILE_ELEMENT(CLINICAL_FILE_ELEMENT_ID, XSD_ELEMENT_ID, TABLE_ID, TABLE_COLUMN_NAME, FILE_COLUMN_NAME, FILE_COLUMN_ORDER, CLINICAL_FILE_ID, DISEASE_ID, UNIT_COLUMN_NAME) VALUES(CLINICAL_FILE_ELEMENT_SEQ.nextval, 119, 12, 'PROGRESSIONSTATUS', 'PROGRESSIONSTATUS', 6, 11, null, '');
INSERT INTO CLINICAL_FILE_ELEMENT(CLINICAL_FILE_ELEMENT_ID, XSD_ELEMENT_ID, TABLE_ID, TABLE_COLUMN_NAME, FILE_COLUMN_NAME, FILE_COLUMN_ORDER, CLINICAL_FILE_ID, DISEASE_ID, UNIT_COLUMN_NAME) VALUES(CLINICAL_FILE_ELEMENT_SEQ.nextval, 110, 12, 'PERFORMANCESTATUSSCALETIMING', 'PERFORMANCESTATUSSCALETIMING', 7, 11, null, '');
INSERT INTO CLINICAL_FILE_ELEMENT(CLINICAL_FILE_ELEMENT_ID, XSD_ELEMENT_ID, TABLE_ID, TABLE_COLUMN_NAME, FILE_COLUMN_NAME, FILE_COLUMN_ORDER, CLINICAL_FILE_ID, DISEASE_ID, UNIT_COLUMN_NAME) VALUES(CLINICAL_FILE_ELEMENT_SEQ.nextval, 117, 12, 'PROGRESSIONDETERMINEDBY', 'PROGRESSIONDETERMINEDBY', 8, 11, null, '');
INSERT INTO CLINICAL_FILE_ELEMENT(CLINICAL_FILE_ELEMENT_ID, XSD_ELEMENT_ID, TABLE_ID, TABLE_COLUMN_NAME, FILE_COLUMN_NAME, FILE_COLUMN_ORDER, CLINICAL_FILE_ID, DISEASE_ID, UNIT_COLUMN_NAME) VALUES(CLINICAL_FILE_ELEMENT_SEQ.nextval, 118, 12, 'PROGRESSIONDETERMINEDBYNOTES', 'PROGRESSIONDETERMINEDBYNOTES', 9, 11, null, '');
INSERT INTO CLINICAL_FILE_ELEMENT(CLINICAL_FILE_ELEMENT_ID, XSD_ELEMENT_ID, TABLE_ID, TABLE_COLUMN_NAME, FILE_COLUMN_NAME, FILE_COLUMN_ORDER, CLINICAL_FILE_ID, DISEASE_ID, UNIT_COLUMN_NAME) VALUES(CLINICAL_FILE_ELEMENT_SEQ.nextval, 37, 13, 'STARTDAYOFRADIATION', 'DAYOFRADIATIONTREATMENTSTART', 1, 12, null, '');
INSERT INTO CLINICAL_FILE_ELEMENT(CLINICAL_FILE_ELEMENT_ID, XSD_ELEMENT_ID, TABLE_ID, TABLE_COLUMN_NAME, FILE_COLUMN_NAME, FILE_COLUMN_ORDER, CLINICAL_FILE_ID, DISEASE_ID, UNIT_COLUMN_NAME) VALUES(CLINICAL_FILE_ELEMENT_SEQ.nextval, 84, 13, 'STARTMONTHOFRADIATION', 'MONTHOFRADIATIONTREATMENTSTART', 2, 12, null, '');
INSERT INTO CLINICAL_FILE_ELEMENT(CLINICAL_FILE_ELEMENT_ID, XSD_ELEMENT_ID, TABLE_ID, TABLE_COLUMN_NAME, FILE_COLUMN_NAME, FILE_COLUMN_ORDER, CLINICAL_FILE_ID, DISEASE_ID, UNIT_COLUMN_NAME) VALUES(CLINICAL_FILE_ELEMENT_SEQ.nextval, 175, 13, 'STARTYEAROFRADIATION', 'YEAROFRADIATIONTREATMENTSTART', 3, 12, null, '');
INSERT INTO CLINICAL_FILE_ELEMENT(CLINICAL_FILE_ELEMENT_ID, XSD_ELEMENT_ID, TABLE_ID, TABLE_COLUMN_NAME, FILE_COLUMN_NAME, FILE_COLUMN_ORDER, CLINICAL_FILE_ID, DISEASE_ID, UNIT_COLUMN_NAME) VALUES(CLINICAL_FILE_ELEMENT_SEQ.nextval, 36, 13, 'ENDDAYOFRADIATION', 'DAYOFRADIATIONTREATMENTEND', 4, 12, null, '');
INSERT INTO CLINICAL_FILE_ELEMENT(CLINICAL_FILE_ELEMENT_ID, XSD_ELEMENT_ID, TABLE_ID, TABLE_COLUMN_NAME, FILE_COLUMN_NAME, FILE_COLUMN_ORDER, CLINICAL_FILE_ID, DISEASE_ID, UNIT_COLUMN_NAME) VALUES(CLINICAL_FILE_ELEMENT_SEQ.nextval, 83, 13, 'ENDMONTHOFRADIATION', 'MONTHOFRADIATIONTREATMENTEND', 5, 12, null, '');
INSERT INTO CLINICAL_FILE_ELEMENT(CLINICAL_FILE_ELEMENT_ID, XSD_ELEMENT_ID, TABLE_ID, TABLE_COLUMN_NAME, FILE_COLUMN_NAME, FILE_COLUMN_ORDER, CLINICAL_FILE_ID, DISEASE_ID, UNIT_COLUMN_NAME) VALUES(CLINICAL_FILE_ELEMENT_SEQ.nextval, 174, 13, 'ENDYEAROFRADIATION', 'YEAROFRADIATIONTREATMENTEND', 6, 12, null, '');
INSERT INTO CLINICAL_FILE_ELEMENT(CLINICAL_FILE_ELEMENT_ID, XSD_ELEMENT_ID, TABLE_ID, TABLE_COLUMN_NAME, FILE_COLUMN_NAME, FILE_COLUMN_ORDER, CLINICAL_FILE_ID, DISEASE_ID, UNIT_COLUMN_NAME) VALUES(CLINICAL_FILE_ELEMENT_SEQ.nextval, 126, 13, 'TYPE', 'RADIATIONTYPE', 7, 12, null, '');
INSERT INTO CLINICAL_FILE_ELEMENT(CLINICAL_FILE_ELEMENT_ID, XSD_ELEMENT_ID, TABLE_ID, TABLE_COLUMN_NAME, FILE_COLUMN_NAME, FILE_COLUMN_ORDER, CLINICAL_FILE_ID, DISEASE_ID, UNIT_COLUMN_NAME) VALUES(CLINICAL_FILE_ELEMENT_SEQ.nextval, 127, 13, 'RADIATIONTYPENOTES', 'RADIATIONTYPENOTES', 8, 12, null, '');
INSERT INTO CLINICAL_FILE_ELEMENT(CLINICAL_FILE_ELEMENT_ID, XSD_ELEMENT_ID, TABLE_ID, TABLE_COLUMN_NAME, FILE_COLUMN_NAME, FILE_COLUMN_ORDER, CLINICAL_FILE_ID, DISEASE_ID, UNIT_COLUMN_NAME) VALUES(CLINICAL_FILE_ELEMENT_SEQ.nextval, 123, 13, 'RADIATIONDOSAGE', 'RADIATIONDOSAGE', 9, 12, null, '');
INSERT INTO CLINICAL_FILE_ELEMENT(CLINICAL_FILE_ELEMENT_ID, XSD_ELEMENT_ID, TABLE_ID, TABLE_COLUMN_NAME, FILE_COLUMN_NAME, FILE_COLUMN_ORDER, CLINICAL_FILE_ID, DISEASE_ID, UNIT_COLUMN_NAME) VALUES(CLINICAL_FILE_ELEMENT_SEQ.nextval, 158, 13, 'UNITS', 'UNITS', 10, 12, null, '');
INSERT INTO CLINICAL_FILE_ELEMENT(CLINICAL_FILE_ELEMENT_ID, XSD_ELEMENT_ID, TABLE_ID, TABLE_COLUMN_NAME, FILE_COLUMN_NAME, FILE_COLUMN_ORDER, CLINICAL_FILE_ID, DISEASE_ID, UNIT_COLUMN_NAME) VALUES(CLINICAL_FILE_ELEMENT_SEQ.nextval, 94, 13, 'NUMFRACTIONS', 'NUMFRACTIONS', 11, 12, null, '');
INSERT INTO CLINICAL_FILE_ELEMENT(CLINICAL_FILE_ELEMENT_ID, XSD_ELEMENT_ID, TABLE_ID, TABLE_COLUMN_NAME, FILE_COLUMN_NAME, FILE_COLUMN_ORDER, CLINICAL_FILE_ID, DISEASE_ID, UNIT_COLUMN_NAME) VALUES(CLINICAL_FILE_ELEMENT_SEQ.nextval, 13, 13, 'ANATOMICTREATMENTSITE', 'ANATOMICTREATMENTSITE', 12, 12, null, '');
INSERT INTO CLINICAL_FILE_ELEMENT(CLINICAL_FILE_ELEMENT_ID, XSD_ELEMENT_ID, TABLE_ID, TABLE_COLUMN_NAME, FILE_COLUMN_NAME, FILE_COLUMN_ORDER, CLINICAL_FILE_ID, DISEASE_ID, UNIT_COLUMN_NAME) VALUES(CLINICAL_FILE_ELEMENT_SEQ.nextval, 129, 13, 'REGIMENINDICATION', 'REGIMENINDICATION', 13, 12, null, '');
INSERT INTO CLINICAL_FILE_ELEMENT(CLINICAL_FILE_ELEMENT_ID, XSD_ELEMENT_ID, TABLE_ID, TABLE_COLUMN_NAME, FILE_COLUMN_NAME, FILE_COLUMN_ORDER, CLINICAL_FILE_ID, DISEASE_ID, UNIT_COLUMN_NAME) VALUES(CLINICAL_FILE_ELEMENT_SEQ.nextval, 130, 13, 'REGIMENINDICATIONNOTES', 'REGIMENINDICATIONNOTES', 14, 12, null, '');
INSERT INTO CLINICAL_FILE_ELEMENT(CLINICAL_FILE_ELEMENT_ID, XSD_ELEMENT_ID, TABLE_ID, TABLE_COLUMN_NAME, FILE_COLUMN_NAME, FILE_COLUMN_ORDER, CLINICAL_FILE_ID, DISEASE_ID, UNIT_COLUMN_NAME) VALUES(CLINICAL_FILE_ELEMENT_SEQ.nextval, 125, 13, 'RADIATIONTREATMENTONGOING', 'RADIATIONTREATMENTONGOING', 15, 12, null, '');
INSERT INTO CLINICAL_FILE_ELEMENT(CLINICAL_FILE_ELEMENT_ID, XSD_ELEMENT_ID, TABLE_ID, TABLE_COLUMN_NAME, FILE_COLUMN_NAME, FILE_COLUMN_ORDER, CLINICAL_FILE_ID, DISEASE_ID, UNIT_COLUMN_NAME) VALUES(CLINICAL_FILE_ELEMENT_SEQ.nextval, 35, 14, 'DAYOFPROCEDURE', 'DAYOFPROCEDURE', 1, 13, null, '');
INSERT INTO CLINICAL_FILE_ELEMENT(CLINICAL_FILE_ELEMENT_ID, XSD_ELEMENT_ID, TABLE_ID, TABLE_COLUMN_NAME, FILE_COLUMN_NAME, FILE_COLUMN_ORDER, CLINICAL_FILE_ID, DISEASE_ID, UNIT_COLUMN_NAME) VALUES(CLINICAL_FILE_ELEMENT_SEQ.nextval, 82, 14, 'MONTHOFPROCEDURE', 'MONTHOFPROCEDURE', 2, 13, null, '');
INSERT INTO CLINICAL_FILE_ELEMENT(CLINICAL_FILE_ELEMENT_ID, XSD_ELEMENT_ID, TABLE_ID, TABLE_COLUMN_NAME, FILE_COLUMN_NAME, FILE_COLUMN_ORDER, CLINICAL_FILE_ID, DISEASE_ID, UNIT_COLUMN_NAME) VALUES(CLINICAL_FILE_ELEMENT_SEQ.nextval, 173, 14, 'YEAROFPROCEDURE', 'YEAROFPROCEDURE', 3, 13, null, '');
INSERT INTO CLINICAL_FILE_ELEMENT(CLINICAL_FILE_ELEMENT_ID, XSD_ELEMENT_ID, TABLE_ID, TABLE_COLUMN_NAME, FILE_COLUMN_NAME, FILE_COLUMN_ORDER, CLINICAL_FILE_ID, DISEASE_ID, UNIT_COLUMN_NAME) VALUES(CLINICAL_FILE_ELEMENT_SEQ.nextval, 116, 14, 'PROCEDURETYPE', 'PROCEDURETYPE', 4, 13, null, '');
