INSERT INTO L4_genetic_element_type(genetic_element_type_id, genetic_element_type) VALUES(1, 'gene');
insert into L4_genetic_element_type(GENETIC_ELEMENT_TYPE_ID, GENETIC_ELEMENT_TYPE) values(2, 'methylation target');
insert into L4_genetic_element_type(GENETIC_ELEMENT_TYPE_ID, GENETIC_ELEMENT_TYPE) values(3, 'miRNA');

insert into L4_ANOMALY_TYPE(ANOMALY_TYPE_ID, CENTER_ID, DATA_TYPE_ID, GENETIC_ELEMENT_TYPE_ID, PLATFORM_ID, ANOMALY_NAME) VALUES(1, 3, 4, 1, 5, 'HMS HG-CGH-244A');
insert into L4_ANOMALY_TYPE(ANOMALY_TYPE_ID, CENTER_ID, DATA_TYPE_ID, GENETIC_ELEMENT_TYPE_ID, PLATFORM_ID, ANOMALY_NAME) VALUES(2, 5, 4, 1, 5, 'MSKCC HG-CGH-244A');
insert into L4_ANOMALY_TYPE(ANOMALY_TYPE_ID, CENTER_ID, DATA_TYPE_ID, GENETIC_ELEMENT_TYPE_ID, PLATFORM_ID, ANOMALY_NAME) VALUES(11, 1, 3, 1, 4, 'BI HT_HG-U133A');
insert into L4_ANOMALY_TYPE(ANOMALY_TYPE_ID, CENTER_ID, DATA_TYPE_ID, GENETIC_ELEMENT_TYPE_ID, PLATFORM_ID, ANOMALY_NAME) VALUES(12, 7, 3, 1, 18, 'UNC AgilentG4502A_07');
insert into L4_ANOMALY_TYPE(ANOMALY_TYPE_ID, CENTER_ID, DATA_TYPE_ID, GENETIC_ELEMENT_TYPE_ID, PLATFORM_ID, ANOMALY_NAME) VALUES(13, 1, 4, 1, 1, 'BI Genome_Wide_SNP_6');
insert into L4_ANOMALY_TYPE(ANOMALY_TYPE_ID, CENTER_ID, DATA_TYPE_ID, GENETIC_ELEMENT_TYPE_ID, PLATFORM_ID, ANOMALY_NAME) VALUES(14, 6, 4, 1, 7, 'HAIB HumanHap550');
insert into L4_ANOMALY_TYPE(ANOMALY_TYPE_ID, CENTER_ID, DATA_TYPE_ID, GENETIC_ELEMENT_TYPE_ID, PLATFORM_ID, ANOMALY_NAME) VALUES(15, 10, 7, 1, 17, 'Missense');
insert into L4_ANOMALY_TYPE(ANOMALY_TYPE_ID, CENTER_ID, DATA_TYPE_ID, GENETIC_ELEMENT_TYPE_ID, PLATFORM_ID, ANOMALY_NAME) VALUES(16, 10, 7, 1, 17, 'Nonsense');
insert into L4_ANOMALY_TYPE(ANOMALY_TYPE_ID, CENTER_ID, DATA_TYPE_ID, GENETIC_ELEMENT_TYPE_ID, PLATFORM_ID, ANOMALY_NAME) VALUES(17, 10, 7, 1, 17, 'Silent');
insert into L4_ANOMALY_TYPE(ANOMALY_TYPE_ID, CENTER_ID, DATA_TYPE_ID, GENETIC_ELEMENT_TYPE_ID, PLATFORM_ID, ANOMALY_NAME) VALUES(18, 10, 7, 1, 17, 'SpliceSite');
insert into L4_ANOMALY_TYPE(ANOMALY_TYPE_ID, CENTER_ID, DATA_TYPE_ID, GENETIC_ELEMENT_TYPE_ID, PLATFORM_ID, ANOMALY_NAME) VALUES(19, 10, 7, 1, 17, 'Frameshift Indel');
insert into L4_ANOMALY_TYPE(ANOMALY_TYPE_ID, CENTER_ID, DATA_TYPE_ID, GENETIC_ELEMENT_TYPE_ID, PLATFORM_ID, ANOMALY_NAME) VALUES(20, 10, 7, 1, 17, 'In-Frame Indel');
insert into L4_ANOMALY_TYPE(ANOMALY_TYPE_ID, CENTER_ID, DATA_TYPE_ID, GENETIC_ELEMENT_TYPE_ID, PLATFORM_ID, ANOMALY_NAME) VALUES(24, 1, 4, 3, 1, 'BI Genome_Wide_SNP_6 miRNA');
insert into L4_ANOMALY_TYPE(ANOMALY_TYPE_ID, CENTER_ID, DATA_TYPE_ID, GENETIC_ELEMENT_TYPE_ID, PLATFORM_ID, ANOMALY_NAME) VALUES(26, 6, 4, 3, 7, 'HAIB HumanHap550 miRNA');
insert into L4_ANOMALY_TYPE(ANOMALY_TYPE_ID, CENTER_ID, DATA_TYPE_ID, GENETIC_ELEMENT_TYPE_ID, PLATFORM_ID, ANOMALY_NAME) VALUES(25, 3, 4, 3, 5, 'HMS HG-CGH-244A miRNA');
insert into L4_ANOMALY_TYPE(ANOMALY_TYPE_ID, CENTER_ID, DATA_TYPE_ID, GENETIC_ELEMENT_TYPE_ID, PLATFORM_ID, ANOMALY_NAME) VALUES(27, 5, 4, 3, 5, 'MSKCC HG-CGH-244A miRNA');
insert into L4_ANOMALY_TYPE(ANOMALY_TYPE_ID, CENTER_ID, DATA_TYPE_ID, GENETIC_ELEMENT_TYPE_ID, PLATFORM_ID, ANOMALY_NAME) VALUES(28, 5, 4, 3, 15, 'MSKCC CGH-1x1M_G4447A miRNA');
insert into L4_ANOMALY_TYPE(ANOMALY_TYPE_ID, CENTER_ID, DATA_TYPE_ID, GENETIC_ELEMENT_TYPE_ID, PLATFORM_ID, ANOMALY_NAME) VALUES(23, 7, 6, 3, 12, 'UNC H-miRNA_8x15K');
insert into L4_ANOMALY_TYPE(ANOMALY_TYPE_ID, CENTER_ID, DATA_TYPE_ID, GENETIC_ELEMENT_TYPE_ID, PLATFORM_ID, ANOMALY_NAME) VALUES(22, 2, 2, 2, 13, 'JHU-USC HumanMethylation27');
insert into L4_ANOMALY_TYPE(ANOMALY_TYPE_ID, CENTER_ID, DATA_TYPE_ID, GENETIC_ELEMENT_TYPE_ID, PLATFORM_ID, ANOMALY_NAME) VALUES(21, 5, 4, 1, 15, 'MSKCC CGH-1x1M_G4447A');
insert into L4_ANOMALY_TYPE(ANOMALY_TYPE_ID, CENTER_ID, DATA_TYPE_ID, GENETIC_ELEMENT_TYPE_ID, PLATFORM_ID, ANOMALY_NAME) VALUES(29, 3, 4, 1, 21, 'HMS HG-CGH-415K_G4124A');
insert into L4_ANOMALY_TYPE(ANOMALY_TYPE_ID, CENTER_ID, DATA_TYPE_ID, GENETIC_ELEMENT_TYPE_ID, PLATFORM_ID, ANOMALY_NAME) VALUES(30, 3, 4, 3, 21, 'HMS HG-CGH-415K_G4124A miRNA');

-- correlations
insert into L4_CORRELATION_TYPE(CORRELATION_TYPE_ID, ANOMALY_TYPE_ID_1, ANOMALY_TYPE_ID_2, CORRELATION_NAME) VALUES(1, 1, 11, 'CopyNumber-Gene [HMS 244K] vs Expression-Gene [BI]');
insert into L4_CORRELATION_TYPE(CORRELATION_TYPE_ID, ANOMALY_TYPE_ID_1, ANOMALY_TYPE_ID_2, CORRELATION_NAME) VALUES(2, 1, 12, 'CopyNumber-Gene [HMS 244K] vs Expression-Gene [UNC]');
insert into L4_CORRELATION_TYPE(CORRELATION_TYPE_ID, ANOMALY_TYPE_ID_1, ANOMALY_TYPE_ID_2, CORRELATION_NAME) VALUES(3, 2, 11, 'CopyNumber-Gene [MSKCC 244K] vs Expression-Gene [BI]');
insert into L4_CORRELATION_TYPE(CORRELATION_TYPE_ID, ANOMALY_TYPE_ID_1, ANOMALY_TYPE_ID_2, CORRELATION_NAME) VALUES(4, 2, 12, 'CopyNumber-Gene [MSKCC 244K] vs Expression-Gene [UNC]');
insert into L4_CORRELATION_TYPE(CORRELATION_TYPE_ID, ANOMALY_TYPE_ID_1, ANOMALY_TYPE_ID_2, CORRELATION_NAME) VALUES(11, 11, 22, 'Expression-Gene [BI] vs Methylation [JHU-USC]');
insert into L4_CORRELATION_TYPE(CORRELATION_TYPE_ID, ANOMALY_TYPE_ID_1, ANOMALY_TYPE_ID_2, CORRELATION_NAME) VALUES(12, 12, 22, 'Expression-Gene [UNC] vs Methylation [JHU-USC]');
insert into L4_CORRELATION_TYPE(CORRELATION_TYPE_ID, ANOMALY_TYPE_ID_1, ANOMALY_TYPE_ID_2, CORRELATION_NAME) VALUES(13, 1, 23, 'CopyNumber-Gene [HMS 244K] vs Expression-miRNA [UNC]');
insert into L4_CORRELATION_TYPE(CORRELATION_TYPE_ID, ANOMALY_TYPE_ID_1, ANOMALY_TYPE_ID_2, CORRELATION_NAME) VALUES(14, 2, 23, 'CopyNumber-Gene [MSKCC 244K] vs Expression-miRNA [UNC]');
insert into L4_CORRELATION_TYPE(CORRELATION_TYPE_ID, ANOMALY_TYPE_ID_1, ANOMALY_TYPE_ID_2, CORRELATION_NAME) VALUES(15, 21, 23, 'CopyNumber-Gene [MSKCC 1M] vs Expression-miRNA [UNC]');
insert into L4_CORRELATION_TYPE(CORRELATION_TYPE_ID, ANOMALY_TYPE_ID_1, ANOMALY_TYPE_ID_2, CORRELATION_NAME) VALUES(16, 14, 23, 'CopyNumber-Gene [HAIB] vs Expression-miRNA [UNC]');
insert into L4_CORRELATION_TYPE(CORRELATION_TYPE_ID, ANOMALY_TYPE_ID_1, ANOMALY_TYPE_ID_2, CORRELATION_NAME) VALUES(17, 13, 23, 'CopyNumber-Gene [BI] vs Expression-miRNA [UNC]');
insert into L4_CORRELATION_TYPE(CORRELATION_TYPE_ID, ANOMALY_TYPE_ID_1, ANOMALY_TYPE_ID_2, CORRELATION_NAME) VALUES(18, 25, 23, 'CopyNumber-miRNA [HMS 244K] vs Expression-miRNA [UNC]');
insert into L4_CORRELATION_TYPE(CORRELATION_TYPE_ID, ANOMALY_TYPE_ID_1, ANOMALY_TYPE_ID_2, CORRELATION_NAME) VALUES(19, 27, 23, 'CopyNumber-miRNA [MSKCC 244K] vs Expression-miRNA [UNC]');
insert into L4_CORRELATION_TYPE(CORRELATION_TYPE_ID, ANOMALY_TYPE_ID_1, ANOMALY_TYPE_ID_2, CORRELATION_NAME) VALUES(20, 28, 23, 'CopyNumber-miRNA [MSKCC 1M] vs Expression-miRNA [UNC]');
insert into L4_CORRELATION_TYPE(CORRELATION_TYPE_ID, ANOMALY_TYPE_ID_1, ANOMALY_TYPE_ID_2, CORRELATION_NAME) VALUES(21, 26, 23, 'CopyNumber-miRNA [HAIB] vs Expression-miRNA [UNC]');
insert into L4_CORRELATION_TYPE(CORRELATION_TYPE_ID, ANOMALY_TYPE_ID_1, ANOMALY_TYPE_ID_2, CORRELATION_NAME) VALUES(22, 24, 23, 'CopyNumber-miRNA [BI] vs Expression-miRNA [UNC]');
insert into L4_CORRELATION_TYPE(CORRELATION_TYPE_ID, ANOMALY_TYPE_ID_1, ANOMALY_TYPE_ID_2, CORRELATION_NAME) VALUES(23, 25, 12, 'CopyNumber-miRNA [HMS 244K] vs Expression-Gene [UNC]');
insert into L4_CORRELATION_TYPE(CORRELATION_TYPE_ID, ANOMALY_TYPE_ID_1, ANOMALY_TYPE_ID_2, CORRELATION_NAME) VALUES(24, 27, 12, 'CopyNumber-miRNA [MSKCC 244K] vs Expression-Gene [UNC]');
insert into L4_CORRELATION_TYPE(CORRELATION_TYPE_ID, ANOMALY_TYPE_ID_1, ANOMALY_TYPE_ID_2, CORRELATION_NAME) VALUES(25, 28, 12, 'CopyNumber-miRNA [MSKCC 1M] vs Expression-Gene [UNC]');
insert into L4_CORRELATION_TYPE(CORRELATION_TYPE_ID, ANOMALY_TYPE_ID_1, ANOMALY_TYPE_ID_2, CORRELATION_NAME) VALUES(26, 26, 12, 'CopyNumber-miRNA [HAIB] vs Expression-Gene [UNC]');
insert into L4_CORRELATION_TYPE(CORRELATION_TYPE_ID, ANOMALY_TYPE_ID_1, ANOMALY_TYPE_ID_2, CORRELATION_NAME) VALUES(27, 24, 12, 'CopyNumber-miRNA [BI] vs Expression-Gene [UNC]');
insert into L4_CORRELATION_TYPE(CORRELATION_TYPE_ID, ANOMALY_TYPE_ID_1, ANOMALY_TYPE_ID_2, CORRELATION_NAME) VALUES(28, 25, 11, 'CopyNumber-miRNA [HMS 244K] vs Expression-Gene [BI]');
insert into L4_CORRELATION_TYPE(CORRELATION_TYPE_ID, ANOMALY_TYPE_ID_1, ANOMALY_TYPE_ID_2, CORRELATION_NAME) VALUES(29, 27, 11, 'CopyNumber-miRNA [MSKCC 244K] vs Expression-Gene [BI]');
insert into L4_CORRELATION_TYPE(CORRELATION_TYPE_ID, ANOMALY_TYPE_ID_1, ANOMALY_TYPE_ID_2, CORRELATION_NAME) VALUES(30, 28, 11, 'CopyNumber-miRNA [MSKCC 1M] vs Expression-Gene [BI]');
insert into L4_CORRELATION_TYPE(CORRELATION_TYPE_ID, ANOMALY_TYPE_ID_1, ANOMALY_TYPE_ID_2, CORRELATION_NAME) VALUES(31, 26, 11, 'CopyNumber-miRNA [HAIB] vs Expression-Gene [BI]');
insert into L4_CORRELATION_TYPE(CORRELATION_TYPE_ID, ANOMALY_TYPE_ID_1, ANOMALY_TYPE_ID_2, CORRELATION_NAME) VALUES(32, 24, 11, 'CopyNumber-miRNA [BI] vs Expression-Gene [BI]');
insert into L4_CORRELATION_TYPE(CORRELATION_TYPE_ID, ANOMALY_TYPE_ID_1, ANOMALY_TYPE_ID_2, CORRELATION_NAME) VALUES(33, 23, 22, 'Expression-miRNA [UNC] vs Methylation [JHU-USC]');
insert into L4_CORRELATION_TYPE(CORRELATION_TYPE_ID, ANOMALY_TYPE_ID_1, ANOMALY_TYPE_ID_2, CORRELATION_NAME) VALUES(5, 21, 11, 'Copyumber-Gene [MSKCC 1M] vs Expression-Gene [BI]');
insert into L4_CORRELATION_TYPE(CORRELATION_TYPE_ID, ANOMALY_TYPE_ID_1, ANOMALY_TYPE_ID_2, CORRELATION_NAME) VALUES(6, 21, 12, 'CopyNumber-Gene [MSKCC 1M] vs Expression-Gene [UNC]');
insert into L4_CORRELATION_TYPE(CORRELATION_TYPE_ID, ANOMALY_TYPE_ID_1, ANOMALY_TYPE_ID_2, CORRELATION_NAME) VALUES(7, 14, 11, 'CopyNumber-Gene [HAIB] vs Expression-Gene [BI]');
insert into L4_CORRELATION_TYPE(CORRELATION_TYPE_ID, ANOMALY_TYPE_ID_1, ANOMALY_TYPE_ID_2, CORRELATION_NAME) VALUES(8, 14, 12, 'CopyNumber-Gene [HAIB] vs Expression-Gene [UNC]');
insert into L4_CORRELATION_TYPE(CORRELATION_TYPE_ID, ANOMALY_TYPE_ID_1, ANOMALY_TYPE_ID_2, CORRELATION_NAME) VALUES(9, 13, 11, 'CopyNumber-Gene [BI] vs Expression-Gene [BI]');
insert into L4_CORRELATION_TYPE(CORRELATION_TYPE_ID, ANOMALY_TYPE_ID_1, ANOMALY_TYPE_ID_2, CORRELATION_NAME) VALUES(10, 13, 12, 'CopyNumber-Gene [BI] vs Expression-Gene [UNC]');
insert into L4_CORRELATION_TYPE(CORRELATION_TYPE_ID, ANOMALY_TYPE_ID_1, ANOMALY_TYPE_ID_2, CORRELATION_NAME) VALUES(34, 29, 11, 'CopyNumber-Gene [HMS 415K] vs Expression-Gene [BI]');
insert into L4_CORRELATION_TYPE(CORRELATION_TYPE_ID, ANOMALY_TYPE_ID_1, ANOMALY_TYPE_ID_2, CORRELATION_NAME) VALUES(35, 29, 12, 'CopyNumber-Gene [HMS 415K] vs Expression-Gene [UNC]');
insert into L4_CORRELATION_TYPE(CORRELATION_TYPE_ID, ANOMALY_TYPE_ID_1, ANOMALY_TYPE_ID_2, CORRELATION_NAME) VALUES(36, 29, 23, 'CopyNumber-Gene [HMS 415K] vs Expression-miRNA [UNC]');
insert into L4_CORRELATION_TYPE(CORRELATION_TYPE_ID, ANOMALY_TYPE_ID_1, ANOMALY_TYPE_ID_2, CORRELATION_NAME) VALUES(37, 30, 23, 'CopyNumber-miRNA [HMS 415K] vs Expression-miRNA [UNC]');
insert into L4_CORRELATION_TYPE(CORRELATION_TYPE_ID, ANOMALY_TYPE_ID_1, ANOMALY_TYPE_ID_2, CORRELATION_NAME) VALUES(38, 30, 12, 'CopyNumber-miRNA [HMS 415K] vs Expression-Gene [UNC]');
insert into L4_CORRELATION_TYPE(CORRELATION_TYPE_ID, ANOMALY_TYPE_ID_1, ANOMALY_TYPE_ID_2, CORRELATION_NAME) VALUES(39, 30, 11, 'CopyNumber-miRNA [HMS 415K] vs Expression-Gene [BI]');

update L4_genetic_element_type set INFO_URL='https://cgwb.nci.nih.gov/cgi-bin/hgTracks?position=chrCHROMOSOME:START_POS-STOP_POS' || '&' || 'fpj=WORKBENCH_TRACK' WHERE genetic_element_type_id=1;



