INSERT INTO center_type (center_type_code,center_type_definition) VALUES ('BCR','Biospecimen Core Resource');
INSERT INTO center_type (center_type_code,center_type_definition) VALUES ('CGCC','Cancer Genome Characterization Center');
INSERT INTO center_type (center_type_code,center_type_definition) VALUES ('GSC','Genomic Sequencing Center');
INSERT INTO center_type (center_type_code,center_type_definition) VALUES ('GDAC','Genome Data Analysis Center');
INSERT INTO center_type (center_type_code,center_type_definition) VALUES ('COM','Other Company');

INSERT INTO data_type (data_type_id,name,center_type_code,ftp_display,available,sort_order) VALUES (1,'SNP','CGCC','snp',1,1);
INSERT INTO data_type (data_type_id,name,center_type_code,ftp_display,available,sort_order) VALUES (2,'DNA Methylation','CGCC','methylation',1,2);
INSERT INTO data_type (data_type_id,name,center_type_code,ftp_display,available,sort_order) VALUES (3,'Expression-Genes','CGCC','transcriptome',1,3);
INSERT INTO data_type (data_type_id,name,center_type_code,ftp_display,available,sort_order) VALUES (4,'Copy Number Results','CGCC','cna',1,4);
INSERT INTO data_type (data_type_id,name,center_type_code,ftp_display,available,sort_order) VALUES (5,'Expression-Exon','CGCC','exon',1,5);
INSERT INTO data_type (data_type_id,name,center_type_code,ftp_display,available,sort_order) VALUES (6,'Expression-miRNA','CGCC','mirna',1,6);
INSERT INTO data_type (data_type_id,name,center_type_code,ftp_display,available,sort_order) VALUES (7,'Somatic Mutations','GSC','mutations',1,7);
INSERT INTO data_type (data_type_id,name,center_type_code,ftp_display,available,sort_order) VALUES (10,'Complete Clinical Set','BCR','clin',1,10);
INSERT INTO data_type (data_type_id,name,center_type_code,ftp_display,available,sort_order) VALUES (11,'Minimal Clinical Set','BCR','clin',1,11);
INSERT INTO data_type (data_type_id,name,center_type_code,ftp_display,available,sort_order) VALUES (12,'Trace-Sample Relationship','GSC','tracerel',1,12);
INSERT INTO data_type (data_type_id,name,center_type_code,ftp_display,available,sort_order) VALUES (13,'SNP Copy Number Results','CGCC','cna',0,13);
INSERT INTO data_type (data_type_id,name,center_type_code,ftp_display,available,sort_order) VALUES (14,'Sequencing Trace','GSC','seq',0,14);
INSERT INTO data_type (data_type_id,name,center_type_code,ftp_display,available,sort_order) VALUES (15,'SNP Frequencies','CGCC','snp',0,15);
INSERT INTO data_type (data_type_id,name,center_type_code,ftp_display,available,sort_order) VALUES (16,'Tissue Slide Images','BCR','slide_images',1,16);
INSERT INTO data_type (data_type_id,name,center_type_code,ftp_display,available,sort_order) VALUES (17,'Short-Read Relationship','GSC','sr',1,17);
INSERT INTO data_type (data_type_id,name,center_type_code,ftp_display,available,sort_order) VALUES (18,'BAM-file Relationship','GSC','bam',1,18);
INSERT INTO data_type (data_type_id,name,center_type_code,ftp_display,available,sort_order) VALUES (19,'Quantification-miRNA','CGCC','mirnaseq',1,19);
INSERT INTO data_type (data_type_id,name,center_type_code,ftp_display,available,sort_order) VALUES (20,'Quantification-miRNA Isoform','CGCC','mirnaseq',1,20);
INSERT INTO data_type (data_type_id,name,center_type_code,ftp_display,available,sort_order) VALUES (21,'Annotations','CGCC','annotations',1,21);
INSERT INTO data_type (data_type_id,name,center_type_code,ftp_display,available,sort_order) VALUES (22,'miRNA Sequence-Variants','CGCC','rnaseq',1,22);
INSERT INTO data_type (data_type_id,name,center_type_code,ftp_display,available,sort_order) VALUES (23,'Quantification-Junction','CGCC','rnaseq',1,23);
INSERT INTO data_type (data_type_id,name,center_type_code,ftp_display,available,sort_order) VALUES (24,'Quantification-Gene','CGCC','rnaseq',1,24);
INSERT INTO data_type (data_type_id,name,center_type_code,ftp_display,available,sort_order) VALUES (25,'Quantification-Exon','CGCC','rnaseq',1,25);

INSERT INTO center (center_id,domain_name,center_type_code,display_name,short_name,sort_order) VALUES (1,'broad.mit.edu','CGCC','Broad Institute of MIT and Harvard','BI',1);
INSERT INTO center (center_id,domain_name,center_type_code,display_name,short_name,sort_order) VALUES (2,'jhu-usc.edu','CGCC','Johns Hopkins / University of Southern California','JHU_USC',2);
INSERT INTO center (center_id,domain_name,center_type_code,display_name,short_name,sort_order) VALUES (3,'hms.harvard.edu','CGCC','Harvard Medical School','HMS',3);
INSERT INTO center (center_id,domain_name,center_type_code,display_name,short_name,sort_order) VALUES (4,'lbl.gov','CGCC','Lawrence Berkeley National Laboratory','LBL',4);
INSERT INTO center (center_id,domain_name,center_type_code,display_name,short_name,sort_order) VALUES (5,'mskcc.org','CGCC','Memorial Sloan-Kettering Cancer Center','MSKCC',5);
INSERT INTO center (center_id,domain_name,center_type_code,display_name,short_name,sort_order) VALUES (6,'hudsonalpha.org','CGCC','HudsonAlpha Institute for Biotechnology','HAIB',6);
INSERT INTO center (center_id,domain_name,center_type_code,display_name,short_name,sort_order) VALUES (7,'unc.edu','CGCC','University of North Carolina','UNC',7);
INSERT INTO center (center_id,domain_name,center_type_code,display_name,short_name,sort_order) VALUES (8,'hgsc.bcm.edu','GSC','Baylor College of Medicine','BCM',8);
INSERT INTO center (center_id,domain_name,center_type_code,display_name,short_name,sort_order) VALUES (9,'genome.wustl.edu','GSC','Washington University School of Medicine','WUSM',9);
INSERT INTO center (center_id,domain_name,center_type_code,display_name,short_name,sort_order) VALUES (10,'combined GSCs','GSC','Combined GSCs',' ',10);
INSERT INTO center (center_id,domain_name,center_type_code,display_name,short_name,sort_order) VALUES (11,'nationwidechildrens.org','BCR','Nationwide Children''s Hospital','NWCH',11);
INSERT INTO center (center_id,domain_name,center_type_code,display_name,short_name,sort_order) VALUES (12,'broad.mit.edu','GSC','Broad Institute of MIT and Harvard','BI',12);
INSERT INTO center (center_id,domain_name,center_type_code,display_name,short_name,sort_order) VALUES (13,'genome.wustl.edu','BCR','Washington University School of Medicine','WUSM',13);
INSERT INTO center (center_id,domain_name,center_type_code,display_name,short_name,sort_order) VALUES (14,'intgen.org','BCR','IGC Biospecimen Core Resource','IGC',14);
INSERT INTO center (center_id,domain_name,center_type_code,display_name,short_name,sort_order) VALUES (15,'bcgsc.ca','CGCC','Canada''s Michael Smith Genome Sciences Centre','BCGSC',15);
INSERT INTO center (center_id,domain_name,center_type_code,display_name,short_name,sort_order) VALUES (16,'broad.mit.edu','GDAC','Broad Institute of MIT and Harvard','BI',16);
INSERT INTO center (center_id,domain_name,center_type_code,display_name,short_name,sort_order) VALUES (17,'systemsbiology.org','GDAC','Institute for Systems Biology','ISB',17);
INSERT INTO center (center_id,domain_name,center_type_code,display_name,short_name,sort_order) VALUES (18,'lbl.gov','GDAC','Lawrence Berkely National Laboratory','LBL',18);
INSERT INTO center (center_id,domain_name,center_type_code,display_name,short_name,sort_order) VALUES (19,'mskcc.gov','GDAC','Memorial Sloan-Kettering Cancer Center','MSKCC',19);
INSERT INTO center (center_id,domain_name,center_type_code,display_name,short_name,sort_order) VALUES (20,'ucsc.edu','GDAC','University of California, Santa Cruz','UCSC',20);
INSERT INTO center (center_id,domain_name,center_type_code,display_name,short_name,sort_order) VALUES (21,'mdanderson.org','GDAC','MD Anderson','MD',21);
INSERT INTO center (center_id,domain_name,center_type_code,display_name,short_name,sort_order) VALUES (22,'rubicongenomics.com','COM','Rubicon Genomics','RG',22);
INSERT INTO center (center_id,domain_name,center_type_code,display_name,short_name,sort_order) VALUES (23,'hgsc.bcm.edu','CGCC','Baylor College of Medicine','BCM',23);

INSERT INTO platform (platform_id,  platform_name ,platform_display_name, platform_alias, center_type_code,sort_order, available, base_data_type_id) 
VALUES (1,'Genome_Wide_SNP_6','Affymetrix Genome-Wide Human SNP Array 6.0','Genome_Wide_SNP_6','CGCC',1,1,1);
INSERT INTO platform (platform_id,  platform_name ,platform_display_name, platform_alias, center_type_code,sort_order, available, base_data_type_id) VALUES (2,'IlluminaDNAMethylation_OMA002_CPI','Illumina DNA Methylation OMA002 Cancer Panel I','IlluminaDNAMethylation','CGCC',2,1,2);
INSERT INTO platform (platform_id,  platform_name ,platform_display_name, platform_alias, center_type_code,sort_order, available, base_data_type_id) VALUES (3,'IlluminaDNAMethylation_OMA003_CPI','Illumina DNA Methylation OMA003 Cancer Panel I','IlluminaDNAMethylation','CGCC',3,1,2);
INSERT INTO platform (platform_id,  platform_name ,platform_display_name, platform_alias, center_type_code,sort_order, available, base_data_type_id) VALUES (4,'HT_HG-U133A','Affymetrix HT Human Genome U133 Array Plate Set','HT_HG-U133A','CGCC',4,1,3);
INSERT INTO platform (platform_id,  platform_name ,platform_display_name, platform_alias, center_type_code,sort_order, available, base_data_type_id) VALUES (5,'HG-CGH-244A','Agilent Human Genome CGH Microarray 244A','HG-CGH-244A','CGCC',5,1,4);
INSERT INTO platform (platform_id,  platform_name ,platform_display_name, platform_alias, center_type_code,sort_order, available, base_data_type_id) VALUES (6,'HuEx-1_0-st-v2','Affymetrix Human Exon 1.0 ST Array','HuEx-1_0-st-v2','CGCC',6,1,5);
INSERT INTO platform (platform_id,  platform_name ,platform_display_name, platform_alias, center_type_code,sort_order, available, base_data_type_id) VALUES (7,'HumanHap550','Illumina 550K Infinium HumanHap550 SNP Chip','HumanHap550','CGCC',7,1,1);
INSERT INTO platform (platform_id,  platform_name ,platform_display_name, platform_alias, center_type_code,sort_order, available, base_data_type_id) VALUES (8,'AgilentG4502A_07_1','Agilent 244K Custom Gene Expression G4502A-07-1','AgilentG4502A_07','CGCC',8,1,3);
INSERT INTO platform (platform_id,  platform_name ,platform_display_name, platform_alias, center_type_code,sort_order, available, base_data_type_id) VALUES (10,'AgilentG4502A_07_2','Agilent 244K Custom Gene Expression G4502A-07-2','AgilentG4502A_07','CGCC',10,1,3);
INSERT INTO platform (platform_id,  platform_name ,platform_display_name, platform_alias, center_type_code,sort_order, available, base_data_type_id) VALUES (12,'H-miRNA_8x15K','Agilent 8 x 15K Human miRNA-specific microarray','H-miRNA_8x15K','CGCC',12,1,6);
INSERT INTO platform (platform_id,  platform_name ,platform_display_name, platform_alias, center_type_code,sort_order, available, base_data_type_id) VALUES (13,'HumanMethylation27','Illumina Infinium Human DNA Methylation 27','HumanMethylation27','CGCC',13,1,2);
INSERT INTO platform (platform_id,  platform_name ,platform_display_name, platform_alias, center_type_code,sort_order, available, base_data_type_id) VALUES (14,'AgilentG4502A_07_3','Agilent 244K Custom Gene Expression G4502A-07-3','AgilentG4502A_07','CGCC',14,1,3);
INSERT INTO platform (platform_id,  platform_name ,platform_display_name, platform_alias, center_type_code,sort_order, available, base_data_type_id) VALUES (15,'CGH-1x1M_G4447A','Agilent SurePrint G3 Human CGH Microarray Kit 1x1M','CGH-1x1M_G4447A','CGCC',15,1,4);
INSERT INTO platform (platform_id,  platform_name ,platform_display_name, platform_alias, center_type_code,sort_order, available, base_data_type_id) VALUES (16,'Human1MDuo','Illumina Human1M-Duo BeadChip','Human1MDuo','CGCC',16,1,1);
INSERT INTO platform (platform_id,  platform_name ,platform_display_name, platform_alias, center_type_code,sort_order, available, base_data_type_id) VALUES (17,'ABI','Applied Biosystems Sequence data','ABI','GSC',17,1,12);
INSERT INTO platform (platform_id,  platform_name ,platform_display_name, platform_alias, center_type_code,sort_order, available, base_data_type_id) VALUES (18,'AgilentG4502A_07','Agilent 244K Custom Gene Expression G4502A-07','AgilentG4502A_07','CGCC',18,1,3);
INSERT INTO platform (platform_id,  platform_name ,platform_display_name, platform_alias, center_type_code,sort_order, available, base_data_type_id) VALUES (20,'H-miRNA_8x15Kv2','Agilent Human miRNA Microarray Rel12.0','H-miRNA_8x15K','CGCC',20,1,6);
INSERT INTO platform (platform_id,  platform_name ,platform_display_name, platform_alias, center_type_code,sort_order, available, base_data_type_id) VALUES (21,'HG-CGH-415K_G4124A','Agilent Human Genome CGH Custom Microarray 2x415K','HG-CGH-415K_G4124A','CGCC',21,1,4);
INSERT INTO platform (platform_id,  platform_name ,platform_display_name, platform_alias, center_type_code,sort_order, available, base_data_type_id) VALUES (22,'IlluminaGA_mRNA_DGE','Illumina Genome Analyzer mRNA Digital Gene Expression','IlluminaGA_mRNA_DGE','CGCC',22,1,3);
INSERT INTO platform (platform_id,  platform_name ,platform_display_name, platform_alias, center_type_code,sort_order, available, base_data_type_id) VALUES (23,'HG-U133A_2','Affymetrix Human Genome U133A 2.0 Array','HG-U133A_2','CGCC',23,0,3);
INSERT INTO platform (platform_id,  platform_name ,platform_display_name, platform_alias, center_type_code,sort_order, available, base_data_type_id) VALUES (24,'HG-U133_Plus_2','Affymetrix Human Genome U133 Plus 2.0 Array','HG-U133_Plus_2','CGCC',24,0,3);
INSERT INTO platform (platform_id,  platform_name ,platform_display_name, platform_alias, center_type_code,sort_order, available, base_data_type_id) VALUES (25,'Mapping250K_Nsp','Affymetrix Human Mapping 250K Nsp Array','Mapping250K_Nsp','CGCC',25,0,1);
INSERT INTO platform (platform_id,  platform_name ,platform_display_name, platform_alias, center_type_code,sort_order, available, base_data_type_id) VALUES (26,'Mapping250K_Sty','Affymetrix Human Mapping 250K Sty Array','Mapping250K_Sty','CGCC',26,0,1);
INSERT INTO platform (platform_id,  platform_name ,platform_display_name, platform_alias, center_type_code,sort_order, available, base_data_type_id) VALUES (27,'GenomeWideSNP_5','Affymetrix Genome-Wide Human SNP Array 5.0','GenomeWideSNP_5','CGCC',27,0,1);
INSERT INTO platform (platform_id,  platform_name ,platform_display_name, platform_alias, center_type_code,sort_order, available, base_data_type_id) VALUES (28,'tissue_images','Tissue Images','tissue_images','BCR',28,0,16);
INSERT INTO platform (platform_id,  platform_name ,platform_display_name, platform_alias, center_type_code,sort_order, available, base_data_type_id) VALUES (29,'IlluminaGG','Illumina GoldenGate','IlluminaGG','CGCC',29,0,1);
INSERT INTO platform (platform_id,  platform_name ,platform_display_name, platform_alias, center_type_code,sort_order, available, base_data_type_id) VALUES (30,'bio','Biospecimen Metadata - Complete Set','bio','BCR',30,0,10);
INSERT INTO platform (platform_id,  platform_name ,platform_display_name, platform_alias, center_type_code,sort_order, available, base_data_type_id) VALUES (31,'454','454 Life Sciences Genome Sequence data','454','GSC',31,0,14);
INSERT INTO platform (platform_id,  platform_name ,platform_display_name, platform_alias, center_type_code,sort_order, available, base_data_type_id) VALUES (32,'minbio','Biospecimen Metadata - Minimal Set','minbio','BCR',32,0,11);
INSERT INTO platform (platform_id,  platform_name ,platform_display_name, platform_alias, center_type_code,sort_order, available, base_data_type_id) VALUES (33,'H-miRNA_EarlyAccess','Agilent Human miRNA Early Access Array','H-miRNA_EarlyAccess','CGCC',33,0,6);
INSERT INTO platform (platform_id,  platform_name ,platform_display_name, platform_alias, center_type_code,sort_order, available, base_data_type_id) VALUES (34,'WHG-CGH_4x44B','Agilent Human Genome CGH Microarray 44K','WHG-CGH_4x44B','CGCC',34,0,4);
INSERT INTO platform (platform_id,  platform_name ,platform_display_name, platform_alias, center_type_code,sort_order, available, base_data_type_id) VALUES (35,'WHG-1x44K_G4112A','Agilent Whole Human Genome','1 x 44K','CGCC',35,0,3);
INSERT INTO platform (platform_id,  platform_name ,platform_display_name, platform_alias, center_type_code,sort_order, available, base_data_type_id) VALUES (36,'H-miRNA_G4470A','Agilent Human miRNA Microarray','H-miRNA_G4470A','CGCC',36,0,6);
INSERT INTO platform (platform_id,  platform_name ,platform_display_name, platform_alias, center_type_code,sort_order, available, base_data_type_id) VALUES (37,'minbiotab','Biospecimen Metadata - Minimal Set - All Samples - Tab-delimited','minbiotab','BCR',37,0,11);
INSERT INTO platform (platform_id,  platform_name ,platform_display_name, platform_alias, center_type_code,sort_order, available, base_data_type_id) VALUES (38,'biotab','Biospecimen Metadata - Complete Set - All Samples - Tab-delimited','biotab','BCR',38,0,10);
INSERT INTO platform (platform_id,  platform_name ,platform_display_name, platform_alias, center_type_code,sort_order, available, base_data_type_id) VALUES (39,'WHG-4x44K_G4112F','Agilent Whole Human Genome Microarray Kit','4 x 44K','CGCC',39,0,3);
INSERT INTO platform (platform_id,  platform_name ,platform_display_name, platform_alias, center_type_code,sort_order, available, base_data_type_id) VALUES (40,'IlluminaGA_DNASeq','Illumina Genome Analyzer DNA Sequencing','IlluminaGA_DNASeq','GSC',40,1,7);
INSERT INTO platform (platform_id,  platform_name ,platform_display_name, platform_alias, center_type_code,sort_order, available, base_data_type_id) VALUES (41,'IlluminaGA_RNASeq','Illumina Genome Analyzer RNA Sequencing','IlluminaGA_RNASeq','CGCC',41,1,25);
INSERT INTO platform (platform_id,  platform_name ,platform_display_name, platform_alias, center_type_code,sort_order, available, base_data_type_id) VALUES (42,'SOLiD_DNASeq','ABI SOLiD DNA System Sequencing','SOLiD_DNASeq','GSC',42,1,7);
INSERT INTO platform (platform_id,  platform_name ,platform_display_name, platform_alias, center_type_code,sort_order, available, base_data_type_id) VALUES (43,'IlluminaGA_miRNASeq','Illumina Genome Analyzer miRNA Sequencing','IlluminaGA_miRNASeq','CGCC',43,1,20);

INSERT INTO disease (disease_id,disease_abbreviation,disease_name , active) values (1,'GBM','Glioblastoma multiforme',1);
INSERT INTO disease (disease_id,disease_abbreviation,disease_name , active) values (2,'LUSC','Lung squamous cell carcinoma',1);
INSERT INTO disease (disease_id,disease_abbreviation,disease_name , active) values (3,'OV','Ovarian serous cystadenocarcinoma',1);
INSERT INTO disease (disease_id,disease_abbreviation,disease_name , active) values (4,'LUAD','Lung adenocarcinoma',1);
INSERT INTO disease (disease_id,disease_abbreviation,disease_name , active) values (5,'BRCA','Breast invasive carcinoma',1);
INSERT INTO disease (disease_id,disease_abbreviation,disease_name , active) values (6,'COAD','Colon adenocarcinoma',1);
INSERT INTO disease (disease_id,disease_abbreviation,disease_name , active) values (7,'KIRC','Kidney renal clear cell carcinoma',0);
INSERT INTO disease (disease_id,disease_abbreviation,disease_name , active) values (8,'KIRP','Kidney renal papillary cell carcinoma',1);
INSERT INTO disease (disease_id,disease_abbreviation,disease_name , active) values (9,'STAD','Stomach adenocarcinoma',0);
INSERT INTO disease (disease_id,disease_abbreviation,disease_name , active) values (10,'HNSC','Head and Neck squamous cell carcinoma',0);
INSERT INTO disease (disease_id,disease_abbreviation,disease_name , active) values (11,'LIHC','Liver hepatocellular carcinoma',0);
INSERT INTO disease (disease_id,disease_abbreviation,disease_name , active) values (12,'CESC','Cervical Squamous Cell Carcinoma',0);
INSERT INTO disease (disease_id,disease_abbreviation,disease_name , active) values (13,'LAML','Acute Myeloid Leukemia',1);
INSERT INTO disease (disease_id,disease_abbreviation,disease_name , active) values (14,'LCLL','Chronic Lymphocytic Leukemia',0);
INSERT INTO disease (disease_id,disease_abbreviation,disease_name , active) values (15,'SKCM','Cutaneous Melanoma',0);
INSERT INTO disease (disease_id,disease_abbreviation,disease_name , active) values (16,'BLNP','Urothelial Carcinoma - Non-Papillary (NP)',0);
INSERT INTO disease (disease_id,disease_abbreviation,disease_name , active) values (17,'BLP','Urothelial Carcinoma - Papillary (P)',0);
INSERT INTO disease (disease_id,disease_abbreviation,disease_name , active) values (18,'LNNH','Lymphoid Neoplasm Non-Hodgkins Lymphoma',0);
INSERT INTO disease (disease_id,disease_abbreviation,disease_name , active) values (20,'THCA','Thyroid carcinoma',0);
INSERT INTO disease (disease_id,disease_abbreviation,disease_name , active) values (21,'LGG','Brain Lower Grade Glioma',0);
INSERT INTO disease (disease_id,disease_abbreviation,disease_name , active) values (22,'PRAD','Prostate adenocarcinoma',0);
INSERT INTO disease (disease_id,disease_abbreviation,disease_name , active) values (23,'UCEC','Uterine Corpus Endometrioid Carcinoma',1);
INSERT INTO disease (disease_id,disease_abbreviation,disease_name , active) values (24,'READ','Rectum adenocarcinoma',1);
INSERT INTO disease (disease_id,disease_abbreviation,disease_name , active) values (25,'SALD','Dedifferentiated Liposarcoma',0);
INSERT INTO disease (disease_id,disease_abbreviation,disease_name , active) values (26,'DLBC','Lymphoid Neoplasm Diffuse Large B Cell Lymphoma',0);
INSERT INTO disease (disease_id,disease_abbreviation,disease_name , active) values (27,'PAAD','Pancreatic adenocarcinoma',0);

INSERT INTO data_type_to_platform (data_type_platform_id,data_type_id,platform_id) VALUES (1,3,23);
INSERT INTO data_type_to_platform (data_type_platform_id,data_type_id,platform_id) VALUES (2,3,24);
INSERT INTO data_type_to_platform (data_type_platform_id,data_type_id,platform_id) VALUES (3,3,4);
INSERT INTO data_type_to_platform (data_type_platform_id,data_type_id,platform_id) VALUES (4,5,6);
INSERT INTO data_type_to_platform (data_type_platform_id,data_type_id,platform_id) VALUES (5,1,25);
INSERT INTO data_type_to_platform (data_type_platform_id,data_type_id,platform_id) VALUES (6,4,25);
INSERT INTO data_type_to_platform (data_type_platform_id,data_type_id,platform_id) VALUES (7,1,26);
INSERT INTO data_type_to_platform (data_type_platform_id,data_type_id,platform_id) VALUES (8,4,26);
INSERT INTO data_type_to_platform (data_type_platform_id,data_type_id,platform_id) VALUES (9,1,27);
INSERT INTO data_type_to_platform (data_type_platform_id,data_type_id,platform_id) VALUES (10,4,27);
INSERT INTO data_type_to_platform (data_type_platform_id,data_type_id,platform_id) VALUES (11,6,36);
INSERT INTO data_type_to_platform (data_type_platform_id,data_type_id,platform_id) VALUES (12,4,34);
INSERT INTO data_type_to_platform (data_type_platform_id,data_type_id,platform_id) VALUES (13,4,5);
INSERT INTO data_type_to_platform (data_type_platform_id,data_type_id,platform_id) VALUES (14,3,35);
INSERT INTO data_type_to_platform (data_type_platform_id,data_type_id,platform_id) VALUES (15,3,39);
INSERT INTO data_type_to_platform (data_type_platform_id,data_type_id,platform_id) VALUES (16,1,29);
INSERT INTO data_type_to_platform (data_type_platform_id,data_type_id,platform_id) VALUES (17,4,29);
INSERT INTO data_type_to_platform (data_type_platform_id,data_type_id,platform_id) VALUES (18,2,2);
INSERT INTO data_type_to_platform (data_type_platform_id,data_type_id,platform_id) VALUES (19,1,7);
INSERT INTO data_type_to_platform (data_type_platform_id,data_type_id,platform_id) VALUES (21,10,30);
INSERT INTO data_type_to_platform (data_type_platform_id,data_type_id,platform_id) VALUES (24,12,17);
INSERT INTO data_type_to_platform (data_type_platform_id,data_type_id,platform_id) VALUES (26,7,31);
INSERT INTO data_type_to_platform (data_type_platform_id,data_type_id,platform_id) VALUES (27,12,31);
INSERT INTO data_type_to_platform (data_type_platform_id,data_type_id,platform_id) VALUES (28,14,31);
INSERT INTO data_type_to_platform (data_type_platform_id,data_type_id,platform_id) VALUES (29,1,1);
INSERT INTO data_type_to_platform (data_type_platform_id,data_type_id,platform_id) VALUES (30,11,32);
INSERT INTO data_type_to_platform (data_type_platform_id,data_type_id,platform_id) VALUES (31,6,12);
INSERT INTO data_type_to_platform (data_type_platform_id,data_type_id,platform_id) VALUES (32,6,33);
INSERT INTO data_type_to_platform (data_type_platform_id,data_type_id,platform_id) VALUES (33,11,37);
INSERT INTO data_type_to_platform (data_type_platform_id,data_type_id,platform_id) VALUES (34,10,38);
INSERT INTO data_type_to_platform (data_type_platform_id,data_type_id,platform_id) VALUES (35,3,8);
INSERT INTO data_type_to_platform (data_type_platform_id,data_type_id,platform_id) VALUES (36,3,10);
INSERT INTO data_type_to_platform (data_type_platform_id,data_type_id,platform_id) VALUES (37,2,3);
INSERT INTO data_type_to_platform (data_type_platform_id,data_type_id,platform_id) VALUES (38,2,13);
INSERT INTO data_type_to_platform (data_type_platform_id,data_type_id,platform_id) VALUES (39,16,28);
INSERT INTO data_type_to_platform (data_type_platform_id,data_type_id,platform_id) VALUES (40,3,14);
INSERT INTO data_type_to_platform (data_type_platform_id,data_type_id,platform_id) VALUES (41,1,16);
INSERT INTO data_type_to_platform (data_type_platform_id,data_type_id,platform_id) VALUES (42,4,15);
INSERT INTO data_type_to_platform (data_type_platform_id,data_type_id,platform_id) VALUES (43,6,20);
INSERT INTO data_type_to_platform (data_type_platform_id,data_type_id,platform_id) VALUES (44,3,22);
INSERT INTO data_type_to_platform (data_type_platform_id,data_type_id,platform_id) VALUES (45,4,21);
INSERT INTO data_type_to_platform (data_type_platform_id,data_type_id,platform_id) VALUES (46,3,18);
INSERT INTO data_type_to_platform (data_type_platform_id,data_type_id,platform_id) VALUES (47,7,40);
INSERT INTO data_type_to_platform (data_type_platform_id,data_type_id,platform_id) VALUES (50,17,40);
INSERT INTO data_type_to_platform (data_type_platform_id,data_type_id,platform_id) VALUES (51,18,40);
INSERT INTO data_type_to_platform (data_type_platform_id,data_type_id,platform_id) VALUES (54,21,43);
INSERT INTO data_type_to_platform (data_type_platform_id,data_type_id,platform_id) VALUES (55,20,41);
INSERT INTO data_type_to_platform (data_type_platform_id,data_type_id,platform_id) VALUES (56,19,43);
INSERT INTO data_type_to_platform (data_type_platform_id,data_type_id,platform_id) VALUES (57,18,43);
INSERT INTO data_type_to_platform (data_type_platform_id,data_type_id,platform_id) VALUES (58,22,43);
INSERT INTO data_type_to_platform (data_type_platform_id,data_type_id,platform_id) VALUES (59,7,42);
INSERT INTO data_type_to_platform (data_type_platform_id,data_type_id,platform_id) VALUES (60,18,42);
INSERT INTO data_type_to_platform (data_type_platform_id,data_type_id,platform_id) VALUES (61,18,41);
INSERT INTO data_type_to_platform (data_type_platform_id,data_type_id,platform_id) VALUES (62,21,41);
INSERT INTO data_type_to_platform (data_type_platform_id,data_type_id,platform_id) VALUES (63,23,41);
INSERT INTO data_type_to_platform (data_type_platform_id,data_type_id,platform_id) VALUES (64,24,41);
INSERT INTO data_type_to_platform (data_type_platform_id,data_type_id,platform_id) VALUES (65,25,41);
INSERT INTO data_type_to_platform (data_type_platform_id,data_type_id,platform_id) VALUES (66,18,2);
INSERT INTO data_type_to_platform (data_type_platform_id,data_type_id,platform_id) VALUES (67,18,3);
INSERT INTO data_type_to_platform (data_type_platform_id,data_type_id,platform_id) VALUES (68,18,22);



INSERT INTO GENERATION_METHOD (GENERATION_METHOD_ID, GENERATION_METHOD) VALUES ('1', 'Web');
INSERT INTO GENERATION_METHOD (GENERATION_METHOD_ID, GENERATION_METHOD) VALUES ('2', 'REST');
INSERT INTO GENERATION_METHOD (GENERATION_METHOD_ID, GENERATION_METHOD) VALUES ('3', 'Upload');
INSERT INTO GENERATION_METHOD (GENERATION_METHOD_ID, GENERATION_METHOD) VALUES ('4', 'API');


INSERT INTO tissue_source_site (tss_code,  tss_definition ,receiving_center_id) VALUES ('01','International Genomics Consortium',14);
INSERT INTO tissue_source_site (tss_code,  tss_definition ,receiving_center_id) VALUES ('02','MD Anderson Cancer Center',14);
INSERT INTO tissue_source_site (tss_code,  tss_definition ,receiving_center_id) VALUES ('03','Lung Cancer Tissue Bank of CALGB',14);
INSERT INTO tissue_source_site (tss_code,  tss_definition ,receiving_center_id) VALUES ('04','Gynecologic Oncology Group',14);
INSERT INTO tissue_source_site (tss_code,  tss_definition ,receiving_center_id) VALUES ('05','Indivumed',14);
INSERT INTO tissue_source_site (tss_code,  tss_definition ,receiving_center_id) VALUES ('06','Henry Ford Hospital',14);
INSERT INTO tissue_source_site (tss_code,  tss_definition ,receiving_center_id) VALUES ('07','TGen',14);
INSERT INTO tissue_source_site (tss_code,  tss_definition ,receiving_center_id) VALUES ('08','UCSF',14);
INSERT INTO tissue_source_site (tss_code,  tss_definition ,receiving_center_id) VALUES ('09','UCSF',14);
INSERT INTO tissue_source_site (tss_code,  tss_definition ,receiving_center_id) VALUES ('10','MD Anderson Cancer Center',14);
INSERT INTO tissue_source_site (tss_code,  tss_definition ,receiving_center_id) VALUES ('11','MD Anderson Cancer Center',14);
INSERT INTO tissue_source_site (tss_code,  tss_definition ,receiving_center_id) VALUES ('12','Duke',14);
INSERT INTO tissue_source_site (tss_code,  tss_definition ,receiving_center_id) VALUES ('13','Memorial Sloan Kettering',14);
INSERT INTO tissue_source_site (tss_code,  tss_definition ,receiving_center_id) VALUES ('14','Emory University',14);
INSERT INTO tissue_source_site (tss_code,  tss_definition ,receiving_center_id) VALUES ('15','Mayo Clinic - Rochester',14);
INSERT INTO tissue_source_site (tss_code,  tss_definition ,receiving_center_id) VALUES ('16','Toronto Western Hospital',14);
INSERT INTO tissue_source_site (tss_code,  tss_definition ,receiving_center_id) VALUES ('17','Washington University',14);
INSERT INTO tissue_source_site (tss_code,  tss_definition ,receiving_center_id) VALUES ('18','Princess Margaret Hospital (Canada)',14);
INSERT INTO tissue_source_site (tss_code,  tss_definition ,receiving_center_id) VALUES ('19','Case Western',14);
INSERT INTO tissue_source_site (tss_code,  tss_definition ,receiving_center_id) VALUES ('20','Fox Chase Cancer Center',14);
INSERT INTO tissue_source_site (tss_code,  tss_definition ,receiving_center_id) VALUES ('21','Fox Chase Cancer Center',14);
INSERT INTO tissue_source_site (tss_code,  tss_definition ,receiving_center_id) VALUES ('22','Mayo Clinic - Rochester',14);
INSERT INTO tissue_source_site (tss_code,  tss_definition ,receiving_center_id) VALUES ('23','Cedars Sinai',14);
INSERT INTO tissue_source_site (tss_code,  tss_definition ,receiving_center_id) VALUES ('24','Washington University',14);
INSERT INTO tissue_source_site (tss_code,  tss_definition ,receiving_center_id) VALUES ('25','Mayo Clinic - Rochester',14);
INSERT INTO tissue_source_site (tss_code,  tss_definition ,receiving_center_id) VALUES ('26','University of Florida',14);
INSERT INTO tissue_source_site (tss_code,  tss_definition ,receiving_center_id) VALUES ('27','Milan - Italy, Fondazione IRCCS Instituto Neuroligico C. Besta',14);
INSERT INTO tissue_source_site (tss_code,  tss_definition ,receiving_center_id) VALUES ('28','Cedars Sinai',14);
INSERT INTO tissue_source_site (tss_code,  tss_definition ,receiving_center_id) VALUES ('29','Duke',14);
INSERT INTO tissue_source_site (tss_code,  tss_definition ,receiving_center_id) VALUES ('30','Harvard',14);
INSERT INTO tissue_source_site (tss_code,  tss_definition ,receiving_center_id) VALUES ('31','Imperial College',14);
INSERT INTO tissue_source_site (tss_code,  tss_definition ,receiving_center_id) VALUES ('32','St. Joseph''s Hospital (AZ)',14);
INSERT INTO tissue_source_site (tss_code,  tss_definition ,receiving_center_id) VALUES ('33','Johns Hopkins',14);
INSERT INTO tissue_source_site (tss_code,  tss_definition ,receiving_center_id) VALUES ('34','University of Pittsburgh',14);
INSERT INTO tissue_source_site (tss_code,  tss_definition ,receiving_center_id) VALUES ('35','Cureline',14);
INSERT INTO tissue_source_site (tss_code,  tss_definition ,receiving_center_id) VALUES ('36','BC Cancer Agency',14);
INSERT INTO tissue_source_site (tss_code,  tss_definition ,receiving_center_id) VALUES ('37','Cureline',14);
INSERT INTO tissue_source_site (tss_code,  tss_definition ,receiving_center_id) VALUES ('38','UNC',14);
INSERT INTO tissue_source_site (tss_code,  tss_definition ,receiving_center_id) VALUES ('39','MSKCC',14);
INSERT INTO tissue_source_site (tss_code,  tss_definition ,receiving_center_id) VALUES ('40','MSKCC',14);
INSERT INTO tissue_source_site (tss_code,  tss_definition ,receiving_center_id) VALUES ('41','Christiana Healthcare',14);
INSERT INTO tissue_source_site (tss_code,  tss_definition ,receiving_center_id) VALUES ('42','Christiana Healthcare',14);
INSERT INTO tissue_source_site (tss_code,  tss_definition ,receiving_center_id) VALUES ('43','Christiana Healthcare',14);
INSERT INTO tissue_source_site (tss_code,  tss_definition ,receiving_center_id) VALUES ('44','Christiana Healthcare',14);
INSERT INTO tissue_source_site (tss_code,  tss_definition ,receiving_center_id) VALUES ('45','St. Joseph''s Medical Center (MD)',14);
INSERT INTO tissue_source_site (tss_code,  tss_definition ,receiving_center_id) VALUES ('46','St. Joseph''s Medical Center (MD)',14);
INSERT INTO tissue_source_site (tss_code,  tss_definition ,receiving_center_id) VALUES ('47','St. Joseph''s Medical Center (MD)',14);
INSERT INTO tissue_source_site (tss_code,  tss_definition ,receiving_center_id) VALUES ('48','Princess Margaret Hospital (Canada)',14);
INSERT INTO tissue_source_site (tss_code,  tss_definition ,receiving_center_id) VALUES ('49','Johns Hopkins',14);
INSERT INTO tissue_source_site (tss_code,  tss_definition ,receiving_center_id) VALUES ('50','University of Pittsburgh',14);
INSERT INTO tissue_source_site (tss_code,  tss_definition ,receiving_center_id) VALUES ('51','UNC',14);
INSERT INTO tissue_source_site (tss_code,  tss_definition ,receiving_center_id) VALUES ('55','International Genomics Consortium',14);
INSERT INTO tissue_source_site (tss_code,  tss_definition ,receiving_center_id) VALUES ('56','International Genomics Consortium',14);
INSERT INTO tissue_source_site (tss_code,  tss_definition ,receiving_center_id) VALUES ('57','International Genomics Consortium',14);
INSERT INTO tissue_source_site (tss_code,  tss_definition ,receiving_center_id) VALUES ('59','Roswell Park',14);
INSERT INTO tissue_source_site (tss_code,  tss_definition ,receiving_center_id) VALUES ('60','Roswell Park',14);
INSERT INTO tissue_source_site (tss_code,  tss_definition ,receiving_center_id) VALUES ('61','University of Pittsburgh',14);
INSERT INTO tissue_source_site (tss_code,  tss_definition ,receiving_center_id) VALUES ('63','Ontario Institute for Cancer Research',14);
INSERT INTO tissue_source_site (tss_code,  tss_definition ,receiving_center_id) VALUES ('64','Fox Chase',14);
INSERT INTO tissue_source_site (tss_code,  tss_definition ,receiving_center_id) VALUES ('65','Roswell Park',14);
INSERT INTO tissue_source_site (tss_code,  tss_definition ,receiving_center_id) VALUES ('66','Indivumed',14);
INSERT INTO tissue_source_site (tss_code,  tss_definition ,receiving_center_id) VALUES ('67','St Joseph''s Medical Center (MD)',14);
INSERT INTO tissue_source_site (tss_code,  tss_definition ,receiving_center_id) VALUES ('70','ILSBio',14);
INSERT INTO tissue_source_site (tss_code,  tss_definition ,receiving_center_id) VALUES ('71','ILSBio',14);
INSERT INTO tissue_source_site (tss_code,  tss_definition ,receiving_center_id) VALUES ('72','NCH',14);
INSERT INTO tissue_source_site (tss_code,  tss_definition ,receiving_center_id) VALUES ('73','Roswell Park',14);
INSERT INTO tissue_source_site (tss_code,  tss_definition ,receiving_center_id) VALUES ('74','Swedish Neurosciences',14);
INSERT INTO tissue_source_site (tss_code,  tss_definition ,receiving_center_id) VALUES ('77','Prince Charles Hospital',14);
INSERT INTO tissue_source_site (tss_code,  tss_definition ,receiving_center_id) VALUES ('78','Prince Charles Hospital',14);
INSERT INTO tissue_source_site (tss_code,  tss_definition ,receiving_center_id) VALUES ('79','Ontario Institute for Cancer Research (OICR)/Ottawa',14);
INSERT INTO tissue_source_site (tss_code,  tss_definition ,receiving_center_id) VALUES ('80','Ontario Institute for Cancer Research (OICR)/Ottawa',14);
INSERT INTO tissue_source_site (tss_code,  tss_definition ,receiving_center_id) VALUES ('81','CHI-Penrose Colorado',14);
INSERT INTO tissue_source_site (tss_code,  tss_definition ,receiving_center_id) VALUES ('82','CHI-Penrose Colorado',14);
INSERT INTO tissue_source_site (tss_code,  tss_definition ,receiving_center_id) VALUES ('83','CHI-Penrose Colorado',14);
INSERT INTO tissue_source_site (tss_code,  tss_definition ,receiving_center_id) VALUES ('84','Asterand',14);
INSERT INTO tissue_source_site (tss_code,  tss_definition ,receiving_center_id) VALUES ('85','Asterand',14);
INSERT INTO tissue_source_site (tss_code,  tss_definition ,receiving_center_id) VALUES ('86','Asterand',14);
INSERT INTO tissue_source_site (tss_code,  tss_definition ,receiving_center_id) VALUES ('A1','UCSF',11);
INSERT INTO tissue_source_site (tss_code,  tss_definition ,receiving_center_id) VALUES ('A2','Walter Reed',11);
INSERT INTO tissue_source_site (tss_code,  tss_definition ,receiving_center_id) VALUES ('A3','International Genomics Consortium',14);
INSERT INTO tissue_source_site (tss_code,  tss_definition ,receiving_center_id) VALUES ('A4','International Genomics Consortium',14);
INSERT INTO tissue_source_site (tss_code,  tss_definition ,receiving_center_id) VALUES ('A5','Cedars Sinai',11);
INSERT INTO tissue_source_site (tss_code,  tss_definition ,receiving_center_id) VALUES ('A6','Christiana Healthcare',14);
INSERT INTO tissue_source_site (tss_code,  tss_definition ,receiving_center_id) VALUES ('A7','Christiana Healthcare',11);
INSERT INTO tissue_source_site (tss_code,  tss_definition ,receiving_center_id) VALUES ('A8','Indivumed',11);
INSERT INTO tissue_source_site (tss_code,  tss_definition ,receiving_center_id) VALUES ('AA','Indivumed',14);
INSERT INTO tissue_source_site (tss_code,  tss_definition ,receiving_center_id) VALUES ('AB','Washington University',11);
INSERT INTO tissue_source_site (tss_code,  tss_definition ,receiving_center_id) VALUES ('AC','International Genomics Consortium',11);
INSERT INTO tissue_source_site (tss_code,  tss_definition ,receiving_center_id) VALUES ('AD','International Genomics Consortium',14);
INSERT INTO tissue_source_site (tss_code,  tss_definition ,receiving_center_id) VALUES ('AE','Washington University',14);
INSERT INTO tissue_source_site (tss_code,  tss_definition ,receiving_center_id) VALUES ('AF','Christiana Healthcare',14);
INSERT INTO tissue_source_site (tss_code,  tss_definition ,receiving_center_id) VALUES ('AG','Indivumed',14);
INSERT INTO tissue_source_site (tss_code,  tss_definition ,receiving_center_id) VALUES ('AH','International Genomics Consortium',14);
INSERT INTO tissue_source_site (tss_code,  tss_definition ,receiving_center_id) VALUES ('AI','Washington University',14);
INSERT INTO tissue_source_site (tss_code,  tss_definition ,receiving_center_id) VALUES ('AJ','International Genomics Conosrtium',11);
INSERT INTO tissue_source_site (tss_code,  tss_definition ,receiving_center_id) VALUES ('AK','Fox Chase',14);
INSERT INTO tissue_source_site (tss_code,  tss_definition ,receiving_center_id) VALUES ('AL','Fox Chase',14);
INSERT INTO tissue_source_site (tss_code,  tss_definition ,receiving_center_id) VALUES ('AM','Cureline',14);
INSERT INTO tissue_source_site (tss_code,  tss_definition ,receiving_center_id) VALUES ('AN','Cureline',11);
INSERT INTO tissue_source_site (tss_code,  tss_definition ,receiving_center_id) VALUES ('AO','MSKCC',11);
INSERT INTO tissue_source_site (tss_code,  tss_definition ,receiving_center_id) VALUES ('AP','MSKCC',11);
INSERT INTO tissue_source_site (tss_code,  tss_definition ,receiving_center_id) VALUES ('AQ','UNC ',11);
INSERT INTO tissue_source_site (tss_code,  tss_definition ,receiving_center_id) VALUES ('AR','Mayo',11);
INSERT INTO tissue_source_site (tss_code,  tss_definition ,receiving_center_id) VALUES ('AS','St. Joseph''s Medical Center-(MD)',14);
INSERT INTO tissue_source_site (tss_code,  tss_definition ,receiving_center_id) VALUES ('AT','St. Joseph''s Medical Center-(MD)',14);
INSERT INTO tissue_source_site (tss_code,  tss_definition ,receiving_center_id) VALUES ('AU','St. Joseph''s Medical Center-(MD)',14);
INSERT INTO tissue_source_site (tss_code,  tss_definition ,receiving_center_id) VALUES ('AV','NCH',11);
INSERT INTO tissue_source_site (tss_code,  tss_definition ,receiving_center_id) VALUES ('AW','Cureline',11);
INSERT INTO tissue_source_site (tss_code,  tss_definition ,receiving_center_id) VALUES ('AX','Gynecologic Oncology Group',11);
INSERT INTO tissue_source_site (tss_code,  tss_definition ,receiving_center_id) VALUES ('AY','UNC',14);
INSERT INTO tissue_source_site (tss_code,  tss_definition ,receiving_center_id) VALUES ('AZ','University of Pittsburgh',14);
INSERT INTO tissue_source_site (tss_code,  tss_definition ,receiving_center_id) VALUES ('B0','University of Pittsburgh',14);
INSERT INTO tissue_source_site (tss_code,  tss_definition ,receiving_center_id) VALUES ('B1','University of Pittsburgh',14);
INSERT INTO tissue_source_site (tss_code,  tss_definition ,receiving_center_id) VALUES ('B2','Christiana Healthcare',14);
INSERT INTO tissue_source_site (tss_code,  tss_definition ,receiving_center_id) VALUES ('B3','Christiana Healthcare',14);
INSERT INTO tissue_source_site (tss_code,  tss_definition ,receiving_center_id) VALUES ('B4','Cureline',14);
INSERT INTO tissue_source_site (tss_code,  tss_definition ,receiving_center_id) VALUES ('B5','Duke',11);
INSERT INTO tissue_source_site (tss_code,  tss_definition ,receiving_center_id) VALUES ('B6','Duke',11);
INSERT INTO tissue_source_site (tss_code,  tss_definition ,receiving_center_id) VALUES ('B7','Cureline',14);
INSERT INTO tissue_source_site (tss_code,  tss_definition ,receiving_center_id) VALUES ('B8','UNC',14);
INSERT INTO tissue_source_site (tss_code,  tss_definition ,receiving_center_id) VALUES ('B9','UNC',14);
INSERT INTO tissue_source_site (tss_code,  tss_definition ,receiving_center_id) VALUES ('BA','UNC',14);
INSERT INTO tissue_source_site (tss_code,  tss_definition ,receiving_center_id) VALUES ('BB','Johns Hopkins',14);
INSERT INTO tissue_source_site (tss_code,  tss_definition ,receiving_center_id) VALUES ('BC','UNC',11);
INSERT INTO tissue_source_site (tss_code,  tss_definition ,receiving_center_id) VALUES ('BD','University of Pittsburgh',11);
INSERT INTO tissue_source_site (tss_code,  tss_definition ,receiving_center_id) VALUES ('BE','Curleline',14);
INSERT INTO tissue_source_site (tss_code,  tss_definition ,receiving_center_id) VALUES ('BF','Cureline',11);
INSERT INTO tissue_source_site (tss_code,  tss_definition ,receiving_center_id) VALUES ('BG','University of Pittsburgh',11);
INSERT INTO tissue_source_site (tss_code,  tss_definition ,receiving_center_id) VALUES ('BH','University of Pittsburgh',11);
INSERT INTO tissue_source_site (tss_code,  tss_definition ,receiving_center_id) VALUES ('BI','University of Pittsburgh',11);
INSERT INTO tissue_source_site (tss_code,  tss_definition ,receiving_center_id) VALUES ('BJ','University of Pittsburgh',14);
INSERT INTO tissue_source_site (tss_code,  tss_definition ,receiving_center_id) VALUES ('BK','Christiana Healthcare',11);
INSERT INTO tissue_source_site (tss_code,  tss_definition ,receiving_center_id) VALUES ('BL','Christiana Healthcare',11);
INSERT INTO tissue_source_site (tss_code,  tss_definition ,receiving_center_id) VALUES ('BM','UNC',14);
INSERT INTO tissue_source_site (tss_code,  tss_definition ,receiving_center_id) VALUES ('BN','Christiana Healthcare',11);
INSERT INTO tissue_source_site (tss_code,  tss_definition ,receiving_center_id) VALUES ('BP','MSKCC',14);
INSERT INTO tissue_source_site (tss_code,  tss_definition ,receiving_center_id) VALUES ('BQ','MSKCC',14);
INSERT INTO tissue_source_site (tss_code,  tss_definition ,receiving_center_id) VALUES ('BR','Asterand',14);
INSERT INTO tissue_source_site (tss_code,  tss_definition ,receiving_center_id) VALUES ('BS','University of Hawaii',11);
INSERT INTO tissue_source_site (tss_code,  tss_definition ,receiving_center_id) VALUES ('BT','University of Pittsburgh',11);
INSERT INTO tissue_source_site (tss_code,  tss_definition ,receiving_center_id) VALUES ('BU','University of Pittsburgh',11);
INSERT INTO tissue_source_site (tss_code,  tss_definition ,receiving_center_id) VALUES ('BV','St. Joseph''s Medical Center-(MD)',14);
INSERT INTO tissue_source_site (tss_code,  tss_definition ,receiving_center_id) VALUES ('BW','St. Joseph''s Medical Center-(MD)',11);
INSERT INTO tissue_source_site (tss_code,  tss_definition ,receiving_center_id) VALUES ('BX','St. Joseph''s Medical Center-(MD)',14);
INSERT INTO tissue_source_site (tss_code,  tss_definition ,receiving_center_id) VALUES ('BY','St. Joseph''s Medical Center-(MD)',14);
INSERT INTO tissue_source_site (tss_code,  tss_definition ,receiving_center_id) VALUES ('BZ','St. Joseph''s Medical Center-(MD)',14);
INSERT INTO tissue_source_site (tss_code,  tss_definition ,receiving_center_id) VALUES ('C2','St. Joseph''s Medical Center-(MD)',14);
INSERT INTO tissue_source_site (tss_code,  tss_definition ,receiving_center_id) VALUES ('C3','St. Joseph''s Medical Center-(MD)',14);
INSERT INTO tissue_source_site (tss_code,  tss_definition ,receiving_center_id) VALUES ('C4','Indivumed',11);
INSERT INTO tissue_source_site (tss_code,  tss_definition ,receiving_center_id) VALUES ('C5','Medical College of Wisconsin',11);
INSERT INTO tissue_source_site (tss_code,  tss_definition ,receiving_center_id) VALUES ('C6','University of Texas MD Anderson Cancer Center',11);
INSERT INTO tissue_source_site (tss_code,  tss_definition ,receiving_center_id) VALUES ('C7','University of Utah',11);
INSERT INTO tissue_source_site (tss_code,  tss_definition ,receiving_center_id) VALUES ('C8','ILSBio',11);
INSERT INTO tissue_source_site (tss_code,  tss_definition ,receiving_center_id) VALUES ('C9','ILSBio',11);
INSERT INTO tissue_source_site (tss_code,  tss_definition ,receiving_center_id) VALUES ('CA','ILSBio',14);
INSERT INTO tissue_source_site (tss_code,  tss_definition ,receiving_center_id) VALUES ('CB','ILSBio',14);
INSERT INTO tissue_source_site (tss_code,  tss_definition ,receiving_center_id) VALUES ('CC','ILSBio',11);
INSERT INTO tissue_source_site (tss_code,  tss_definition ,receiving_center_id) VALUES ('CD','ILSBio',14);
INSERT INTO tissue_source_site (tss_code,  tss_definition ,receiving_center_id) VALUES ('CE','ILSBio',14);
INSERT INTO tissue_source_site (tss_code,  tss_definition ,receiving_center_id) VALUES ('CF','ILSBio',11);
INSERT INTO tissue_source_site (tss_code,  tss_definition ,receiving_center_id) VALUES ('CG','Indivumed',14);
INSERT INTO tissue_source_site (tss_code,  tss_definition ,receiving_center_id) VALUES ('CH','Indivumed',14);
INSERT INTO tissue_source_site (tss_code,  tss_definition ,receiving_center_id) VALUES ('CI','University of Pittsburgh',14);
INSERT INTO tissue_source_site (tss_code,  tss_definition ,receiving_center_id) VALUES ('CJ','MD Anderson Cancer Center',14);
INSERT INTO tissue_source_site (tss_code,  tss_definition ,receiving_center_id) VALUES ('CK','Harvard',14);
INSERT INTO tissue_source_site (tss_code,  tss_definition ,receiving_center_id) VALUES ('CL','Harvard',14);
INSERT INTO tissue_source_site (tss_code,  tss_definition ,receiving_center_id) VALUES ('CM','MSKCC',14);
INSERT INTO tissue_source_site (tss_code,  tss_definition ,receiving_center_id) VALUES ('CN','University of Pittsburgh',14);
INSERT INTO tissue_source_site (tss_code,  tss_definition ,receiving_center_id) VALUES ('CP','Swedish Neurosciences',14);
INSERT INTO tissue_source_site (tss_code,  tss_definition ,receiving_center_id) VALUES ('CQ','University Health Network, Toronto',14);
INSERT INTO tissue_source_site (tss_code,  tss_definition ,receiving_center_id) VALUES ('CR','Vanderbilt University',14);
INSERT INTO tissue_source_site (tss_code,  tss_definition ,receiving_center_id) VALUES ('CS','Thomas Jefferson University',14);
INSERT INTO tissue_source_site (tss_code,  tss_definition ,receiving_center_id) VALUES ('CT','UNC',11);
INSERT INTO tissue_source_site (tss_code,  tss_definition ,receiving_center_id) VALUES ('CU','UNC',11);
INSERT INTO tissue_source_site (tss_code,  tss_definition ,receiving_center_id) VALUES ('CV','MD Anderson Cancer Center',14);
INSERT INTO tissue_source_site (tss_code,  tss_definition ,receiving_center_id) VALUES ('CW','Mayo Clinic - Rochester',14);
INSERT INTO tissue_source_site (tss_code,  tss_definition ,receiving_center_id) VALUES ('CX','Medical College of Georgia',14);
INSERT INTO tissue_source_site (tss_code,  tss_definition ,receiving_center_id) VALUES ('CY','Ontario Institute for Cancer Research (OICR)',14);
INSERT INTO tissue_source_site (tss_code,  tss_definition ,receiving_center_id) VALUES ('CZ','Harvard',14);
INSERT INTO tissue_source_site (tss_code,  tss_definition ,receiving_center_id) VALUES ('D1','Mayo Clinic',11);
INSERT INTO tissue_source_site (tss_code,  tss_definition ,receiving_center_id) VALUES ('D2','MD Anderson',11);
INSERT INTO tissue_source_site (tss_code,  tss_definition ,receiving_center_id) VALUES ('D3','MD Anderson',11);
INSERT INTO tissue_source_site (tss_code,  tss_definition ,receiving_center_id) VALUES ('D4','MD Anderson',11);
INSERT INTO tissue_source_site (tss_code,  tss_definition ,receiving_center_id) VALUES ('D5','Greater Poland Cancer Center',14);
INSERT INTO tissue_source_site (tss_code,  tss_definition ,receiving_center_id) VALUES ('D6','Greater Poland Cancer Center',14);
INSERT INTO tissue_source_site (tss_code,  tss_definition ,receiving_center_id) VALUES ('D7','Greater Poland Cancer Center',14);
INSERT INTO tissue_source_site (tss_code,  tss_definition ,receiving_center_id) VALUES ('D8','Greater Poland Cancer Center',11);
INSERT INTO tissue_source_site (tss_code,  tss_definition ,receiving_center_id) VALUES ('D9','Greater Poland Cancer Center',11);
INSERT INTO tissue_source_site (tss_code,  tss_definition ,receiving_center_id) VALUES ('DA','Yale',11);
INSERT INTO tissue_source_site (tss_code,  tss_definition ,receiving_center_id) VALUES ('DB','Mayo Clinic - Rochester',14);
INSERT INTO tissue_source_site (tss_code,  tss_definition ,receiving_center_id) VALUES ('DC','MSKCC',14);
INSERT INTO tissue_source_site (tss_code,  tss_definition ,receiving_center_id) VALUES ('DD','Mayo Clinic - Rochester',11);
INSERT INTO tissue_source_site (tss_code,  tss_definition ,receiving_center_id) VALUES ('DE','University of North Carolina',11);
INSERT INTO tissue_source_site (tss_code,  tss_definition ,receiving_center_id) VALUES ('DF','Ontario Institute for Cancer Research',11);
INSERT INTO tissue_source_site (tss_code,  tss_definition ,receiving_center_id) VALUES ('DG','Ontario Institute for Cancer Research',11);
INSERT INTO tissue_source_site (tss_code,  tss_definition ,receiving_center_id) VALUES ('DH','University of Florida',14);
INSERT INTO tissue_source_site (tss_code,  tss_definition ,receiving_center_id) VALUES ('DI','MD Anderson',11);
INSERT INTO tissue_source_site (tss_code,  tss_definition ,receiving_center_id) VALUES ('DJ','Memorial Sloan Kettering',11);
INSERT INTO tissue_source_site (tss_code,  tss_definition ,receiving_center_id) VALUES ('DK','Memorial Sloan Kettering',11);
INSERT INTO tissue_source_site (tss_code,  tss_definition ,receiving_center_id) VALUES ('DL','Memorial Sloan Kettering',11);
INSERT INTO tissue_source_site (tss_code,  tss_definition ,receiving_center_id) VALUES ('DM','University Of Michigan',11);
INSERT INTO tissue_source_site (tss_code,  tss_definition ,receiving_center_id) VALUES ('DN','Washington University',11);
INSERT INTO tissue_source_site (tss_code,  tss_definition ,receiving_center_id) VALUES ('DO','Medical College of Georgia',11);
INSERT INTO tissue_source_site (tss_code,  tss_definition ,receiving_center_id) VALUES ('DQ','University Of Michigan',14);
INSERT INTO tissue_source_site (tss_code,  tss_definition ,receiving_center_id) VALUES ('DR','University of Hawaii',11);
INSERT INTO tissue_source_site (tss_code,  tss_definition ,receiving_center_id) VALUES ('DS','Cedars Sinai',11);
INSERT INTO tissue_source_site (tss_code,  tss_definition ,receiving_center_id) VALUES ('DT','ILSBio',14);
INSERT INTO tissue_source_site (tss_code,  tss_definition ,receiving_center_id) VALUES ('DU','Henry Ford Hospital',14);
INSERT INTO tissue_source_site (tss_code,  tss_definition ,receiving_center_id) VALUES ('DV','NCI Urologic Oncology Branch',14);
INSERT INTO tissue_source_site (tss_code,  tss_definition ,receiving_center_id) VALUES ('DW','NCI Urologic Oncology Branch',14);
INSERT INTO tissue_source_site (tss_code,  tss_definition ,receiving_center_id) VALUES ('DX','Memorial Sloan Kettering',11);
INSERT INTO tissue_source_site (tss_code,  tss_definition ,receiving_center_id) VALUES ('DY','University Of Michigan',11);
INSERT INTO tissue_source_site (tss_code,  tss_definition ,receiving_center_id) VALUES ('DZ','Mayo Clinic - Rochester',14);
INSERT INTO tissue_source_site (tss_code,  tss_definition ,receiving_center_id) VALUES ('E1','Duke',14);
INSERT INTO tissue_source_site (tss_code,  tss_definition ,receiving_center_id) VALUES ('E2','Roswell Park',11);
INSERT INTO tissue_source_site (tss_code,  tss_definition ,receiving_center_id) VALUES ('E3','Roswell Park',11);
INSERT INTO tissue_source_site (tss_code,  tss_definition ,receiving_center_id) VALUES ('E4','Roswell Park',11);
INSERT INTO tissue_source_site (tss_code,  tss_definition ,receiving_center_id) VALUES ('E5','Roswell Park',11);
INSERT INTO tissue_source_site (tss_code,  tss_definition ,receiving_center_id) VALUES ('E6','Roswell Park',11);
INSERT INTO tissue_source_site (tss_code,  tss_definition ,receiving_center_id) VALUES ('E7','Asterand',11);
INSERT INTO tissue_source_site (tss_code,  tss_definition ,receiving_center_id) VALUES ('E8','Asterand',11);
INSERT INTO tissue_source_site (tss_code,  tss_definition ,receiving_center_id) VALUES ('E9','Asterand',11);
INSERT INTO tissue_source_site (tss_code,  tss_definition ,receiving_center_id) VALUES ('EA','Asterand',11);
INSERT INTO tissue_source_site (tss_code,  tss_definition ,receiving_center_id) VALUES ('EB','Asterand',11);
INSERT INTO tissue_source_site (tss_code,  tss_definition ,receiving_center_id) VALUES ('EC','Asterand',11);
INSERT INTO tissue_source_site (tss_code,  tss_definition ,receiving_center_id) VALUES ('ED','Asterand',11);
INSERT INTO tissue_source_site (tss_code,  tss_definition ,receiving_center_id) VALUES ('EE','University of Sydney',11);
INSERT INTO tissue_source_site (tss_code,  tss_definition ,receiving_center_id) VALUES ('EF','Cureline',14);
INSERT INTO tissue_source_site (tss_code,  tss_definition ,receiving_center_id) VALUES ('EG','St. Joseph''s Medical Center-(MD)',14);
INSERT INTO tissue_source_site (tss_code,  tss_definition ,receiving_center_id) VALUES ('EH','Ontario Institute for Cancer Research (OICR)',14);
INSERT INTO tissue_source_site (tss_code,  tss_definition ,receiving_center_id) VALUES ('EI',' Greater Poland Cancer Center',14);
INSERT INTO tissue_source_site (tss_code,  tss_definition ,receiving_center_id) VALUES ('EJ','University of Pittsburgh',14);
INSERT INTO tissue_source_site (tss_code,  tss_definition ,receiving_center_id) VALUES ('EK','Gynecologic Oncology Group',11);
INSERT INTO tissue_source_site (tss_code,  tss_definition ,receiving_center_id) VALUES ('EL','MD Anderson',11);
INSERT INTO tissue_source_site (tss_code,  tss_definition ,receiving_center_id) VALUES ('EM','University Health Network',11);
INSERT INTO tissue_source_site (tss_code,  tss_definition ,receiving_center_id) VALUES ('EN','University Health Network',11);
INSERT INTO tissue_source_site (tss_code,  tss_definition ,receiving_center_id) VALUES ('EO','University Health Network',11);
INSERT INTO tissue_source_site (tss_code,  tss_definition ,receiving_center_id) VALUES ('EP','Christiana Healthcare',11);
INSERT INTO tissue_source_site (tss_code,  tss_definition ,receiving_center_id) VALUES ('EQ','Christiana Healthcare',14);
INSERT INTO tissue_source_site (tss_code,  tss_definition ,receiving_center_id) VALUES ('ER','University of Pittsburgh',11);
INSERT INTO tissue_source_site (tss_code,  tss_definition ,receiving_center_id) VALUES ('ES','University of Florida',11);
INSERT INTO tissue_source_site (tss_code,  tss_definition ,receiving_center_id) VALUES ('ET','Johns Hopkins',11);
INSERT INTO tissue_source_site (tss_code,  tss_definition ,receiving_center_id) VALUES ('EU','CHI-Penrose Colorado',14);
INSERT INTO tissue_source_site (tss_code,  tss_definition ,receiving_center_id) VALUES ('EV','CHI-Penrose Colorado',14);
INSERT INTO tissue_source_site (tss_code,  tss_definition ,receiving_center_id) VALUES ('EW','University of Miami',11);
INSERT INTO tissue_source_site (tss_code,  tss_definition ,receiving_center_id) VALUES ('EX','University of North Carolina',11);
INSERT INTO tissue_source_site (tss_code,  tss_definition ,receiving_center_id) VALUES ('EY','University of North Carolina',11);
INSERT INTO tissue_source_site (tss_code,  tss_definition ,receiving_center_id) VALUES ('EZ','UNC',14);
INSERT INTO tissue_source_site (tss_code,  tss_definition ,receiving_center_id) VALUES ('F1','UNC',14);
INSERT INTO tissue_source_site (tss_code,  tss_definition ,receiving_center_id) VALUES ('F2','UNC',14);
INSERT INTO tissue_source_site (tss_code,  tss_definition ,receiving_center_id) VALUES ('F3','Asterand',11);
INSERT INTO tissue_source_site (tss_code,  tss_definition ,receiving_center_id) VALUES ('F4','Asterand',14);
INSERT INTO tissue_source_site (tss_code,  tss_definition ,receiving_center_id) VALUES ('F5','Asterand',14);
INSERT INTO tissue_source_site (tss_code,  tss_definition ,receiving_center_id) VALUES ('F6','Asterand',14);
INSERT INTO tissue_source_site (tss_code,  tss_definition ,receiving_center_id) VALUES ('F7','Asterand',14);
INSERT INTO tissue_source_site (tss_code,  tss_definition ,receiving_center_id) VALUES ('F8','Asterand',14);
INSERT INTO tissue_source_site (tss_code,  tss_definition ,receiving_center_id) VALUES ('F9','Asterand',14);
INSERT INTO tissue_source_site (tss_code,  tss_definition ,receiving_center_id) VALUES ('FA','Asterand',14);
INSERT INTO tissue_source_site (tss_code,  tss_definition ,receiving_center_id) VALUES ('FB','Asterand',14);
INSERT INTO tissue_source_site (tss_code,  tss_definition ,receiving_center_id) VALUES ('FC','Asterand',14);
INSERT INTO tissue_source_site (tss_code,  tss_definition ,receiving_center_id) VALUES ('FD','University Of Chicago',11);
INSERT INTO tissue_source_site (tss_code,  tss_definition ,receiving_center_id) VALUES ('FF','SingHealth',14);

INSERT INTO tss_to_disease (tss_disease_id,tss_code, disease_id) VALUES (1,'01',2);
INSERT INTO tss_to_disease (tss_disease_id,tss_code, disease_id) VALUES (2,'02',1);
INSERT INTO tss_to_disease (tss_disease_id,tss_code, disease_id) VALUES (3,'03',3);
INSERT INTO tss_to_disease (tss_disease_id,tss_code, disease_id) VALUES (4,'04',2);
INSERT INTO tss_to_disease (tss_disease_id,tss_code, disease_id) VALUES (5,'05',4);
INSERT INTO tss_to_disease (tss_disease_id,tss_code, disease_id) VALUES (6,'06',1);
INSERT INTO tss_to_disease (tss_disease_id,tss_code, disease_id) VALUES (7,'07',1);
INSERT INTO tss_to_disease (tss_disease_id,tss_code, disease_id) VALUES (8,'07',2);
INSERT INTO tss_to_disease (tss_disease_id,tss_code, disease_id) VALUES (9,'07',3);
INSERT INTO tss_to_disease (tss_disease_id,tss_code, disease_id) VALUES (10,'07',4);
INSERT INTO tss_to_disease (tss_disease_id,tss_code, disease_id) VALUES (11,'07',5);
INSERT INTO tss_to_disease (tss_disease_id,tss_code, disease_id) VALUES (12,'07',6);
INSERT INTO tss_to_disease (tss_disease_id,tss_code, disease_id) VALUES (13,'07',7);
INSERT INTO tss_to_disease (tss_disease_id,tss_code, disease_id) VALUES (14,'07',8);
INSERT INTO tss_to_disease (tss_disease_id,tss_code, disease_id) VALUES (15,'07',9);
INSERT INTO tss_to_disease (tss_disease_id,tss_code, disease_id) VALUES (16,'07',10);
INSERT INTO tss_to_disease (tss_disease_id,tss_code, disease_id) VALUES (17,'07',11);
INSERT INTO tss_to_disease (tss_disease_id,tss_code, disease_id) VALUES (18,'07',12);
INSERT INTO tss_to_disease (tss_disease_id,tss_code, disease_id) VALUES (19,'07',13);
INSERT INTO tss_to_disease (tss_disease_id,tss_code, disease_id) VALUES (20,'07',14);
INSERT INTO tss_to_disease (tss_disease_id,tss_code, disease_id) VALUES (21,'07',15);
INSERT INTO tss_to_disease (tss_disease_id,tss_code, disease_id) VALUES (22,'07',16);
INSERT INTO tss_to_disease (tss_disease_id,tss_code, disease_id) VALUES (23,'07',17);
INSERT INTO tss_to_disease (tss_disease_id,tss_code, disease_id) VALUES (24,'07',18);
INSERT INTO tss_to_disease (tss_disease_id,tss_code, disease_id) VALUES (25,'07',20);
INSERT INTO tss_to_disease (tss_disease_id,tss_code, disease_id) VALUES (26,'07',21);
INSERT INTO tss_to_disease (tss_disease_id,tss_code, disease_id) VALUES (27,'07',22);
INSERT INTO tss_to_disease (tss_disease_id,tss_code, disease_id) VALUES (28,'07',23);
INSERT INTO tss_to_disease (tss_disease_id,tss_code, disease_id) VALUES (29,'07',24);
INSERT INTO tss_to_disease (tss_disease_id,tss_code, disease_id) VALUES (30,'08',1);
INSERT INTO tss_to_disease (tss_disease_id,tss_code, disease_id) VALUES (31,'09',2);
INSERT INTO tss_to_disease (tss_disease_id,tss_code, disease_id) VALUES (32,'10',2);
INSERT INTO tss_to_disease (tss_disease_id,tss_code, disease_id) VALUES (33,'11',3);
INSERT INTO tss_to_disease (tss_disease_id,tss_code, disease_id) VALUES (34,'12',1);
INSERT INTO tss_to_disease (tss_disease_id,tss_code, disease_id) VALUES (35,'13',2);
INSERT INTO tss_to_disease (tss_disease_id,tss_code, disease_id) VALUES (36,'14',1);
INSERT INTO tss_to_disease (tss_disease_id,tss_code, disease_id) VALUES (37,'15',1);
INSERT INTO tss_to_disease (tss_disease_id,tss_code, disease_id) VALUES (38,'16',1);
INSERT INTO tss_to_disease (tss_disease_id,tss_code, disease_id) VALUES (39,'17',4);
INSERT INTO tss_to_disease (tss_disease_id,tss_code, disease_id) VALUES (40,'18',3);
INSERT INTO tss_to_disease (tss_disease_id,tss_code, disease_id) VALUES (41,'19',1);
INSERT INTO tss_to_disease (tss_disease_id,tss_code, disease_id) VALUES (42,'20',2);
INSERT INTO tss_to_disease (tss_disease_id,tss_code, disease_id) VALUES (43,'21',3);
INSERT INTO tss_to_disease (tss_disease_id,tss_code, disease_id) VALUES (44,'22',3);
INSERT INTO tss_to_disease (tss_disease_id,tss_code, disease_id) VALUES (45,'23',2);
INSERT INTO tss_to_disease (tss_disease_id,tss_code, disease_id) VALUES (46,'24',2);
INSERT INTO tss_to_disease (tss_disease_id,tss_code, disease_id) VALUES (47,'25',2);
INSERT INTO tss_to_disease (tss_disease_id,tss_code, disease_id) VALUES (48,'26',1);
INSERT INTO tss_to_disease (tss_disease_id,tss_code, disease_id) VALUES (49,'27',1);
INSERT INTO tss_to_disease (tss_disease_id,tss_code, disease_id) VALUES (50,'28',1);
INSERT INTO tss_to_disease (tss_disease_id,tss_code, disease_id) VALUES (51,'29',2);
INSERT INTO tss_to_disease (tss_disease_id,tss_code, disease_id) VALUES (52,'30',2);
INSERT INTO tss_to_disease (tss_disease_id,tss_code, disease_id) VALUES (53,'31',2);
INSERT INTO tss_to_disease (tss_disease_id,tss_code, disease_id) VALUES (54,'32',1);
INSERT INTO tss_to_disease (tss_disease_id,tss_code, disease_id) VALUES (55,'33',3);
INSERT INTO tss_to_disease (tss_disease_id,tss_code, disease_id) VALUES (56,'34',3);
INSERT INTO tss_to_disease (tss_disease_id,tss_code, disease_id) VALUES (57,'35',4);
INSERT INTO tss_to_disease (tss_disease_id,tss_code, disease_id) VALUES (58,'36',2);
INSERT INTO tss_to_disease (tss_disease_id,tss_code, disease_id) VALUES (59,'37',3);
INSERT INTO tss_to_disease (tss_disease_id,tss_code, disease_id) VALUES (60,'38',4);
INSERT INTO tss_to_disease (tss_disease_id,tss_code, disease_id) VALUES (61,'39',3);
INSERT INTO tss_to_disease (tss_disease_id,tss_code, disease_id) VALUES (62,'40',4);
INSERT INTO tss_to_disease (tss_disease_id,tss_code, disease_id) VALUES (63,'41',1);
INSERT INTO tss_to_disease (tss_disease_id,tss_code, disease_id) VALUES (64,'42',2);
INSERT INTO tss_to_disease (tss_disease_id,tss_code, disease_id) VALUES (65,'43',3);
INSERT INTO tss_to_disease (tss_disease_id,tss_code, disease_id) VALUES (66,'44',4);
INSERT INTO tss_to_disease (tss_disease_id,tss_code, disease_id) VALUES (67,'45',1);
INSERT INTO tss_to_disease (tss_disease_id,tss_code, disease_id) VALUES (68,'46',3);
INSERT INTO tss_to_disease (tss_disease_id,tss_code, disease_id) VALUES (69,'47',2);
INSERT INTO tss_to_disease (tss_disease_id,tss_code, disease_id) VALUES (70,'48',4);
INSERT INTO tss_to_disease (tss_disease_id,tss_code, disease_id) VALUES (71,'49',4);
INSERT INTO tss_to_disease (tss_disease_id,tss_code, disease_id) VALUES (72,'50',4);
INSERT INTO tss_to_disease (tss_disease_id,tss_code, disease_id) VALUES (73,'51',3);
INSERT INTO tss_to_disease (tss_disease_id,tss_code, disease_id) VALUES (74,'55',4);
INSERT INTO tss_to_disease (tss_disease_id,tss_code, disease_id) VALUES (75,'56',3);
INSERT INTO tss_to_disease (tss_disease_id,tss_code, disease_id) VALUES (76,'57',2);
INSERT INTO tss_to_disease (tss_disease_id,tss_code, disease_id) VALUES (77,'59',2);
INSERT INTO tss_to_disease (tss_disease_id,tss_code, disease_id) VALUES (78,'60',3);
INSERT INTO tss_to_disease (tss_disease_id,tss_code, disease_id) VALUES (79,'61',2);
INSERT INTO tss_to_disease (tss_disease_id,tss_code, disease_id) VALUES (80,'64',4);
INSERT INTO tss_to_disease (tss_disease_id,tss_code, disease_id) VALUES (81,'65',1);
INSERT INTO tss_to_disease (tss_disease_id,tss_code, disease_id) VALUES (82,'66',3);
INSERT INTO tss_to_disease (tss_disease_id,tss_code, disease_id) VALUES (83,'67',4);
INSERT INTO tss_to_disease (tss_disease_id,tss_code, disease_id) VALUES (84,'70',3);
INSERT INTO tss_to_disease (tss_disease_id,tss_code, disease_id) VALUES (85,'71',4);
INSERT INTO tss_to_disease (tss_disease_id,tss_code, disease_id) VALUES (86,'72',2);
INSERT INTO tss_to_disease (tss_disease_id,tss_code, disease_id) VALUES (87,'73',4);
INSERT INTO tss_to_disease (tss_disease_id,tss_code, disease_id) VALUES (88,'74',1);
INSERT INTO tss_to_disease (tss_disease_id,tss_code, disease_id) VALUES (89,'A1',5);
INSERT INTO tss_to_disease (tss_disease_id,tss_code, disease_id) VALUES (90,'A2',5);
INSERT INTO tss_to_disease (tss_disease_id,tss_code, disease_id) VALUES (91,'A3',7);
INSERT INTO tss_to_disease (tss_disease_id,tss_code, disease_id) VALUES (92,'A4',8);
INSERT INTO tss_to_disease (tss_disease_id,tss_code, disease_id) VALUES (93,'A5',23);
INSERT INTO tss_to_disease (tss_disease_id,tss_code, disease_id) VALUES (94,'A6',6);
INSERT INTO tss_to_disease (tss_disease_id,tss_code, disease_id) VALUES (95,'A7',5);
INSERT INTO tss_to_disease (tss_disease_id,tss_code, disease_id) VALUES (96,'A8',5);
INSERT INTO tss_to_disease (tss_disease_id,tss_code, disease_id) VALUES (97,'AA',6);
INSERT INTO tss_to_disease (tss_disease_id,tss_code, disease_id) VALUES (98,'AB',13);
INSERT INTO tss_to_disease (tss_disease_id,tss_code, disease_id) VALUES (99,'AC',5);
INSERT INTO tss_to_disease (tss_disease_id,tss_code, disease_id) VALUES (100,'AD',6);
INSERT INTO tss_to_disease (tss_disease_id,tss_code, disease_id) VALUES (101,'AE',6);
INSERT INTO tss_to_disease (tss_disease_id,tss_code, disease_id) VALUES (102,'AF',24);
INSERT INTO tss_to_disease (tss_disease_id,tss_code, disease_id) VALUES (103,'AG',24);
INSERT INTO tss_to_disease (tss_disease_id,tss_code, disease_id) VALUES (104,'AH',24);
INSERT INTO tss_to_disease (tss_disease_id,tss_code, disease_id) VALUES (105,'AI',24);
INSERT INTO tss_to_disease (tss_disease_id,tss_code, disease_id) VALUES (106,'AJ',23);
INSERT INTO tss_to_disease (tss_disease_id,tss_code, disease_id) VALUES (107,'AK',7);
INSERT INTO tss_to_disease (tss_disease_id,tss_code, disease_id) VALUES (108,'AL',8);
INSERT INTO tss_to_disease (tss_disease_id,tss_code, disease_id) VALUES (109,'AM',6);
INSERT INTO tss_to_disease (tss_disease_id,tss_code, disease_id) VALUES (110,'AN',5);
INSERT INTO tss_to_disease (tss_disease_id,tss_code, disease_id) VALUES (111,'AO',5);
INSERT INTO tss_to_disease (tss_disease_id,tss_code, disease_id) VALUES (112,'AP',23);
INSERT INTO tss_to_disease (tss_disease_id,tss_code, disease_id) VALUES (113,'AQ',5);
INSERT INTO tss_to_disease (tss_disease_id,tss_code, disease_id) VALUES (114,'AR',5);
INSERT INTO tss_to_disease (tss_disease_id,tss_code, disease_id) VALUES (115,'AS',7);
INSERT INTO tss_to_disease (tss_disease_id,tss_code, disease_id) VALUES (116,'AT',8);
INSERT INTO tss_to_disease (tss_disease_id,tss_code, disease_id) VALUES (117,'AU',6);
INSERT INTO tss_to_disease (tss_disease_id,tss_code, disease_id) VALUES (118,'AV',1);
INSERT INTO tss_to_disease (tss_disease_id,tss_code, disease_id) VALUES (119,'AV',2);
INSERT INTO tss_to_disease (tss_disease_id,tss_code, disease_id) VALUES (120,'AV',3);
INSERT INTO tss_to_disease (tss_disease_id,tss_code, disease_id) VALUES (121,'AV',10);
INSERT INTO tss_to_disease (tss_disease_id,tss_code, disease_id) VALUES (122,'AV',4);
INSERT INTO tss_to_disease (tss_disease_id,tss_code, disease_id) VALUES (123,'AV',5);
INSERT INTO tss_to_disease (tss_disease_id,tss_code, disease_id) VALUES (124,'AV',7);
INSERT INTO tss_to_disease (tss_disease_id,tss_code, disease_id) VALUES (125,'AV',8);
INSERT INTO tss_to_disease (tss_disease_id,tss_code, disease_id) VALUES (126,'AV',11);
INSERT INTO tss_to_disease (tss_disease_id,tss_code, disease_id) VALUES (127,'AV',16);
INSERT INTO tss_to_disease (tss_disease_id,tss_code, disease_id) VALUES (128,'AV',15);
INSERT INTO tss_to_disease (tss_disease_id,tss_code, disease_id) VALUES (129,'AV',24);
INSERT INTO tss_to_disease (tss_disease_id,tss_code, disease_id) VALUES (130,'AV',6);
INSERT INTO tss_to_disease (tss_disease_id,tss_code, disease_id) VALUES (131,'AV',22);
INSERT INTO tss_to_disease (tss_disease_id,tss_code, disease_id) VALUES (132,'AV',23);
INSERT INTO tss_to_disease (tss_disease_id,tss_code, disease_id) VALUES (133,'AV',13);
INSERT INTO tss_to_disease (tss_disease_id,tss_code, disease_id) VALUES (134,'AV',9);
INSERT INTO tss_to_disease (tss_disease_id,tss_code, disease_id) VALUES (135,'AV',14);
INSERT INTO tss_to_disease (tss_disease_id,tss_code, disease_id) VALUES (136,'AV',21);
INSERT INTO tss_to_disease (tss_disease_id,tss_code, disease_id) VALUES (137,'AV',17);
INSERT INTO tss_to_disease (tss_disease_id,tss_code, disease_id) VALUES (138,'AV',20);
INSERT INTO tss_to_disease (tss_disease_id,tss_code, disease_id) VALUES (139,'AV',18);
INSERT INTO tss_to_disease (tss_disease_id,tss_code, disease_id) VALUES (140,'AV',12);
INSERT INTO tss_to_disease (tss_disease_id,tss_code, disease_id) VALUES (141,'AW',23);
INSERT INTO tss_to_disease (tss_disease_id,tss_code, disease_id) VALUES (142,'AX',23);
INSERT INTO tss_to_disease (tss_disease_id,tss_code, disease_id) VALUES (143,'AY',6);
INSERT INTO tss_to_disease (tss_disease_id,tss_code, disease_id) VALUES (144,'AZ',6);
INSERT INTO tss_to_disease (tss_disease_id,tss_code, disease_id) VALUES (145,'B0',7);
INSERT INTO tss_to_disease (tss_disease_id,tss_code, disease_id) VALUES (146,'B1',8);
INSERT INTO tss_to_disease (tss_disease_id,tss_code, disease_id) VALUES (147,'B2',7);
INSERT INTO tss_to_disease (tss_disease_id,tss_code, disease_id) VALUES (148,'B3',8);
INSERT INTO tss_to_disease (tss_disease_id,tss_code, disease_id) VALUES (149,'B4',7);
INSERT INTO tss_to_disease (tss_disease_id,tss_code, disease_id) VALUES (150,'B5',23);
INSERT INTO tss_to_disease (tss_disease_id,tss_code, disease_id) VALUES (151,'B6',5);
INSERT INTO tss_to_disease (tss_disease_id,tss_code, disease_id) VALUES (152,'B7',9);
INSERT INTO tss_to_disease (tss_disease_id,tss_code, disease_id) VALUES (153,'B8',7);
INSERT INTO tss_to_disease (tss_disease_id,tss_code, disease_id) VALUES (154,'B9',8);
INSERT INTO tss_to_disease (tss_disease_id,tss_code, disease_id) VALUES (155,'BA',10);
INSERT INTO tss_to_disease (tss_disease_id,tss_code, disease_id) VALUES (156,'BB',10);
INSERT INTO tss_to_disease (tss_disease_id,tss_code, disease_id) VALUES (157,'BC',11);
INSERT INTO tss_to_disease (tss_disease_id,tss_code, disease_id) VALUES (158,'BD',11);
INSERT INTO tss_to_disease (tss_disease_id,tss_code, disease_id) VALUES (159,'BE',10);
INSERT INTO tss_to_disease (tss_disease_id,tss_code, disease_id) VALUES (160,'BF',15);
INSERT INTO tss_to_disease (tss_disease_id,tss_code, disease_id) VALUES (161,'BG',23);
INSERT INTO tss_to_disease (tss_disease_id,tss_code, disease_id) VALUES (162,'BH',5);
INSERT INTO tss_to_disease (tss_disease_id,tss_code, disease_id) VALUES (163,'BI',12);
INSERT INTO tss_to_disease (tss_disease_id,tss_code, disease_id) VALUES (164,'BJ',20);
INSERT INTO tss_to_disease (tss_disease_id,tss_code, disease_id) VALUES (165,'BK',23);
INSERT INTO tss_to_disease (tss_disease_id,tss_code, disease_id) VALUES (166,'BL',17);
INSERT INTO tss_to_disease (tss_disease_id,tss_code, disease_id) VALUES (167,'BM',24);
INSERT INTO tss_to_disease (tss_disease_id,tss_code, disease_id) VALUES (169,'BN',16);
INSERT INTO tss_to_disease (tss_disease_id,tss_code, disease_id) VALUES (170,'BP',7);
INSERT INTO tss_to_disease (tss_disease_id,tss_code, disease_id) VALUES (171,'BQ',8);
INSERT INTO tss_to_disease (tss_disease_id,tss_code, disease_id) VALUES (172,'BR',9);
INSERT INTO tss_to_disease (tss_disease_id,tss_code, disease_id) VALUES (173,'BS',23);
INSERT INTO tss_to_disease (tss_disease_id,tss_code, disease_id) VALUES (174,'BT',16);
INSERT INTO tss_to_disease (tss_disease_id,tss_code, disease_id) VALUES (175,'BU',17);
INSERT INTO tss_to_disease (tss_disease_id,tss_code, disease_id) VALUES (176,'BV',21);
INSERT INTO tss_to_disease (tss_disease_id,tss_code, disease_id) VALUES (177,'BW',11);
INSERT INTO tss_to_disease (tss_disease_id,tss_code, disease_id) VALUES (178,'BX',9);
INSERT INTO tss_to_disease (tss_disease_id,tss_code, disease_id) VALUES (179,'BY',10);
INSERT INTO tss_to_disease (tss_disease_id,tss_code, disease_id) VALUES (180,'BZ',20);
INSERT INTO tss_to_disease (tss_disease_id,tss_code, disease_id) VALUES (181,'C2',18);
INSERT INTO tss_to_disease (tss_disease_id,tss_code, disease_id) VALUES (182,'C3',22);
INSERT INTO tss_to_disease (tss_disease_id,tss_code, disease_id) VALUES (183,'C4',16);
INSERT INTO tss_to_disease (tss_disease_id,tss_code, disease_id) VALUES (184,'C5',12);
INSERT INTO tss_to_disease (tss_disease_id,tss_code, disease_id) VALUES (185,'C6',5);
INSERT INTO tss_to_disease (tss_disease_id,tss_code, disease_id) VALUES (186,'C7',5);
INSERT INTO tss_to_disease (tss_disease_id,tss_code, disease_id) VALUES (187,'C8',5);
INSERT INTO tss_to_disease (tss_disease_id,tss_code, disease_id) VALUES (188,'C9',17);
INSERT INTO tss_to_disease (tss_disease_id,tss_code, disease_id) VALUES (189,'CA',6);
INSERT INTO tss_to_disease (tss_disease_id,tss_code, disease_id) VALUES (190,'CB',7);
INSERT INTO tss_to_disease (tss_disease_id,tss_code, disease_id) VALUES (191,'CC',11);
INSERT INTO tss_to_disease (tss_disease_id,tss_code, disease_id) VALUES (192,'CD',9);
INSERT INTO tss_to_disease (tss_disease_id,tss_code, disease_id) VALUES (193,'CE',20);
INSERT INTO tss_to_disease (tss_disease_id,tss_code, disease_id) VALUES (194,'CF',16);
INSERT INTO tss_to_disease (tss_disease_id,tss_code, disease_id) VALUES (195,'CG',9);
INSERT INTO tss_to_disease (tss_disease_id,tss_code, disease_id) VALUES (196,'CH',22);
INSERT INTO tss_to_disease (tss_disease_id,tss_code, disease_id) VALUES (197,'CI',24);
INSERT INTO tss_to_disease (tss_disease_id,tss_code, disease_id) VALUES (198,'CJ',7);
INSERT INTO tss_to_disease (tss_disease_id,tss_code, disease_id) VALUES (199,'CK',6);
INSERT INTO tss_to_disease (tss_disease_id,tss_code, disease_id) VALUES (200,'CL',24);
INSERT INTO tss_to_disease (tss_disease_id,tss_code, disease_id) VALUES (201,'CM',6);
INSERT INTO tss_to_disease (tss_disease_id,tss_code, disease_id) VALUES (202,'CN',10);
INSERT INTO tss_to_disease (tss_disease_id,tss_code, disease_id) VALUES (203,'CP',21);
INSERT INTO tss_to_disease (tss_disease_id,tss_code, disease_id) VALUES (204,'CQ',10);
INSERT INTO tss_to_disease (tss_disease_id,tss_code, disease_id) VALUES (205,'CR',10);
INSERT INTO tss_to_disease (tss_disease_id,tss_code, disease_id) VALUES (206,'CS',21);
INSERT INTO tss_to_disease (tss_disease_id,tss_code, disease_id) VALUES (207,'CT',17);
INSERT INTO tss_to_disease (tss_disease_id,tss_code, disease_id) VALUES (208,'CU',16);
INSERT INTO tss_to_disease (tss_disease_id,tss_code, disease_id) VALUES (209,'CV',10);
INSERT INTO tss_to_disease (tss_disease_id,tss_code, disease_id) VALUES (210,'CW',7);
INSERT INTO tss_to_disease (tss_disease_id,tss_code, disease_id) VALUES (211,'CX',10);
INSERT INTO tss_to_disease (tss_disease_id,tss_code, disease_id) VALUES (212,'CY',6);
INSERT INTO tss_to_disease (tss_disease_id,tss_code, disease_id) VALUES (213,'CZ',7);
INSERT INTO tss_to_disease (tss_disease_id,tss_code, disease_id) VALUES (214,'D1',23);
INSERT INTO tss_to_disease (tss_disease_id,tss_code, disease_id) VALUES (215,'D2',23);
INSERT INTO tss_to_disease (tss_disease_id,tss_code, disease_id) VALUES (216,'D3',15);
INSERT INTO tss_to_disease (tss_disease_id,tss_code, disease_id) VALUES (217,'D4',13);
INSERT INTO tss_to_disease (tss_disease_id,tss_code, disease_id) VALUES (218,'D5',6);
INSERT INTO tss_to_disease (tss_disease_id,tss_code, disease_id) VALUES (219,'D6',10);
INSERT INTO tss_to_disease (tss_disease_id,tss_code, disease_id) VALUES (220,'D7',9);
INSERT INTO tss_to_disease (tss_disease_id,tss_code, disease_id) VALUES (221,'D8',5);
INSERT INTO tss_to_disease (tss_disease_id,tss_code, disease_id) VALUES (222,'D9',15);
INSERT INTO tss_to_disease (tss_disease_id,tss_code, disease_id) VALUES (223,'DA',15);
INSERT INTO tss_to_disease (tss_disease_id,tss_code, disease_id) VALUES (224,'DB',21);
INSERT INTO tss_to_disease (tss_disease_id,tss_code, disease_id) VALUES (225,'DC',24);
INSERT INTO tss_to_disease (tss_disease_id,tss_code, disease_id) VALUES (241,'DD',11);
INSERT INTO tss_to_disease (tss_disease_id,tss_code, disease_id) VALUES (242,'DE',20);
INSERT INTO tss_to_disease (tss_disease_id,tss_code, disease_id) VALUES (243,'DF',23);
INSERT INTO tss_to_disease (tss_disease_id,tss_code, disease_id) VALUES (244,'DG',12);
INSERT INTO tss_to_disease (tss_disease_id,tss_code, disease_id) VALUES (261,'DH',21);
INSERT INTO tss_to_disease (tss_disease_id,tss_code, disease_id) VALUES (262,'DI',23);
INSERT INTO tss_to_disease (tss_disease_id,tss_code, disease_id) VALUES (263,'DJ',20);
INSERT INTO tss_to_disease (tss_disease_id,tss_code, disease_id) VALUES (264,'DK',16);
INSERT INTO tss_to_disease (tss_disease_id,tss_code, disease_id) VALUES (265,'DL',17);
INSERT INTO tss_to_disease (tss_disease_id,tss_code, disease_id) VALUES (266,'DM',6);
INSERT INTO tss_to_disease (tss_disease_id,tss_code, disease_id) VALUES (267,'DN',13);
INSERT INTO tss_to_disease (tss_disease_id,tss_code, disease_id) VALUES (268,'DO',20);
INSERT INTO tss_to_disease (tss_disease_id,tss_code, disease_id) VALUES (269,'DQ',10);
INSERT INTO tss_to_disease (tss_disease_id,tss_code, disease_id) VALUES (271,'DR',12);
INSERT INTO tss_to_disease (tss_disease_id,tss_code, disease_id) VALUES (272,'DS',12);
INSERT INTO tss_to_disease (tss_disease_id,tss_code, disease_id) VALUES (273,'DT',24);
INSERT INTO tss_to_disease (tss_disease_id,tss_code, disease_id) VALUES (274,'DU',21);
INSERT INTO tss_to_disease (tss_disease_id,tss_code, disease_id) VALUES (275,'DV',7);
INSERT INTO tss_to_disease (tss_disease_id,tss_code, disease_id) VALUES (276,'DW',8);
INSERT INTO tss_to_disease (tss_disease_id,tss_code, disease_id) VALUES (277,'DX',25);
INSERT INTO tss_to_disease (tss_disease_id,tss_code, disease_id) VALUES (278,'DY',24);
INSERT INTO tss_to_disease (tss_disease_id,tss_code, disease_id) VALUES (279,'DZ',8);
INSERT INTO tss_to_disease (tss_disease_id,tss_code, disease_id) VALUES (281,'E1',21);
INSERT INTO tss_to_disease (tss_disease_id,tss_code, disease_id) VALUES (282,'E2',5);
INSERT INTO tss_to_disease (tss_disease_id,tss_code, disease_id) VALUES (283,'E3',20);
INSERT INTO tss_to_disease (tss_disease_id,tss_code, disease_id) VALUES (284,'E4',17);
INSERT INTO tss_to_disease (tss_disease_id,tss_code, disease_id) VALUES (285,'E5',16);
INSERT INTO tss_to_disease (tss_disease_id,tss_code, disease_id) VALUES (286,'E6',23);
INSERT INTO tss_to_disease (tss_disease_id,tss_code, disease_id) VALUES (301,'77',3);
INSERT INTO tss_to_disease (tss_disease_id,tss_code, disease_id) VALUES (302,'78',4);
INSERT INTO tss_to_disease (tss_disease_id,tss_code, disease_id) VALUES (303,'E7',16);
INSERT INTO tss_to_disease (tss_disease_id,tss_code, disease_id) VALUES (304,'E8',20);
INSERT INTO tss_to_disease (tss_disease_id,tss_code, disease_id) VALUES (305,'E9',5);
INSERT INTO tss_to_disease (tss_disease_id,tss_code, disease_id) VALUES (306,'EA',12);
INSERT INTO tss_to_disease (tss_disease_id,tss_code, disease_id) VALUES (307,'EB',15);
INSERT INTO tss_to_disease (tss_disease_id,tss_code, disease_id) VALUES (308,'EC',23);
INSERT INTO tss_to_disease (tss_disease_id,tss_code, disease_id) VALUES (309,'ED',11);
INSERT INTO tss_to_disease (tss_disease_id,tss_code, disease_id) VALUES (310,'EE',15);
INSERT INTO tss_to_disease (tss_disease_id,tss_code, disease_id) VALUES (311,'EF',24);
INSERT INTO tss_to_disease (tss_disease_id,tss_code, disease_id) VALUES (312,'EG',24);
INSERT INTO tss_to_disease (tss_disease_id,tss_code, disease_id) VALUES (313,'EH',24);
INSERT INTO tss_to_disease (tss_disease_id,tss_code, disease_id) VALUES (314,'EI',24);
INSERT INTO tss_to_disease (tss_disease_id,tss_code, disease_id) VALUES (315,'EJ',22);
INSERT INTO tss_to_disease (tss_disease_id,tss_code, disease_id) VALUES (316,'EK',12);
INSERT INTO tss_to_disease (tss_disease_id,tss_code, disease_id) VALUES (317,'EL',20);
INSERT INTO tss_to_disease (tss_disease_id,tss_code, disease_id) VALUES (318,'EP',11);
INSERT INTO tss_to_disease (tss_disease_id,tss_code, disease_id) VALUES (319,'EM',20);
INSERT INTO tss_to_disease (tss_disease_id,tss_code, disease_id) VALUES (320,'EN',12);
INSERT INTO tss_to_disease (tss_disease_id,tss_code, disease_id) VALUES (321,'EO',23);
INSERT INTO tss_to_disease (tss_disease_id,tss_code, disease_id) VALUES (322,'EQ',9);
INSERT INTO tss_to_disease (tss_disease_id,tss_code, disease_id) VALUES (323,'ER',15);
INSERT INTO tss_to_disease (tss_disease_id,tss_code, disease_id) VALUES (324,'79',3);
INSERT INTO tss_to_disease (tss_disease_id,tss_code, disease_id) VALUES (325,'80',4);
INSERT INTO tss_to_disease (tss_disease_id,tss_code, disease_id) VALUES (326,'ES',11);
INSERT INTO tss_to_disease (tss_disease_id,tss_code, disease_id) VALUES (327,'ET',20);
INSERT INTO tss_to_disease (tss_disease_id,tss_code, disease_id) VALUES (328,'81',1);
INSERT INTO tss_to_disease (tss_disease_id,tss_code, disease_id) VALUES (329,'82',3);
INSERT INTO tss_to_disease (tss_disease_id,tss_code, disease_id) VALUES (330,'83',4);
INSERT INTO tss_to_disease (tss_disease_id,tss_code, disease_id) VALUES (331,'EU',7);
INSERT INTO tss_to_disease (tss_disease_id,tss_code, disease_id) VALUES (332,'EV',8);
INSERT INTO tss_to_disease (tss_disease_id,tss_code, disease_id) VALUES (333,'EW',5);
INSERT INTO tss_to_disease (tss_disease_id,tss_code, disease_id) VALUES (334,'EX',12);
INSERT INTO tss_to_disease (tss_disease_id,tss_code, disease_id) VALUES (335,'EY',23);
INSERT INTO tss_to_disease (tss_disease_id,tss_code, disease_id) VALUES (336,'EZ',21);
INSERT INTO tss_to_disease (tss_disease_id,tss_code, disease_id) VALUES (337,'F1',9);
INSERT INTO tss_to_disease (tss_disease_id,tss_code, disease_id) VALUES (338,'F2',27);
INSERT INTO tss_to_disease (tss_disease_id,tss_code, disease_id) VALUES (339,'63',3);
INSERT INTO tss_to_disease (tss_disease_id,tss_code, disease_id) VALUES (340,'F3',13);
INSERT INTO tss_to_disease (tss_disease_id,tss_code, disease_id) VALUES (341,'F4',6);
INSERT INTO tss_to_disease (tss_disease_id,tss_code, disease_id) VALUES (342,'F5',24);
INSERT INTO tss_to_disease (tss_disease_id,tss_code, disease_id) VALUES (343,'F6',21);
INSERT INTO tss_to_disease (tss_disease_id,tss_code, disease_id) VALUES (344,'F7',10);
INSERT INTO tss_to_disease (tss_disease_id,tss_code, disease_id) VALUES (345,'F8',7);
INSERT INTO tss_to_disease (tss_disease_id,tss_code, disease_id) VALUES (346,'F9',8);
INSERT INTO tss_to_disease (tss_disease_id,tss_code, disease_id) VALUES (347,'FA',26);
INSERT INTO tss_to_disease (tss_disease_id,tss_code, disease_id) VALUES (348,'FB',27);
INSERT INTO tss_to_disease (tss_disease_id,tss_code, disease_id) VALUES (349,'FC',22);
INSERT INTO tss_to_disease (tss_disease_id,tss_code, disease_id) VALUES (350,'84',1);
INSERT INTO tss_to_disease (tss_disease_id,tss_code, disease_id) VALUES (351,'85',3);
INSERT INTO tss_to_disease (tss_disease_id,tss_code, disease_id) VALUES (352,'86',4);
INSERT INTO tss_to_disease (tss_disease_id,tss_code, disease_id) VALUES (353,'FD',16);
INSERT INTO tss_to_disease (tss_disease_id,tss_code, disease_id) VALUES (354,'FF',26);

INSERT INTO tissue (tissue_id,tissue) VALUES (0,'many');
INSERT INTO tissue (tissue_id,tissue) VALUES (1,'brain');
INSERT INTO tissue (tissue_id,tissue) VALUES (2,'lung');
INSERT INTO tissue (tissue_id,tissue) VALUES (3,'ovary');
INSERT INTO tissue (tissue_id,tissue) VALUES (4,'cell line control');
INSERT INTO tissue (tissue_id,tissue) VALUES (5,'breast');
INSERT INTO tissue (tissue_id,tissue) VALUES (6,'kidney');
INSERT INTO tissue (tissue_id,tissue) VALUES (7,'colon');
INSERT INTO tissue (tissue_id,tissue) VALUES (8,'liver');
INSERT INTO tissue (tissue_id,tissue) VALUES (9,'lymph');
INSERT INTO tissue (tissue_id,tissue) VALUES (10,'blood');
INSERT INTO tissue (tissue_id,tissue) VALUES (11,'stomach');
INSERT INTO tissue (tissue_id,tissue) VALUES (13,'thyroid');
INSERT INTO tissue (tissue_id,tissue) VALUES (14,'bladder');
INSERT INTO tissue (tissue_id,tissue) VALUES (15,'endometrial');
INSERT INTO tissue (tissue_id,tissue) VALUES (16,'skin');
INSERT INTO tissue (tissue_id,tissue) VALUES (17,'rectal');
INSERT INTO tissue (tissue_id,tissue) VALUES (18,'cervix');
INSERT INTO tissue (tissue_id,tissue) VALUES (19,'prostate');
INSERT INTO tissue (tissue_id,tissue) VALUES (20,'head and neck');
INSERT INTO tissue (tissue_id,tissue) VALUES (21,'fallopian tube');

INSERT INTO tissue_to_disease (tissue_disease_id,tissue_id,disease_id) VALUES (10,1,1);
INSERT INTO tissue_to_disease (tissue_disease_id,tissue_id,disease_id) VALUES (11,4,1);
INSERT INTO tissue_to_disease (tissue_disease_id,tissue_id,disease_id) VALUES (12,0,1);
INSERT INTO tissue_to_disease (tissue_disease_id,tissue_id,disease_id) VALUES (13,2,3);
INSERT INTO tissue_to_disease (tissue_disease_id,tissue_id,disease_id) VALUES (14,4,2);
INSERT INTO tissue_to_disease (tissue_disease_id,tissue_id,disease_id) VALUES (15,0,2);
INSERT INTO tissue_to_disease (tissue_disease_id,tissue_id,disease_id) VALUES (16,4,3);
INSERT INTO tissue_to_disease (tissue_disease_id,tissue_id,disease_id) VALUES (17,3,2);
INSERT INTO tissue_to_disease (tissue_disease_id,tissue_id,disease_id) VALUES (18,0,3);
INSERT INTO tissue_to_disease (tissue_disease_id,tissue_id,disease_id) VALUES (19,2,4);
INSERT INTO tissue_to_disease (tissue_disease_id,tissue_id,disease_id) VALUES (20,5,5);
INSERT INTO tissue_to_disease (tissue_disease_id,tissue_id,disease_id) VALUES (21,7,6);
INSERT INTO tissue_to_disease (tissue_disease_id,tissue_id,disease_id) VALUES (22,6,7);
INSERT INTO tissue_to_disease (tissue_disease_id,tissue_id,disease_id) VALUES (23,6,8);
INSERT INTO tissue_to_disease (tissue_disease_id,tissue_id,disease_id) VALUES (24,11,9);
INSERT INTO tissue_to_disease (tissue_disease_id,tissue_id,disease_id) VALUES (25,20,10);
INSERT INTO tissue_to_disease (tissue_disease_id,tissue_id,disease_id) VALUES (26,8,11);
INSERT INTO tissue_to_disease (tissue_disease_id,tissue_id,disease_id) VALUES (27,18,12);
INSERT INTO tissue_to_disease (tissue_disease_id,tissue_id,disease_id) VALUES (28,10,13);
INSERT INTO tissue_to_disease (tissue_disease_id,tissue_id,disease_id) VALUES (29,10,14);
INSERT INTO tissue_to_disease (tissue_disease_id,tissue_id,disease_id) VALUES (30,16,15);
INSERT INTO tissue_to_disease (tissue_disease_id,tissue_id,disease_id) VALUES (31,14,16);
INSERT INTO tissue_to_disease (tissue_disease_id,tissue_id,disease_id) VALUES (32,14,17);
INSERT INTO tissue_to_disease (tissue_disease_id,tissue_id,disease_id) VALUES (33,9,18);
INSERT INTO tissue_to_disease (tissue_disease_id,tissue_id,disease_id) VALUES (34,13,20);
INSERT INTO tissue_to_disease (tissue_disease_id,tissue_id,disease_id) VALUES (35,1,21);
INSERT INTO tissue_to_disease (tissue_disease_id,tissue_id,disease_id) VALUES (36,19,22);
INSERT INTO tissue_to_disease (tissue_disease_id,tissue_id,disease_id) VALUES (37,15,23);
INSERT INTO tissue_to_disease (tissue_disease_id,tissue_id,disease_id) VALUES (38,17,24);

INSERT INTO annotation_category(annotation_category_id,category_display_name,category_description,cadsr_description) VALUES (1,'Redaction:Tumor tissue origin incorrect','Redaction:Tumor tissue origin incorrect','');
INSERT INTO annotation_category(annotation_category_id,category_display_name,category_description,cadsr_description) VALUES (2,'Redaction:Tumor type incorrect','Redaction:Tumor type incorrect','');
INSERT INTO annotation_category(annotation_category_id,category_display_name,category_description,cadsr_description) VALUES (3,'Redaction:Genotype mismatch','Redaction:Genotype mismatch','');
INSERT INTO annotation_category(annotation_category_id,category_display_name,category_description,cadsr_description) VALUES (4,'Redaction:Subject withdrew consent','Redaction:Subject withdrew consent','');
INSERT INTO annotation_category(annotation_category_id,category_display_name,category_description,cadsr_description) VALUES (5,'Redaction:Subject identity unknown','Redaction:Subject identity unknown','');
INSERT INTO annotation_category(annotation_category_id,category_display_name,category_description,cadsr_description) VALUES (6,'Notification:Prior malignancy','Notification:Prior malignancy','');
INSERT INTO annotation_category(annotation_category_id,category_display_name,category_description,cadsr_description) VALUES (7,'Notification:Neoadjuvant therapy','Notification:Neoadjuvant therapy','');
INSERT INTO annotation_category(annotation_category_id,category_display_name,category_description,cadsr_description) VALUES (8,'Notification:Qualification metrics changed','Notification:Qualification metrics changed','');
INSERT INTO annotation_category(annotation_category_id,category_display_name,category_description,cadsr_description) VALUES (9,'Notification:Pathology outside specification','Notification:Pathology outside specification','');
INSERT INTO annotation_category(annotation_category_id,category_display_name,category_description,cadsr_description) VALUES (10,'Notification:Molecular analysis outside specification','Notification:Molecular analysis outside specification','');
INSERT INTO annotation_category(annotation_category_id,category_display_name,category_description,cadsr_description) VALUES (11,'Notification:Duplicate item','Notification:Duplicate item','');
INSERT INTO annotation_category(annotation_category_id,category_display_name,category_description,cadsr_description) VALUES (13,'Notification:Sample compromised','Notification:Sample compromised','');
INSERT INTO annotation_category(annotation_category_id,category_display_name,category_description,cadsr_description) VALUES (14,'Notification:Clinical data insufficient','Notification:Clinical data insufficient','');
INSERT INTO annotation_category(annotation_category_id,category_display_name,category_description,cadsr_description) VALUES (15,'Notification:Item does not meet study protocol','Notification:Item does not meet study protocol','');
INSERT INTO annotation_category(annotation_category_id,category_display_name,category_description,cadsr_description) VALUES (17,'Notification:Item in special subset','Notification:Item in special subset','');
INSERT INTO annotation_category(annotation_category_id,category_display_name,category_description,cadsr_description) VALUES (18,'Notification:Qualified in error','Notification:Qualified in error','');
INSERT INTO annotation_category(annotation_category_id,category_display_name,category_description,cadsr_description) VALUES (21,'Notification:Item is noncanonical','Notification:Item is noncanonical','');
INSERT INTO annotation_category(annotation_category_id,category_display_name,category_description,cadsr_description) VALUES (22,'Notification:New notification type','Notification:New notification type','');
INSERT INTO annotation_category(annotation_category_id,category_display_name,category_description,cadsr_description) VALUES (23,'Observation:Tumor class but appears normal','Observation:Tumor class but appears normal','');
INSERT INTO annotation_category(annotation_category_id,category_display_name,category_description,cadsr_description) VALUES (24,'Observation:Normal class but appears diseased','Observation:Normal class but appears diseased','');
INSERT INTO annotation_category(annotation_category_id,category_display_name,category_description,cadsr_description) VALUES (25,'Observation:Item may not meet study protocol','Observation:Item may not meet study protocol','');
INSERT INTO annotation_category(annotation_category_id,category_display_name,category_description,cadsr_description) VALUES (26,'Observation:New observation type','Observation:New observation type','');
INSERT INTO annotation_category(annotation_category_id,category_display_name,category_description,cadsr_description) VALUES (27,'Redaction:Duplicate case','Redaction:Duplicate case','');
INSERT INTO annotation_category(annotation_category_id,category_display_name,category_description,cadsr_description) VALUES (28,'CenterNotification:Center QC failed','CenterNotification:Center QC failed','');
INSERT INTO annotation_category(annotation_category_id,category_display_name,category_description,cadsr_description) VALUES (29,'CenterNotification:Item flagged DNU','CenterNotification:Item flagged DNU','');
INSERT INTO annotation_category(annotation_category_id,category_display_name,category_description,cadsr_description) VALUES (30,'Observation:General','Observation:General','');
INSERT INTO annotation_category(annotation_category_id,category_display_name,category_description,cadsr_description) VALUES (31,'Rescission:Previous Redaction rescinded','Rescission:Previous Redaction rescinded','');
INSERT INTO annotation_category(annotation_category_id,category_display_name,category_description,cadsr_description) VALUES (32,'Rescission:Previous Notification rescinded','Rescission:Previous Notification rescinded','');
INSERT INTO annotation_category(annotation_category_id,category_display_name,category_description,cadsr_description) VALUES (33,'Rescission:Previous Observation  rescinded','Rescission:Previous Observation  rescinded','');
INSERT INTO annotation_category(annotation_category_id,category_display_name,category_description,cadsr_description) VALUES (34,'Rescission:Previous Center Notification rescinded','Rescission:Previous Center Notification rescinded','');

INSERT INTO annotation_item_type(item_type_id,type_display_name,type_description) VALUES (1,'Aliquot','An aliquot');
INSERT INTO annotation_item_type(item_type_id,type_display_name,type_description) VALUES (2,'Analyte','An analyte');
INSERT INTO annotation_item_type(item_type_id,type_display_name,type_description) VALUES (3,'Patient','A patient');
INSERT INTO annotation_item_type(item_type_id,type_display_name,type_description) VALUES (4,'Portion','A portion');
INSERT INTO annotation_item_type(item_type_id,type_display_name,type_description) VALUES (5,'Sample','A sample');
INSERT INTO annotation_item_type(item_type_id,type_display_name,type_description) VALUES (6,'Slide','A slide');

INSERT INTO annotation_category_item_type(annotation_category_type_id,annotation_category_id,item_type_id) VALUES (1,1,3);
INSERT INTO annotation_category_item_type(annotation_category_type_id,annotation_category_id,item_type_id) VALUES (2,2,3);
INSERT INTO annotation_category_item_type(annotation_category_type_id,annotation_category_id,item_type_id) VALUES (3,3,3);
INSERT INTO annotation_category_item_type(annotation_category_type_id,annotation_category_id,item_type_id) VALUES (4,4,3);
INSERT INTO annotation_category_item_type(annotation_category_type_id,annotation_category_id,item_type_id) VALUES (5,5,3);
INSERT INTO annotation_category_item_type(annotation_category_type_id,annotation_category_id,item_type_id) VALUES (6,1,5);
INSERT INTO annotation_category_item_type(annotation_category_type_id,annotation_category_id,item_type_id) VALUES (7,2,5);
INSERT INTO annotation_category_item_type(annotation_category_type_id,annotation_category_id,item_type_id) VALUES (8,3,5);
INSERT INTO annotation_category_item_type(annotation_category_type_id,annotation_category_id,item_type_id) VALUES (9,6,3);
INSERT INTO annotation_category_item_type(annotation_category_type_id,annotation_category_id,item_type_id) VALUES (10,7,3);
INSERT INTO annotation_category_item_type(annotation_category_type_id,annotation_category_id,item_type_id) VALUES (11,8,1);
INSERT INTO annotation_category_item_type(annotation_category_type_id,annotation_category_id,item_type_id) VALUES (12,8,2);
INSERT INTO annotation_category_item_type(annotation_category_type_id,annotation_category_id,item_type_id) VALUES (13,8,3);
INSERT INTO annotation_category_item_type(annotation_category_type_id,annotation_category_id,item_type_id) VALUES (14,8,4);
INSERT INTO annotation_category_item_type(annotation_category_type_id,annotation_category_id,item_type_id) VALUES (15,8,5);
INSERT INTO annotation_category_item_type(annotation_category_type_id,annotation_category_id,item_type_id) VALUES (16,8,6);
INSERT INTO annotation_category_item_type(annotation_category_type_id,annotation_category_id,item_type_id) VALUES (17,9,4);
INSERT INTO annotation_category_item_type(annotation_category_type_id,annotation_category_id,item_type_id) VALUES (18,9,5);
INSERT INTO annotation_category_item_type(annotation_category_type_id,annotation_category_id,item_type_id) VALUES (19,9,6);
INSERT INTO annotation_category_item_type(annotation_category_type_id,annotation_category_id,item_type_id) VALUES (20,10,1);
INSERT INTO annotation_category_item_type(annotation_category_type_id,annotation_category_id,item_type_id) VALUES (21,10,2);
INSERT INTO annotation_category_item_type(annotation_category_type_id,annotation_category_id,item_type_id) VALUES (22,10,4);
INSERT INTO annotation_category_item_type(annotation_category_type_id,annotation_category_id,item_type_id) VALUES (23,10,5);
INSERT INTO annotation_category_item_type(annotation_category_type_id,annotation_category_id,item_type_id) VALUES (24,11,1);
INSERT INTO annotation_category_item_type(annotation_category_type_id,annotation_category_id,item_type_id) VALUES (25,11,2);
INSERT INTO annotation_category_item_type(annotation_category_type_id,annotation_category_id,item_type_id) VALUES (26,11,3);
INSERT INTO annotation_category_item_type(annotation_category_type_id,annotation_category_id,item_type_id) VALUES (27,11,4);
INSERT INTO annotation_category_item_type(annotation_category_type_id,annotation_category_id,item_type_id) VALUES (28,11,5);
INSERT INTO annotation_category_item_type(annotation_category_type_id,annotation_category_id,item_type_id) VALUES (29,11,6);
INSERT INTO annotation_category_item_type(annotation_category_type_id,annotation_category_id,item_type_id) VALUES (36,13,5);
INSERT INTO annotation_category_item_type(annotation_category_type_id,annotation_category_id,item_type_id) VALUES (37,14,3);
INSERT INTO annotation_category_item_type(annotation_category_type_id,annotation_category_id,item_type_id) VALUES (38,15,1);
INSERT INTO annotation_category_item_type(annotation_category_type_id,annotation_category_id,item_type_id) VALUES (39,15,2);
INSERT INTO annotation_category_item_type(annotation_category_type_id,annotation_category_id,item_type_id) VALUES (40,15,3);
INSERT INTO annotation_category_item_type(annotation_category_type_id,annotation_category_id,item_type_id) VALUES (41,15,4);
INSERT INTO annotation_category_item_type(annotation_category_type_id,annotation_category_id,item_type_id) VALUES (42,15,5);
INSERT INTO annotation_category_item_type(annotation_category_type_id,annotation_category_id,item_type_id) VALUES (43,15,6);
INSERT INTO annotation_category_item_type(annotation_category_type_id,annotation_category_id,item_type_id) VALUES (50,17,3);
INSERT INTO annotation_category_item_type(annotation_category_type_id,annotation_category_id,item_type_id) VALUES (51,17,5);
INSERT INTO annotation_category_item_type(annotation_category_type_id,annotation_category_id,item_type_id) VALUES (52,18,3);
INSERT INTO annotation_category_item_type(annotation_category_type_id,annotation_category_id,item_type_id) VALUES (65,21,1);
INSERT INTO annotation_category_item_type(annotation_category_type_id,annotation_category_id,item_type_id) VALUES (66,21,2);
INSERT INTO annotation_category_item_type(annotation_category_type_id,annotation_category_id,item_type_id) VALUES (67,21,3);
INSERT INTO annotation_category_item_type(annotation_category_type_id,annotation_category_id,item_type_id) VALUES (68,21,4);
INSERT INTO annotation_category_item_type(annotation_category_type_id,annotation_category_id,item_type_id) VALUES (69,21,5);
INSERT INTO annotation_category_item_type(annotation_category_type_id,annotation_category_id,item_type_id) VALUES (70,21,6);
INSERT INTO annotation_category_item_type(annotation_category_type_id,annotation_category_id,item_type_id) VALUES (71,22,1);
INSERT INTO annotation_category_item_type(annotation_category_type_id,annotation_category_id,item_type_id) VALUES (72,22,2);
INSERT INTO annotation_category_item_type(annotation_category_type_id,annotation_category_id,item_type_id) VALUES (73,22,3);
INSERT INTO annotation_category_item_type(annotation_category_type_id,annotation_category_id,item_type_id) VALUES (74,22,4);
INSERT INTO annotation_category_item_type(annotation_category_type_id,annotation_category_id,item_type_id) VALUES (75,22,5);
INSERT INTO annotation_category_item_type(annotation_category_type_id,annotation_category_id,item_type_id) VALUES (76,22,6);
INSERT INTO annotation_category_item_type(annotation_category_type_id,annotation_category_id,item_type_id) VALUES (77,23,1);
INSERT INTO annotation_category_item_type(annotation_category_type_id,annotation_category_id,item_type_id) VALUES (78,23,2);
INSERT INTO annotation_category_item_type(annotation_category_type_id,annotation_category_id,item_type_id) VALUES (79,23,4);
INSERT INTO annotation_category_item_type(annotation_category_type_id,annotation_category_id,item_type_id) VALUES (80,23,5);
INSERT INTO annotation_category_item_type(annotation_category_type_id,annotation_category_id,item_type_id) VALUES (81,23,6);
INSERT INTO annotation_category_item_type(annotation_category_type_id,annotation_category_id,item_type_id) VALUES (82,24,1);
INSERT INTO annotation_category_item_type(annotation_category_type_id,annotation_category_id,item_type_id) VALUES (83,24,2);
INSERT INTO annotation_category_item_type(annotation_category_type_id,annotation_category_id,item_type_id) VALUES (84,24,4);
INSERT INTO annotation_category_item_type(annotation_category_type_id,annotation_category_id,item_type_id) VALUES (85,24,5);
INSERT INTO annotation_category_item_type(annotation_category_type_id,annotation_category_id,item_type_id) VALUES (86,24,6);
INSERT INTO annotation_category_item_type(annotation_category_type_id,annotation_category_id,item_type_id) VALUES (87,25,1);
INSERT INTO annotation_category_item_type(annotation_category_type_id,annotation_category_id,item_type_id) VALUES (88,25,2);
INSERT INTO annotation_category_item_type(annotation_category_type_id,annotation_category_id,item_type_id) VALUES (89,25,3);
INSERT INTO annotation_category_item_type(annotation_category_type_id,annotation_category_id,item_type_id) VALUES (90,25,4);
INSERT INTO annotation_category_item_type(annotation_category_type_id,annotation_category_id,item_type_id) VALUES (91,25,5);
INSERT INTO annotation_category_item_type(annotation_category_type_id,annotation_category_id,item_type_id) VALUES (92,25,6);
INSERT INTO annotation_category_item_type(annotation_category_type_id,annotation_category_id,item_type_id) VALUES (93,26,1);
INSERT INTO annotation_category_item_type(annotation_category_type_id,annotation_category_id,item_type_id) VALUES (94,26,2);
INSERT INTO annotation_category_item_type(annotation_category_type_id,annotation_category_id,item_type_id) VALUES (95,26,3);
INSERT INTO annotation_category_item_type(annotation_category_type_id,annotation_category_id,item_type_id) VALUES (96,26,4);
INSERT INTO annotation_category_item_type(annotation_category_type_id,annotation_category_id,item_type_id) VALUES (97,26,5);
INSERT INTO annotation_category_item_type(annotation_category_type_id,annotation_category_id,item_type_id) VALUES (98,26,6);
INSERT INTO annotation_category_item_type(annotation_category_type_id,annotation_category_id,item_type_id) VALUES (101,27,3);
INSERT INTO annotation_category_item_type(annotation_category_type_id,annotation_category_id,item_type_id) VALUES (102,28,1);
INSERT INTO annotation_category_item_type(annotation_category_type_id,annotation_category_id,item_type_id) VALUES (103,28,2);
INSERT INTO annotation_category_item_type(annotation_category_type_id,annotation_category_id,item_type_id) VALUES (104,28,3);
INSERT INTO annotation_category_item_type(annotation_category_type_id,annotation_category_id,item_type_id) VALUES (105,28,4);
INSERT INTO annotation_category_item_type(annotation_category_type_id,annotation_category_id,item_type_id) VALUES (106,28,5);
INSERT INTO annotation_category_item_type(annotation_category_type_id,annotation_category_id,item_type_id) VALUES (107,29,1);
INSERT INTO annotation_category_item_type(annotation_category_type_id,annotation_category_id,item_type_id) VALUES (108,29,2);
INSERT INTO annotation_category_item_type(annotation_category_type_id,annotation_category_id,item_type_id) VALUES (109,29,3);
INSERT INTO annotation_category_item_type(annotation_category_type_id,annotation_category_id,item_type_id) VALUES (110,29,4);
INSERT INTO annotation_category_item_type(annotation_category_type_id,annotation_category_id,item_type_id) VALUES (111,29,5);
INSERT INTO annotation_category_item_type(annotation_category_type_id,annotation_category_id,item_type_id) VALUES (112,30,1);
INSERT INTO annotation_category_item_type(annotation_category_type_id,annotation_category_id,item_type_id) VALUES (113,30,2);
INSERT INTO annotation_category_item_type(annotation_category_type_id,annotation_category_id,item_type_id) VALUES (114,30,3);
INSERT INTO annotation_category_item_type(annotation_category_type_id,annotation_category_id,item_type_id) VALUES (115,30,4);
INSERT INTO annotation_category_item_type(annotation_category_type_id,annotation_category_id,item_type_id) VALUES (116,30,5);
INSERT INTO annotation_category_item_type(annotation_category_type_id,annotation_category_id,item_type_id) VALUES (117,30,6);
INSERT INTO annotation_category_item_type(annotation_category_type_id,annotation_category_id,item_type_id) VALUES (118,31,1);
INSERT INTO annotation_category_item_type(annotation_category_type_id,annotation_category_id,item_type_id) VALUES (119,31,2);
INSERT INTO annotation_category_item_type(annotation_category_type_id,annotation_category_id,item_type_id) VALUES (120,31,3);
INSERT INTO annotation_category_item_type(annotation_category_type_id,annotation_category_id,item_type_id) VALUES (121,31,4);
INSERT INTO annotation_category_item_type(annotation_category_type_id,annotation_category_id,item_type_id) VALUES (122,31,5);
INSERT INTO annotation_category_item_type(annotation_category_type_id,annotation_category_id,item_type_id) VALUES (123,31,6);
INSERT INTO annotation_category_item_type(annotation_category_type_id,annotation_category_id,item_type_id) VALUES (124,32,1);
INSERT INTO annotation_category_item_type(annotation_category_type_id,annotation_category_id,item_type_id) VALUES (125,32,2);
INSERT INTO annotation_category_item_type(annotation_category_type_id,annotation_category_id,item_type_id) VALUES (126,32,3);
INSERT INTO annotation_category_item_type(annotation_category_type_id,annotation_category_id,item_type_id) VALUES (127,32,4);
INSERT INTO annotation_category_item_type(annotation_category_type_id,annotation_category_id,item_type_id) VALUES (128,32,5);
INSERT INTO annotation_category_item_type(annotation_category_type_id,annotation_category_id,item_type_id) VALUES (129,32,6);
INSERT INTO annotation_category_item_type(annotation_category_type_id,annotation_category_id,item_type_id) VALUES (130,33,1);
INSERT INTO annotation_category_item_type(annotation_category_type_id,annotation_category_id,item_type_id) VALUES (131,33,2);
INSERT INTO annotation_category_item_type(annotation_category_type_id,annotation_category_id,item_type_id) VALUES (132,33,3);
INSERT INTO annotation_category_item_type(annotation_category_type_id,annotation_category_id,item_type_id) VALUES (133,33,4);
INSERT INTO annotation_category_item_type(annotation_category_type_id,annotation_category_id,item_type_id) VALUES (134,33,5);
INSERT INTO annotation_category_item_type(annotation_category_type_id,annotation_category_id,item_type_id) VALUES (135,33,6);
INSERT INTO annotation_category_item_type(annotation_category_type_id,annotation_category_id,item_type_id) VALUES (141,10,3);
INSERT INTO annotation_category_item_type(annotation_category_type_id,annotation_category_id,item_type_id) VALUES (142,9,3);
INSERT INTO annotation_category_item_type(annotation_category_type_id,annotation_category_id,item_type_id) VALUES (143,34,1);
INSERT INTO annotation_category_item_type(annotation_category_type_id,annotation_category_id,item_type_id) VALUES (144,34,2);
INSERT INTO annotation_category_item_type(annotation_category_type_id,annotation_category_id,item_type_id) VALUES (145,34,3);
INSERT INTO annotation_category_item_type(annotation_category_type_id,annotation_category_id,item_type_id) VALUES (146,34,5);

INSERT INTO data_level(level_number,level_definition) VALUES (0,'No Level');
INSERT INTO data_level(level_number,level_definition) VALUES (1,'Raw data');
INSERT INTO data_level(level_number,level_definition) VALUES (2,'Normalized data');
INSERT INTO data_level(level_number,level_definition) VALUES (3,'Aggregated data');
INSERT INTO data_level(level_number,level_definition) VALUES (4,'Regions of Interest data');

INSERT INTO archive_type(archive_type_id,archive_type,data_level) VALUES (1,'Level_1',1);
INSERT INTO archive_type(archive_type_id,archive_type,data_level) VALUES (2,'Level_2',2);
INSERT INTO archive_type(archive_type_id,archive_type,data_level) VALUES (3,'Level_3',3);
INSERT INTO archive_type(archive_type_id,archive_type,data_level) VALUES (4,'Level_4',4);
INSERT INTO archive_type(archive_type_id,archive_type,data_level) VALUES (5,'aux',0);
INSERT INTO archive_type(archive_type_id,archive_type,data_level) VALUES (6,'mage-tab',0);
INSERT INTO archive_type(archive_type_id,archive_type,data_level) VALUES (7,'classic',0);

INSERT INTO visibility(visibility_id,visibility_name,identifiable) VALUES (1,'Public',0);
INSERT INTO visibility(visibility_id,visibility_name,identifiable) VALUES (2,'Private',1);

INSERT INTO data_visibility(data_visibility_id,data_type_id,visibility_id,level_number) VALUES (43,2,1,0);
INSERT INTO data_visibility(data_visibility_id,data_type_id,visibility_id,level_number) VALUES (42,1,2,0);
INSERT INTO data_visibility(data_visibility_id,data_type_id,visibility_id,level_number) VALUES (49,10,2,0);
INSERT INTO data_visibility(data_visibility_id,data_type_id,visibility_id,level_number) VALUES (50,11,1,0);
INSERT INTO data_visibility(data_visibility_id,data_type_id,visibility_id,level_number) VALUES (51,12,2,0);
INSERT INTO data_visibility(data_visibility_id,data_type_id,visibility_id,level_number) VALUES (52,13,2,0);
INSERT INTO data_visibility(data_visibility_id,data_type_id,visibility_id,level_number) VALUES (53,15,1,0);
INSERT INTO data_visibility(data_visibility_id,data_type_id,visibility_id,level_number) VALUES (54,16,1,0);
INSERT INTO data_visibility(data_visibility_id,data_type_id,visibility_id,level_number) VALUES (63,21,1,0);
INSERT INTO data_visibility(data_visibility_id,data_type_id,visibility_id,level_number) VALUES (44,3,1,0);
INSERT INTO data_visibility(data_visibility_id,data_type_id,visibility_id,level_number) VALUES (45,4,1,0);
INSERT INTO data_visibility(data_visibility_id,data_type_id,visibility_id,level_number) VALUES (46,5,2,0);
INSERT INTO data_visibility(data_visibility_id,data_type_id,visibility_id,level_number) VALUES (47,6,1,0);
INSERT INTO data_visibility(data_visibility_id,data_type_id,visibility_id,level_number) VALUES (48,7,1,0);
INSERT INTO data_visibility(data_visibility_id,data_type_id,visibility_id,level_number) VALUES (14,16,1,1);
INSERT INTO data_visibility(data_visibility_id,data_type_id,visibility_id,level_number) VALUES (3,3,1,1);
INSERT INTO data_visibility(data_visibility_id,data_type_id,visibility_id,level_number) VALUES (2,2,1,1);
INSERT INTO data_visibility(data_visibility_id,data_type_id,visibility_id,level_number) VALUES (4,4,1,1);
INSERT INTO data_visibility(data_visibility_id,data_type_id,visibility_id,level_number) VALUES (5,5,2,1);
INSERT INTO data_visibility(data_visibility_id,data_type_id,visibility_id,level_number) VALUES (6,6,1,1);
INSERT INTO data_visibility(data_visibility_id,data_type_id,visibility_id,level_number) VALUES (7,7,1,1);
INSERT INTO data_visibility(data_visibility_id,data_type_id,visibility_id,level_number) VALUES (8,10,2,1);
INSERT INTO data_visibility(data_visibility_id,data_type_id,visibility_id,level_number) VALUES (9,11,1,1);
INSERT INTO data_visibility(data_visibility_id,data_type_id,visibility_id,level_number) VALUES (10,12,2,1);
INSERT INTO data_visibility(data_visibility_id,data_type_id,visibility_id,level_number) VALUES (11,13,2,1);
INSERT INTO data_visibility(data_visibility_id,data_type_id,visibility_id,level_number) VALUES (12,14,1,1);
INSERT INTO data_visibility(data_visibility_id,data_type_id,visibility_id,level_number) VALUES (39,18,1,1);
INSERT INTO data_visibility(data_visibility_id,data_type_id,visibility_id,level_number) VALUES (1,1,2,1);
INSERT INTO data_visibility(data_visibility_id,data_type_id,visibility_id,level_number) VALUES (13,15,1,1);
INSERT INTO data_visibility(data_visibility_id,data_type_id,visibility_id,level_number) VALUES (41,5,2,2);
INSERT INTO data_visibility(data_visibility_id,data_type_id,visibility_id,level_number) VALUES (26,16,1,2);
INSERT INTO data_visibility(data_visibility_id,data_type_id,visibility_id,level_number) VALUES (25,15,1,2);
INSERT INTO data_visibility(data_visibility_id,data_type_id,visibility_id,level_number) VALUES (24,13,2,2);
INSERT INTO data_visibility(data_visibility_id,data_type_id,visibility_id,level_number) VALUES (23,12,2,2);
INSERT INTO data_visibility(data_visibility_id,data_type_id,visibility_id,level_number) VALUES (22,11,1,2);
INSERT INTO data_visibility(data_visibility_id,data_type_id,visibility_id,level_number) VALUES (21,10,2,2);
INSERT INTO data_visibility(data_visibility_id,data_type_id,visibility_id,level_number) VALUES (20,7,2,2);
INSERT INTO data_visibility(data_visibility_id,data_type_id,visibility_id,level_number) VALUES (19,6,1,2);
INSERT INTO data_visibility(data_visibility_id,data_type_id,visibility_id,level_number) VALUES (18,4,1,2);
INSERT INTO data_visibility(data_visibility_id,data_type_id,visibility_id,level_number) VALUES (17,3,1,2);
INSERT INTO data_visibility(data_visibility_id,data_type_id,visibility_id,level_number) VALUES (64,22,2,2);
INSERT INTO data_visibility(data_visibility_id,data_type_id,visibility_id,level_number) VALUES (16,2,1,2);
INSERT INTO data_visibility(data_visibility_id,data_type_id,visibility_id,level_number) VALUES (15,1,2,2);
INSERT INTO data_visibility(data_visibility_id,data_type_id,visibility_id,level_number) VALUES (66,24,1,3);
INSERT INTO data_visibility(data_visibility_id,data_type_id,visibility_id,level_number) VALUES (65,23,1,3);
INSERT INTO data_visibility(data_visibility_id,data_type_id,visibility_id,level_number) VALUES (62,20,2,3);
INSERT INTO data_visibility(data_visibility_id,data_type_id,visibility_id,level_number) VALUES (61,19,1,3);
INSERT INTO data_visibility(data_visibility_id,data_type_id,visibility_id,level_number) VALUES (38,17,1,3);
INSERT INTO data_visibility(data_visibility_id,data_type_id,visibility_id,level_number) VALUES (37,15,1,3);
INSERT INTO data_visibility(data_visibility_id,data_type_id,visibility_id,level_number) VALUES (36,14,1,3);
INSERT INTO data_visibility(data_visibility_id,data_type_id,visibility_id,level_number) VALUES (35,13,1,3);
INSERT INTO data_visibility(data_visibility_id,data_type_id,visibility_id,level_number) VALUES (34,12,1,3);
INSERT INTO data_visibility(data_visibility_id,data_type_id,visibility_id,level_number) VALUES (33,7,1,3);
INSERT INTO data_visibility(data_visibility_id,data_type_id,visibility_id,level_number) VALUES (32,6,1,3);
INSERT INTO data_visibility(data_visibility_id,data_type_id,visibility_id,level_number) VALUES (31,5,1,3);
INSERT INTO data_visibility(data_visibility_id,data_type_id,visibility_id,level_number) VALUES (67,25,1,3);
INSERT INTO data_visibility(data_visibility_id,data_type_id,visibility_id,level_number) VALUES (29,3,1,3);
INSERT INTO data_visibility(data_visibility_id,data_type_id,visibility_id,level_number) VALUES (28,2,1,3);
INSERT INTO data_visibility(data_visibility_id,data_type_id,visibility_id,level_number) VALUES (27,1,2,3);
INSERT INTO data_visibility(data_visibility_id,data_type_id,visibility_id,level_number) VALUES (30,4,1,3);

commit;