-- add context column
ALTER TABLE CLINICAL_FILE ADD CONTEXT VARCHAR(50);

-- add description to xsd element
ALTER TABLE CLINICAL_XSD_ELEMENT ADD DESCRIPTION VARCHAR(500);

-- add table for storing xsd element enumerated values
CREATE TABLE CLINICAL_XSD_ENUM_VALUE
(
	CLINICAL_XSD_ENUM_VALUE_ID  NUMBER(38) NOT NULL,
	XSD_ELEMENT_ID              NUMBER(38) NOT NULL,
	ENUM_VALUE                  VARCHAR2(100)
);
GRANT ALL ON CLINICAL_XSD_ENUM_VALUE to tcgamaint; 

ALTER TABLE CLINICAL_XSD_ENUM_VALUE
	ADD CONSTRAINT CLINICAL_XSD_ENUM_VAL_AK1 UNIQUE (XSD_ELEMENT_ID, ENUM_VALUE);

ALTER TABLE CLINICAL_XSD_ENUM_VALUE ADD CONSTRAINT PK_CLINICAL_XSD_ENUM_VALUE
	PRIMARY KEY (CLINICAL_XSD_ENUM_VALUE_ID);

ALTER TABLE CLINICAL_XSD_ENUM_VALUE ADD CONSTRAINT FK_CLIN_XSD_ENUM_XSD_ELEM
	FOREIGN KEY (XSD_ELEMENT_ID) REFERENCES CLINICAL_XSD_ELEMENT (CLINICAL_XSD_ELEMENT_ID);

alter table clinical_xsd_element add value_type varchar2(20) default 'string';
update clinical_xsd_element set value_type='string';

CREATE SEQUENCE CLINICAL_XSD_ENUM_VALUE_SEQ
START WITH 1
INCREMENT BY 1
NOCACHE
NOCYCLE
;

-- all existing files are for the DAM
UPDATE CLINICAL_FILE SET CONTEXT='dam';
-- create new files for dbgap
INSERT INTO CLINICAL_FILE(CLINICAL_FILE_ID, FILENAME, BY_PATIENT, CONTEXT) VALUES(14, 'dbgap_subjects', 1, 'dbgap');
INSERT INTO CLINICAL_FILE(CLINICAL_FILE_ID, FILENAME, BY_PATIENT, CONTEXT) VALUES(15, 'dbgap_samples', 0, 'dbgap');
INSERT INTO CLINICAL_FILE(CLINICAL_FILE_ID, FILENAME, BY_PATIENT, CONTEXT) VALUES(16, 'dbgap_slides', 0, 'dbgap');
INSERT INTO CLINICAL_FILE(CLINICAL_FILE_ID, FILENAME, BY_PATIENT, CONTEXT) VALUES(17, 'dbgap_subjects_to_samples', 1, 'dbgap');
insert into clinical_file(CLINICAL_FILE_ID, FILENAME, BY_PATIENT, CONTEXT) values(18, 'dbgap_subjects_drugs', 1, 'dbgap');
insert into clinical_file(CLINICAL_FILE_ID, FILENAME, BY_PATIENT, CONTEXT) values(19, 'dbgap_subjects_examinations', 1, 'dbgap');
insert into clinical_file(CLINICAL_FILE_ID, FILENAME, BY_PATIENT, CONTEXT) values(20, 'dbgap_subjects_radiations', 1, 'dbgap');
insert into clinical_file(CLINICAL_FILE_ID, FILENAME, BY_PATIENT, CONTEXT) values(21, 'dbgap_subjects_surgeries', 1, 'dbgap');
insert into clinical_file(CLINICAL_FILE_ID, FILENAME, BY_PATIENT, CONTEXT) VALUES(22, 'dbgap_subjects_info', 1, 'dbgap');

-- add elements to files
INSERT INTO CLINICAL_FILE_ELEMENT(CLINICAL_FILE_ELEMENT_ID, XSD_ELEMENT_ID, TABLE_ID, TABLE_COLUMN_NAME, FILE_COLUMN_NAME, FILE_COLUMN_ORDER, CLINICAL_FILE_ID, DISEASE_ID, UNIT_COLUMN_NAME) VALUES(CLINICAL_FILE_ELEMENT_SEQ.nextval, 16, 1, 'BCRPATIENTBARCODE', 'BCRPATIENTBARCODE', 1, 14, null, '');
INSERT INTO CLINICAL_FILE_ELEMENT(CLINICAL_FILE_ELEMENT_ID, XSD_ELEMENT_ID, TABLE_ID, TABLE_COLUMN_NAME, FILE_COLUMN_NAME, FILE_COLUMN_ORDER, CLINICAL_FILE_ID, DISEASE_ID, UNIT_COLUMN_NAME) VALUES(CLINICAL_FILE_ELEMENT_SEQ.nextval, 16, 1, 'BCRPATIENTBARCODE', 'BCRPATIENTBARCODE', 1, 22, null, '');
INSERT INTO CLINICAL_FILE_ELEMENT(CLINICAL_FILE_ELEMENT_ID, XSD_ELEMENT_ID, TABLE_ID, TABLE_COLUMN_NAME, FILE_COLUMN_NAME, FILE_COLUMN_ORDER, CLINICAL_FILE_ID, DISEASE_ID, UNIT_COLUMN_NAME) VALUES(CLINICAL_FILE_ELEMENT_SEQ.nextval, 52, 1, 'GENDER', 'GENDER', 29, 22, null, '');
INSERT INTO CLINICAL_FILE_ELEMENT(CLINICAL_FILE_ELEMENT_ID, XSD_ELEMENT_ID, TABLE_ID, TABLE_COLUMN_NAME, FILE_COLUMN_NAME, FILE_COLUMN_ORDER, CLINICAL_FILE_ID, DISEASE_ID, UNIT_COLUMN_NAME) VALUES(CLINICAL_FILE_ELEMENT_SEQ.nextval, 54, 1, 'HISTOLOGICALTYPE', 'HISTOLOGICALTYPE', 30, 22, null, '');
INSERT INTO CLINICAL_FILE_ELEMENT(CLINICAL_FILE_ELEMENT_ID, XSD_ELEMENT_ID, TABLE_ID, TABLE_COLUMN_NAME, FILE_COLUMN_NAME, FILE_COLUMN_ORDER, CLINICAL_FILE_ID, DISEASE_ID, UNIT_COLUMN_NAME) VALUES(CLINICAL_FILE_ELEMENT_SEQ.nextval, 112, 1, 'PRETREATMENTHISTORY', 'PRETREATMENTHISTORY', 52, 22, null, '');
INSERT INTO CLINICAL_FILE_ELEMENT(CLINICAL_FILE_ELEMENT_ID, XSD_ELEMENT_ID, TABLE_ID, TABLE_COLUMN_NAME, FILE_COLUMN_NAME, FILE_COLUMN_ORDER, CLINICAL_FILE_ID, DISEASE_ID, UNIT_COLUMN_NAME) VALUES(CLINICAL_FILE_ELEMENT_SEQ.nextval, 157, 1, 'TUMORTISSUESITE', 'TUMORTISSUESITE', 83, 22, null, '');
insert into CLINICAL_FILE_ELEMENT(CLINICAL_FILE_ELEMENT_ID, XSD_ELEMENT_ID, TABLE_ID, TABLE_COLUMN_NAME, FILE_COLUMN_NAME, FILE_COLUMN_ORDER, CLINICAL_FILE_ID)
    VALUES(CLINICAL_FILE_ELEMENT_SEQ.nextval, 183, 1, 'DAYSTOBIRTH', 'DAYSTOBIRTH', 100, 22);
insert into CLINICAL_FILE_ELEMENT(CLINICAL_FILE_ELEMENT_ID, XSD_ELEMENT_ID, TABLE_ID, TABLE_COLUMN_NAME, FILE_COLUMN_NAME, FILE_COLUMN_ORDER, CLINICAL_FILE_ID)
        VALUES(CLINICAL_FILE_ELEMENT_SEQ.nextval, 184, 1, 'DAYSTODEATH', 'DAYSTODEATH', 101, 22);
insert into CLINICAL_FILE_ELEMENT(CLINICAL_FILE_ELEMENT_ID, XSD_ELEMENT_ID, TABLE_ID, TABLE_COLUMN_NAME, FILE_COLUMN_NAME, FILE_COLUMN_ORDER, CLINICAL_FILE_ID)
        VALUES(CLINICAL_FILE_ELEMENT_SEQ.nextval, 185, 1, 'DAYSTOLASTFOLLOWUP', 'DAYSTOLASTFOLLOWUP', 102, 22);
insert into CLINICAL_FILE_ELEMENT(CLINICAL_FILE_ELEMENT_ID, XSD_ELEMENT_ID, TABLE_ID, TABLE_COLUMN_NAME, FILE_COLUMN_NAME, FILE_COLUMN_ORDER, CLINICAL_FILE_ID)
        VALUES(CLINICAL_FILE_ELEMENT_SEQ.nextval, 186, 1, 'DAYSTOTUMORPROGRESSION', 'DAYSTOTUMORPROGRESSION', 103, 22);
insert into CLINICAL_FILE_ELEMENT(CLINICAL_FILE_ELEMENT_ID, XSD_ELEMENT_ID, TABLE_ID, TABLE_COLUMN_NAME, FILE_COLUMN_NAME, FILE_COLUMN_ORDER, CLINICAL_FILE_ID)
        VALUES(CLINICAL_FILE_ELEMENT_SEQ.nextval, 187, 1, 'DAYSTOTUMORRECURRENCE', 'DAYSTOTUMORRECURRENCE', 104, 22);
insert into CLINICAL_FILE_ELEMENT(CLINICAL_FILE_ELEMENT_ID, XSD_ELEMENT_ID, TABLE_ID, TABLE_COLUMN_NAME, FILE_COLUMN_NAME, FILE_COLUMN_ORDER, CLINICAL_FILE_ID)
        VALUES(CLINICAL_FILE_ELEMENT_SEQ.nextval, 188, 1, 'AGEATINITPATHOLOGICDIAGNOSIS', 'AGEATINITIALPATHOLOGICDIAGNOSIS', 105, 22);
insert into CLINICAL_FILE_ELEMENT(CLINICAL_FILE_ELEMENT_ID, XSD_ELEMENT_ID, TABLE_ID, TABLE_COLUMN_NAME, FILE_COLUMN_NAME, FILE_COLUMN_ORDER, CLINICAL_FILE_ID)
        VALUES(CLINICAL_FILE_ELEMENT_SEQ.nextval, 189, 2, 'DAYSTOCOLLECTION', 'DAYSTOCOLLECTION', 50, 15);
insert into CLINICAL_FILE_ELEMENT(CLINICAL_FILE_ELEMENT_ID, XSD_ELEMENT_ID, TABLE_ID, TABLE_COLUMN_NAME, FILE_COLUMN_NAME, FILE_COLUMN_ORDER, CLINICAL_FILE_ID)
        VALUES(CLINICAL_FILE_ELEMENT_SEQ.nextval, 190, 15, 'DAYSTODRUGTREATMENTSTART', 'DAYSTODRUGTREATMENTSTART', 11, 18);
insert into CLINICAL_FILE_ELEMENT(CLINICAL_FILE_ELEMENT_ID, XSD_ELEMENT_ID, TABLE_ID, TABLE_COLUMN_NAME, FILE_COLUMN_NAME, FILE_COLUMN_ORDER, CLINICAL_FILE_ID)
        VALUES(CLINICAL_FILE_ELEMENT_SEQ.nextval, 191, 15, 'DAYSTODRUGTREATMENTEND', 'DAYSTODRUGTREATMENTEND', 12, 18);
insert into CLINICAL_FILE_ELEMENT(CLINICAL_FILE_ELEMENT_ID, XSD_ELEMENT_ID, TABLE_ID, TABLE_COLUMN_NAME, FILE_COLUMN_NAME, FILE_COLUMN_ORDER, CLINICAL_FILE_ID)
        VALUES(CLINICAL_FILE_ELEMENT_SEQ.nextval, 192, 13, 'DAYSTORADIATIONTREATMENTSTART', 'DAYSTORADIATIONTREATMENTSTART', 8, 20);
insert into CLINICAL_FILE_ELEMENT(CLINICAL_FILE_ELEMENT_ID, XSD_ELEMENT_ID, TABLE_ID, TABLE_COLUMN_NAME, FILE_COLUMN_NAME, FILE_COLUMN_ORDER, CLINICAL_FILE_ID)
        VALUES(CLINICAL_FILE_ELEMENT_SEQ.nextval, 193, 13, 'DAYSTORADIATIONTREATMENTEND', 'DAYSTORADIATIONTREATMENTEND', 9, 20);
insert into CLINICAL_FILE_ELEMENT(CLINICAL_FILE_ELEMENT_ID, XSD_ELEMENT_ID, TABLE_ID, TABLE_COLUMN_NAME, FILE_COLUMN_NAME, FILE_COLUMN_ORDER, CLINICAL_FILE_ID)
        VALUES(CLINICAL_FILE_ELEMENT_SEQ.nextval, 194, 14, 'DAYSTOPROCEDURE', 'DAYSTOPROCEDURE', 3, 21);



INSERT INTO CLINICAL_FILE_ELEMENT(CLINICAL_FILE_ELEMENT_ID, XSD_ELEMENT_ID, TABLE_ID, TABLE_COLUMN_NAME, FILE_COLUMN_NAME, FILE_COLUMN_ORDER, CLINICAL_FILE_ID, DISEASE_ID, UNIT_COLUMN_NAME) VALUES(CLINICAL_FILE_ELEMENT_SEQ.nextval, 3, 4, 'A260A280RATIO', 'A260A280RATIO', 2, 15, null, '');
INSERT INTO CLINICAL_FILE_ELEMENT(CLINICAL_FILE_ELEMENT_ID, XSD_ELEMENT_ID, TABLE_ID, TABLE_COLUMN_NAME, FILE_COLUMN_NAME, FILE_COLUMN_ORDER, CLINICAL_FILE_ID, DISEASE_ID, UNIT_COLUMN_NAME) VALUES(CLINICAL_FILE_ELEMENT_SEQ.nextval, 14, 5, 'BCRALIQUOTBARCODE', 'BCRALIQUOTBARCODE', 1, 15, null, '');
INSERT INTO CLINICAL_FILE_ELEMENT(CLINICAL_FILE_ELEMENT_ID, XSD_ELEMENT_ID, TABLE_ID, TABLE_COLUMN_NAME, FILE_COLUMN_NAME, FILE_COLUMN_ORDER, CLINICAL_FILE_ID, DISEASE_ID, UNIT_COLUMN_NAME) VALUES(CLINICAL_FILE_ELEMENT_SEQ.nextval, 24, 4, 'CONCENTRATION', 'CONCENTRATION', 2, 15, null, 'CONCENTRATIONUNIT');
INSERT INTO CLINICAL_FILE_ELEMENT(CLINICAL_FILE_ELEMENT_ID, XSD_ELEMENT_ID, TABLE_ID, TABLE_COLUMN_NAME, FILE_COLUMN_NAME, FILE_COLUMN_ORDER, CLINICAL_FILE_ID, DISEASE_ID, UNIT_COLUMN_NAME) VALUES(CLINICAL_FILE_ELEMENT_SEQ.nextval, 25, 2, 'CURRENTWEIGHT', 'CURRENTWEIGHT', 3, 15, null, 'WEIGHTUNIT');
INSERT INTO CLINICAL_FILE_ELEMENT(CLINICAL_FILE_ELEMENT_ID, XSD_ELEMENT_ID, TABLE_ID, TABLE_COLUMN_NAME, FILE_COLUMN_NAME, FILE_COLUMN_ORDER, CLINICAL_FILE_ID, DISEASE_ID, UNIT_COLUMN_NAME) VALUES(CLINICAL_FILE_ELEMENT_SEQ.nextval, 28, 3, 'DATECREATED', 'DATECREATED', 4, 15, null, '');
INSERT INTO CLINICAL_FILE_ELEMENT(CLINICAL_FILE_ELEMENT_ID, XSD_ELEMENT_ID, TABLE_ID, TABLE_COLUMN_NAME, FILE_COLUMN_NAME, FILE_COLUMN_ORDER, CLINICAL_FILE_ID, DISEASE_ID, UNIT_COLUMN_NAME) VALUES(CLINICAL_FILE_ELEMENT_SEQ.nextval, 49, 2, 'FREEZINGMETHOD', 'FREEZINGMETHOD', 6, 15, null, '');
INSERT INTO CLINICAL_FILE_ELEMENT(CLINICAL_FILE_ELEMENT_ID, XSD_ELEMENT_ID, TABLE_ID, TABLE_COLUMN_NAME, FILE_COLUMN_NAME, FILE_COLUMN_ORDER, CLINICAL_FILE_ID, DISEASE_ID, UNIT_COLUMN_NAME) VALUES(CLINICAL_FILE_ELEMENT_SEQ.nextval, 50, 4, 'GELIMAGEFILE', 'GELIMAGEFILE', 7, 15, null, '');
INSERT INTO CLINICAL_FILE_ELEMENT(CLINICAL_FILE_ELEMENT_ID, XSD_ELEMENT_ID, TABLE_ID, TABLE_COLUMN_NAME, FILE_COLUMN_NAME, FILE_COLUMN_ORDER, CLINICAL_FILE_ID, DISEASE_ID, UNIT_COLUMN_NAME) VALUES(CLINICAL_FILE_ELEMENT_SEQ.nextval, 64, 2, 'INITIALWEIGHT', 'INITIALWEIGHT', 12, 15, null, 'WEIGHTUNIT');
INSERT INTO CLINICAL_FILE_ELEMENT(CLINICAL_FILE_ELEMENT_ID, XSD_ELEMENT_ID, TABLE_ID, TABLE_COLUMN_NAME, FILE_COLUMN_NAME, FILE_COLUMN_ORDER, CLINICAL_FILE_ID, DISEASE_ID, UNIT_COLUMN_NAME) VALUES(CLINICAL_FILE_ELEMENT_SEQ.nextval, 65, 2, 'INTERMEDIATEDIMENSION', 'INTERMEDIATEDIMENSION', 13, 15, null, 'DIMENSIONUNIT');
INSERT INTO CLINICAL_FILE_ELEMENT(CLINICAL_FILE_ELEMENT_ID, XSD_ELEMENT_ID, TABLE_ID, TABLE_COLUMN_NAME, FILE_COLUMN_NAME, FILE_COLUMN_ORDER, CLINICAL_FILE_ID, DISEASE_ID, UNIT_COLUMN_NAME) VALUES(CLINICAL_FILE_ELEMENT_SEQ.nextval, 69, 2, 'LONGESTDIMENSION', 'LONGESTDIMENSION', 15, 15, null, 'DIMENSIONUNIT');
INSERT INTO CLINICAL_FILE_ELEMENT(CLINICAL_FILE_ELEMENT_ID, XSD_ELEMENT_ID, TABLE_ID, TABLE_COLUMN_NAME, FILE_COLUMN_NAME, FILE_COLUMN_ORDER, CLINICAL_FILE_ID, DISEASE_ID, UNIT_COLUMN_NAME) VALUES(CLINICAL_FILE_ELEMENT_SEQ.nextval, 70, 16, 'LYMPHATICINVASION', 'LYMPHATICINVASION', 16, 15, null, '');
INSERT INTO CLINICAL_FILE_ELEMENT(CLINICAL_FILE_ELEMENT_ID, XSD_ELEMENT_ID, TABLE_ID, TABLE_COLUMN_NAME, FILE_COLUMN_NAME, FILE_COLUMN_ORDER, CLINICAL_FILE_ID, DISEASE_ID, UNIT_COLUMN_NAME) VALUES(CLINICAL_FILE_ELEMENT_SEQ.nextval, 71, 16, 'MARGINSINVOLVED', 'MARGINSINVOLVED', 17, 15, null, '');
INSERT INTO CLINICAL_FILE_ELEMENT(CLINICAL_FILE_ELEMENT_ID, XSD_ELEMENT_ID, TABLE_ID, TABLE_COLUMN_NAME, FILE_COLUMN_NAME, FILE_COLUMN_ORDER, CLINICAL_FILE_ID, DISEASE_ID, UNIT_COLUMN_NAME) VALUES(CLINICAL_FILE_ELEMENT_SEQ.nextval, 88, 7, 'NORMALTUMORGENOTYPEMATCH', 'NORMALTUMORGENOTYPEMATCH', 19, 15, null, '');
INSERT INTO CLINICAL_FILE_ELEMENT(CLINICAL_FILE_ELEMENT_ID, XSD_ELEMENT_ID, TABLE_ID, TABLE_COLUMN_NAME, FILE_COLUMN_NAME, FILE_COLUMN_ORDER, CLINICAL_FILE_ID, DISEASE_ID, UNIT_COLUMN_NAME) VALUES(CLINICAL_FILE_ELEMENT_SEQ.nextval, 92, 16, 'NUMBERREGIONALLYMPHNODESEXAM', 'NUMBERREGIONALLYMPHNODESEXAM', 20, 15, null, '');
INSERT INTO CLINICAL_FILE_ELEMENT(CLINICAL_FILE_ELEMENT_ID, XSD_ELEMENT_ID, TABLE_ID, TABLE_COLUMN_NAME, FILE_COLUMN_NAME, FILE_COLUMN_ORDER, CLINICAL_FILE_ID, DISEASE_ID, UNIT_COLUMN_NAME) VALUES(CLINICAL_FILE_ELEMENT_SEQ.nextval, 93, 16, 'NUMBERREGIONALLYMPHNODESPOS', 'NUMBERREGIONALLYMPHNODESPOS', 21, 15, null, '');
INSERT INTO CLINICAL_FILE_ELEMENT(CLINICAL_FILE_ELEMENT_ID, XSD_ELEMENT_ID, TABLE_ID, TABLE_COLUMN_NAME, FILE_COLUMN_NAME, FILE_COLUMN_ORDER, CLINICAL_FILE_ID, DISEASE_ID, UNIT_COLUMN_NAME) VALUES(CLINICAL_FILE_ELEMENT_SEQ.nextval, 95, 2, 'OCTEMBEDDED', 'OCTEMBEDDED', 22, 15, null, '');
INSERT INTO CLINICAL_FILE_ELEMENT(CLINICAL_FILE_ELEMENT_ID, XSD_ELEMENT_ID, TABLE_ID, TABLE_COLUMN_NAME, FILE_COLUMN_NAME, FILE_COLUMN_ORDER, CLINICAL_FILE_ID, DISEASE_ID, UNIT_COLUMN_NAME) VALUES(CLINICAL_FILE_ELEMENT_SEQ.nextval, 98, 7, 'PCRAMPLIFICATIONSUCCESSFUL', 'PCRAMPLIFICATIONSUCCESSFUL', 24, 15, null, '');
INSERT INTO CLINICAL_FILE_ELEMENT(CLINICAL_FILE_ELEMENT_ID, XSD_ELEMENT_ID, TABLE_ID, TABLE_COLUMN_NAME, FILE_COLUMN_NAME, FILE_COLUMN_ORDER, CLINICAL_FILE_ID, DISEASE_ID, UNIT_COLUMN_NAME) VALUES(CLINICAL_FILE_ELEMENT_SEQ.nextval, 113, 16, 'PRIMARYORMETASTATICSTATUS', 'PRIMARYORMETASTATICSTATUS', 25, 15, null, '');
INSERT INTO CLINICAL_FILE_ELEMENT(CLINICAL_FILE_ELEMENT_ID, XSD_ELEMENT_ID, TABLE_ID, TABLE_COLUMN_NAME, FILE_COLUMN_NAME, FILE_COLUMN_ORDER, CLINICAL_FILE_ID, DISEASE_ID, UNIT_COLUMN_NAME) VALUES(CLINICAL_FILE_ELEMENT_SEQ.nextval, 128, 8, 'RATIO28S18S', 'RATIO28S18S', 26, 15, null, '');
INSERT INTO CLINICAL_FILE_ELEMENT(CLINICAL_FILE_ELEMENT_ID, XSD_ELEMENT_ID, TABLE_ID, TABLE_COLUMN_NAME, FILE_COLUMN_NAME, FILE_COLUMN_ORDER, CLINICAL_FILE_ID, DISEASE_ID, UNIT_COLUMN_NAME) VALUES(CLINICAL_FILE_ELEMENT_SEQ.nextval, 133, 8, 'RINVALUE', 'RINVALUE', 27, 15, null, '');
INSERT INTO CLINICAL_FILE_ELEMENT(CLINICAL_FILE_ELEMENT_ID, XSD_ELEMENT_ID, TABLE_ID, TABLE_COLUMN_NAME, FILE_COLUMN_NAME, FILE_COLUMN_ORDER, CLINICAL_FILE_ID, DISEASE_ID, UNIT_COLUMN_NAME) VALUES(CLINICAL_FILE_ELEMENT_SEQ.nextval, 136, 2, 'SAMPLETYPE', 'SAMPLETYPE', 28, 15, null, '');
INSERT INTO CLINICAL_FILE_ELEMENT(CLINICAL_FILE_ELEMENT_ID, XSD_ELEMENT_ID, TABLE_ID, TABLE_COLUMN_NAME, FILE_COLUMN_NAME, FILE_COLUMN_ORDER, CLINICAL_FILE_ID, DISEASE_ID, UNIT_COLUMN_NAME) VALUES(CLINICAL_FILE_ELEMENT_SEQ.nextval, 38, 5, 'SHIPPINGDATE', 'SHIPPINGDATE', 30, 15, null, '');
INSERT INTO CLINICAL_FILE_ELEMENT(CLINICAL_FILE_ELEMENT_ID, XSD_ELEMENT_ID, TABLE_ID, TABLE_COLUMN_NAME, FILE_COLUMN_NAME, FILE_COLUMN_ORDER, CLINICAL_FILE_ID, DISEASE_ID, UNIT_COLUMN_NAME) VALUES(CLINICAL_FILE_ELEMENT_SEQ.nextval, 138, 2, 'SHORTESTDIMENSION', 'SHORTESTDIMENSION', 31, 15, null, 'DIMENSIONUNIT');
INSERT INTO CLINICAL_FILE_ELEMENT(CLINICAL_FILE_ELEMENT_ID, XSD_ELEMENT_ID, TABLE_ID, TABLE_COLUMN_NAME, FILE_COLUMN_NAME, FILE_COLUMN_ORDER, CLINICAL_FILE_ID, DISEASE_ID, UNIT_COLUMN_NAME) VALUES(CLINICAL_FILE_ELEMENT_SEQ.nextval, 141, 2, 'TIMEBETWEENCLAMPINGANDFREEZING', 'TIMEBETWEENCLAMPINGANDFREEZING', 32, 15, null, '');
INSERT INTO CLINICAL_FILE_ELEMENT(CLINICAL_FILE_ELEMENT_ID, XSD_ELEMENT_ID, TABLE_ID, TABLE_COLUMN_NAME, FILE_COLUMN_NAME, FILE_COLUMN_ORDER, CLINICAL_FILE_ID, DISEASE_ID, UNIT_COLUMN_NAME) VALUES(CLINICAL_FILE_ELEMENT_SEQ.nextval, 142, 2, 'TIMEBETWEENEXCISIONANDFREEZING', 'TIMEBETWEENEXCISIONANDFREEZING', 33, 15, null, '');
INSERT INTO CLINICAL_FILE_ELEMENT(CLINICAL_FILE_ELEMENT_ID, XSD_ELEMENT_ID, TABLE_ID, TABLE_COLUMN_NAME, FILE_COLUMN_NAME, FILE_COLUMN_ORDER, CLINICAL_FILE_ID, DISEASE_ID, UNIT_COLUMN_NAME) VALUES(CLINICAL_FILE_ELEMENT_SEQ.nextval, 153, 17, 'TUMORSAMPLEANATOMICLOCATION', 'TUMORSAMPLEANATOMICLOCATION', 42, 15, 1, '');
INSERT INTO CLINICAL_FILE_ELEMENT(CLINICAL_FILE_ELEMENT_ID, XSD_ELEMENT_ID, TABLE_ID, TABLE_COLUMN_NAME, FILE_COLUMN_NAME, FILE_COLUMN_ORDER, CLINICAL_FILE_ID, DISEASE_ID, UNIT_COLUMN_NAME) VALUES(CLINICAL_FILE_ELEMENT_SEQ.nextval, 153, 18, 'TUMORSAMPLEANATOMICLOCATION', 'TUMORSAMPLEANATOMICLOCATION', 43, 15, 3, '');
INSERT INTO CLINICAL_FILE_ELEMENT(CLINICAL_FILE_ELEMENT_ID, XSD_ELEMENT_ID, TABLE_ID, TABLE_COLUMN_NAME, FILE_COLUMN_NAME, FILE_COLUMN_ORDER, CLINICAL_FILE_ID, DISEASE_ID, UNIT_COLUMN_NAME) VALUES(CLINICAL_FILE_ELEMENT_SEQ.nextval, 153, 19, 'TUMORSAMPLEANATOMICLOCATION', 'TUMORSAMPLEANATOMICLOCATION', 44, 15, 2, '');
INSERT INTO CLINICAL_FILE_ELEMENT(CLINICAL_FILE_ELEMENT_ID, XSD_ELEMENT_ID, TABLE_ID, TABLE_COLUMN_NAME, FILE_COLUMN_NAME, FILE_COLUMN_ORDER, CLINICAL_FILE_ID, DISEASE_ID, UNIT_COLUMN_NAME) VALUES(CLINICAL_FILE_ELEMENT_SEQ.nextval, 11, 4, 'TYPE', 'TYPE', 45, 15, null, '');
INSERT INTO CLINICAL_FILE_ELEMENT(CLINICAL_FILE_ELEMENT_ID, XSD_ELEMENT_ID, TABLE_ID, TABLE_COLUMN_NAME, FILE_COLUMN_NAME, FILE_COLUMN_ORDER, CLINICAL_FILE_ID, DISEASE_ID, UNIT_COLUMN_NAME) VALUES(CLINICAL_FILE_ELEMENT_SEQ.nextval, 159, 16, 'VENOUSINVASION', 'VENOUSINVASION', 46, 15, null, '');
INSERT INTO CLINICAL_FILE_ELEMENT(CLINICAL_FILE_ELEMENT_ID, XSD_ELEMENT_ID, TABLE_ID, TABLE_COLUMN_NAME, FILE_COLUMN_NAME, FILE_COLUMN_ORDER, CLINICAL_FILE_ID, DISEASE_ID, UNIT_COLUMN_NAME) VALUES(CLINICAL_FILE_ELEMENT_SEQ.nextval, 160, 16, 'VERIFICATIONBYBCR', 'VERIFICATIONBYBCR', 47, 15, null, '');
INSERT INTO CLINICAL_FILE_ELEMENT(CLINICAL_FILE_ELEMENT_ID, XSD_ELEMENT_ID, TABLE_ID, TABLE_COLUMN_NAME, FILE_COLUMN_NAME, FILE_COLUMN_ORDER, CLINICAL_FILE_ID, DISEASE_ID, UNIT_COLUMN_NAME) VALUES(CLINICAL_FILE_ELEMENT_SEQ.nextval, 162, 3, 'WEIGHT', 'WEIGHT', 48, 15, null, 'WEIGHTUNIT');
INSERT INTO CLINICAL_FILE_ELEMENT(CLINICAL_FILE_ELEMENT_ID, XSD_ELEMENT_ID, TABLE_ID, TABLE_COLUMN_NAME, FILE_COLUMN_NAME, FILE_COLUMN_ORDER, CLINICAL_FILE_ID, DISEASE_ID, UNIT_COLUMN_NAME) VALUES(CLINICAL_FILE_ELEMENT_SEQ.nextval, 163, 4, 'WELLNUMBER', 'WELLNUMBER', 49, 15, null, '');
INSERT INTO CLINICAL_FILE_ELEMENT(CLINICAL_FILE_ELEMENT_ID, XSD_ELEMENT_ID, TABLE_ID, TABLE_COLUMN_NAME, FILE_COLUMN_NAME, FILE_COLUMN_ORDER, CLINICAL_FILE_ID, DISEASE_ID, UNIT_COLUMN_NAME) VALUES(CLINICAL_FILE_ELEMENT_SEQ.nextval, 14, 5, 'BCRALIQUOTBARCODE', 'BCRALIQUOTBARCODE', 1, 16, null, '');
INSERT INTO CLINICAL_FILE_ELEMENT(CLINICAL_FILE_ELEMENT_ID, XSD_ELEMENT_ID, TABLE_ID, TABLE_COLUMN_NAME, FILE_COLUMN_NAME, FILE_COLUMN_ORDER, CLINICAL_FILE_ID, DISEASE_ID, UNIT_COLUMN_NAME) VALUES(CLINICAL_FILE_ELEMENT_SEQ.nextval, 20, 10, 'BCRSLIDEBARCODE', 'BCRSLIDEBARCODE', 2, 16, null, '');
INSERT INTO CLINICAL_FILE_ELEMENT(CLINICAL_FILE_ELEMENT_ID, XSD_ELEMENT_ID, TABLE_ID, TABLE_COLUMN_NAME, FILE_COLUMN_NAME, FILE_COLUMN_ORDER, CLINICAL_FILE_ID, DISEASE_ID, UNIT_COLUMN_NAME) VALUES(CLINICAL_FILE_ELEMENT_SEQ.nextval, 21, 11, 'CELLULARITY', 'CELLULARITY', 3, 16, 1, '');
INSERT INTO CLINICAL_FILE_ELEMENT(CLINICAL_FILE_ELEMENT_ID, XSD_ELEMENT_ID, TABLE_ID, TABLE_COLUMN_NAME, FILE_COLUMN_NAME, FILE_COLUMN_ORDER, CLINICAL_FILE_ID, DISEASE_ID, UNIT_COLUMN_NAME) VALUES(CLINICAL_FILE_ELEMENT_SEQ.nextval, 46, 11, 'ENDOTHELIALPROLIFERATION', 'ENDOTHELIALPROLIFERATION', 4, 16, 1, '');
INSERT INTO CLINICAL_FILE_ELEMENT(CLINICAL_FILE_ELEMENT_ID, XSD_ELEMENT_ID, TABLE_ID, TABLE_COLUMN_NAME, FILE_COLUMN_NAME, FILE_COLUMN_ORDER, CLINICAL_FILE_ID, DISEASE_ID, UNIT_COLUMN_NAME) VALUES(CLINICAL_FILE_ELEMENT_SEQ.nextval, 89, 11, 'NUCLEARPLEOMORPHISM', 'NUCLEARPLEOMORPHISM', 5, 16, 1, '');
INSERT INTO CLINICAL_FILE_ELEMENT(CLINICAL_FILE_ELEMENT_ID, XSD_ELEMENT_ID, TABLE_ID, TABLE_COLUMN_NAME, FILE_COLUMN_NAME, FILE_COLUMN_ORDER, CLINICAL_FILE_ID, DISEASE_ID, UNIT_COLUMN_NAME) VALUES(CLINICAL_FILE_ELEMENT_SEQ.nextval, 91, 10, 'NUMBERPROLIFERATINGCELLS', 'NUMBERPROLIFERATINGCELLS', 6, 16, null, '');
INSERT INTO CLINICAL_FILE_ELEMENT(CLINICAL_FILE_ELEMENT_ID, XSD_ELEMENT_ID, TABLE_ID, TABLE_COLUMN_NAME, FILE_COLUMN_NAME, FILE_COLUMN_ORDER, CLINICAL_FILE_ID, DISEASE_ID, UNIT_COLUMN_NAME) VALUES(CLINICAL_FILE_ELEMENT_SEQ.nextval, 97, 11, 'PALISADINGNECROSIS', 'PALISADINGNECROSIS', 7, 16, 1, '');
INSERT INTO CLINICAL_FILE_ELEMENT(CLINICAL_FILE_ELEMENT_ID, XSD_ELEMENT_ID, TABLE_ID, TABLE_COLUMN_NAME, FILE_COLUMN_NAME, FILE_COLUMN_ORDER, CLINICAL_FILE_ID, DISEASE_ID, UNIT_COLUMN_NAME) VALUES(CLINICAL_FILE_ELEMENT_SEQ.nextval, 99, 10, 'PERCENTEOSINOPHILINFILTRATION', 'PERCENTEOSINOPHILINFILTRATION', 8, 16, null, '');
INSERT INTO CLINICAL_FILE_ELEMENT(CLINICAL_FILE_ELEMENT_ID, XSD_ELEMENT_ID, TABLE_ID, TABLE_COLUMN_NAME, FILE_COLUMN_NAME, FILE_COLUMN_ORDER, CLINICAL_FILE_ID, DISEASE_ID, UNIT_COLUMN_NAME) VALUES(CLINICAL_FILE_ELEMENT_SEQ.nextval, 100, 10, 'PERCENTGRANULOCYTEINFILTRATION', 'PERCENTGRANULOCYTEINFILTRATION', 9, 16, null, '');
INSERT INTO CLINICAL_FILE_ELEMENT(CLINICAL_FILE_ELEMENT_ID, XSD_ELEMENT_ID, TABLE_ID, TABLE_COLUMN_NAME, FILE_COLUMN_NAME, FILE_COLUMN_ORDER, CLINICAL_FILE_ID, DISEASE_ID, UNIT_COLUMN_NAME) VALUES(CLINICAL_FILE_ELEMENT_SEQ.nextval, 101, 10, 'PERCENTINFLAMINFILTRATION', 'PERCENTINFLAMINFILTRATION', 10, 16, null, '');
INSERT INTO CLINICAL_FILE_ELEMENT(CLINICAL_FILE_ELEMENT_ID, XSD_ELEMENT_ID, TABLE_ID, TABLE_COLUMN_NAME, FILE_COLUMN_NAME, FILE_COLUMN_ORDER, CLINICAL_FILE_ID, DISEASE_ID, UNIT_COLUMN_NAME) VALUES(CLINICAL_FILE_ELEMENT_SEQ.nextval, 102, 10, 'PERCENTLYMPHOCYTEINFILTRATION', 'PERCENTLYMPHOCYTEINFILTRATION', 11, 16, null, '');
INSERT INTO CLINICAL_FILE_ELEMENT(CLINICAL_FILE_ELEMENT_ID, XSD_ELEMENT_ID, TABLE_ID, TABLE_COLUMN_NAME, FILE_COLUMN_NAME, FILE_COLUMN_ORDER, CLINICAL_FILE_ID, DISEASE_ID, UNIT_COLUMN_NAME) VALUES(CLINICAL_FILE_ELEMENT_SEQ.nextval, 103, 10, 'PERCENTMONOCYTEINFILTRATION', 'PERCENTMONOCYTEINFILTRATION', 12, 16, null, '');
INSERT INTO CLINICAL_FILE_ELEMENT(CLINICAL_FILE_ELEMENT_ID, XSD_ELEMENT_ID, TABLE_ID, TABLE_COLUMN_NAME, FILE_COLUMN_NAME, FILE_COLUMN_ORDER, CLINICAL_FILE_ID, DISEASE_ID, UNIT_COLUMN_NAME) VALUES(CLINICAL_FILE_ELEMENT_SEQ.nextval, 104, 10, 'PERCENTNECROSIS', 'PERCENTNECROSIS', 13, 16, null, '');
INSERT INTO CLINICAL_FILE_ELEMENT(CLINICAL_FILE_ELEMENT_ID, XSD_ELEMENT_ID, TABLE_ID, TABLE_COLUMN_NAME, FILE_COLUMN_NAME, FILE_COLUMN_ORDER, CLINICAL_FILE_ID, DISEASE_ID, UNIT_COLUMN_NAME) VALUES(CLINICAL_FILE_ELEMENT_SEQ.nextval, 105, 10, 'PERCENTNEUTROPHILINFILTRATION', 'PERCENTNEUTROPHILINFILTRATION', 14, 16, null, '');
INSERT INTO CLINICAL_FILE_ELEMENT(CLINICAL_FILE_ELEMENT_ID, XSD_ELEMENT_ID, TABLE_ID, TABLE_COLUMN_NAME, FILE_COLUMN_NAME, FILE_COLUMN_ORDER, CLINICAL_FILE_ID, DISEASE_ID, UNIT_COLUMN_NAME) VALUES(CLINICAL_FILE_ELEMENT_SEQ.nextval, 106, 10, 'PERCENTNORMALCELLS', 'PERCENTNORMALCELLS', 15, 16, null, '');
INSERT INTO CLINICAL_FILE_ELEMENT(CLINICAL_FILE_ELEMENT_ID, XSD_ELEMENT_ID, TABLE_ID, TABLE_COLUMN_NAME, FILE_COLUMN_NAME, FILE_COLUMN_ORDER, CLINICAL_FILE_ID, DISEASE_ID, UNIT_COLUMN_NAME) VALUES(CLINICAL_FILE_ELEMENT_SEQ.nextval, 107, 10, 'PERCENTSTROMALCELLS', 'PERCENTSTROMALCELLS', 16, 16, null, '');
INSERT INTO CLINICAL_FILE_ELEMENT(CLINICAL_FILE_ELEMENT_ID, XSD_ELEMENT_ID, TABLE_ID, TABLE_COLUMN_NAME, FILE_COLUMN_NAME, FILE_COLUMN_ORDER, CLINICAL_FILE_ID, DISEASE_ID, UNIT_COLUMN_NAME) VALUES(CLINICAL_FILE_ELEMENT_SEQ.nextval, 108, 10, 'PERCENTTUMORCELLS', 'PERCENTTUMORCELLS', 17, 16, null, '');
INSERT INTO CLINICAL_FILE_ELEMENT(CLINICAL_FILE_ELEMENT_ID, XSD_ELEMENT_ID, TABLE_ID, TABLE_COLUMN_NAME, FILE_COLUMN_NAME, FILE_COLUMN_ORDER, CLINICAL_FILE_ID, DISEASE_ID, UNIT_COLUMN_NAME) VALUES(CLINICAL_FILE_ELEMENT_SEQ.nextval, 109, 10, 'PERCENTTUMORNUCLEI', 'PERCENTTUMORNUCLEI', 18, 16, null, '');

insert into clinical_xsd_element(CLINICAL_XSD_ELEMENT_ID, ELEMENT_NAME, IS_PROTECTED, DESCRIPTION, VALUE_TYPE) values(179, 'BCRDRUGBARCODE', 0, 'unique identifier for a subject drug regimen', 'string');
insert into clinical_file_element(CLINICAL_FILE_ELEMENT_ID, XSD_ELEMENT_ID, TABLE_ID, TABLE_COLUMN_NAME, FILE_COLUMN_NAME, FILE_COLUMN_ORDER, CLINICAL_FILE_ID) VALUES(CLINICAL_FILE_ELEMENT_SEQ.nextval, 179, 15, 'BCRDRUGBARCODE', 'BCRDRUGBARCODE', 12, 18);

insert into clinical_xsd_element(CLINICAL_XSD_ELEMENT_ID, ELEMENT_NAME, IS_PROTECTED, DESCRIPTION, VALUE_TYPE) values(180, 'BCRRADIATIONBARCODE', 0, 'unique identifier for a subject radiation treatment', 'string');
insert into clinical_file_element(CLINICAL_FILE_ELEMENT_ID, XSD_ELEMENT_ID, TABLE_ID, TABLE_COLUMN_NAME, FILE_COLUMN_NAME, FILE_COLUMN_ORDER, CLINICAL_FILE_ID) VALUES(CLINICAL_FILE_ELEMENT_SEQ.nextval, 180, 13, 'BCRRADIATIONBARCODE', 'BCRRADIATIONBARCODE', 8, 20);

insert into clinical_xsd_element(CLINICAL_XSD_ELEMENT_ID, ELEMENT_NAME, IS_PROTECTED, DESCRIPTION, VALUE_TYPE) values(181, 'BCRSURGERYBARCODE', 0, 'unique identifier for a subject surgical procedure', 'string');
insert into clinical_file_element(CLINICAL_FILE_ELEMENT_ID, XSD_ELEMENT_ID, TABLE_ID, TABLE_COLUMN_NAME, FILE_COLUMN_NAME, FILE_COLUMN_ORDER, CLINICAL_FILE_ID) VALUES(CLINICAL_FILE_ELEMENT_SEQ.nextval, 181, 14, 'BCRSURGERYBARCODE', 'BCRSURGERYBARCODE', 3, 21);

insert into clinical_xsd_element(CLINICAL_XSD_ELEMENT_ID, ELEMENT_NAME, IS_PROTECTED, DESCRIPTION, VALUE_TYPE) values(182, 'BCREXAMINATIONBARCODE', 0, 'unique identifier for a subject examination', 'string');
insert into clinical_file_element(CLINICAL_FILE_ELEMENT_ID, XSD_ELEMENT_ID, TABLE_ID, TABLE_COLUMN_NAME, FILE_COLUMN_NAME, FILE_COLUMN_ORDER, CLINICAL_FILE_ID) VALUES(CLINICAL_FILE_ELEMENT_SEQ.nextval, 182, 12, 'BCREXAMINATIONBARCODE', 'BCREXAMINATIONBARCODE', 8, 19);


insert into clinical_file_element(CLINICAL_FILE_ELEMENT_ID, XSD_ELEMENT_ID, TABLE_ID, TABLE_COLUMN_NAME, FILE_COLUMN_NAME, FILE_COLUMN_ORDER, CLINICAL_FILE_ID) VALUES(CLINICAL_FILE_ELEMENT_SEQ.nextval, (select CLINICAL_XSD_ELEMENT_ID from clinical_xsd_element where ELEMENT_NAME='BCRPATIENTBARCODE'), 1, 'BCRPATIENTBARCODE', 'BCRPATIENTBARCODE', 1, 19);
insert into clinical_file_element(CLINICAL_FILE_ELEMENT_ID, XSD_ELEMENT_ID, TABLE_ID, TABLE_COLUMN_NAME, FILE_COLUMN_NAME, FILE_COLUMN_ORDER, CLINICAL_FILE_ID) VALUES(CLINICAL_FILE_ELEMENT_SEQ.nextval, (select CLINICAL_XSD_ELEMENT_ID from clinical_xsd_element where ELEMENT_NAME='EASTERNCANCERONCOLOGYGROUP'), 12, 'EASTERNCANCERONCOLOGYGROUP', 'EASTERNCANCERONCOLOGYGROUP', 2, 19);
insert into clinical_file_element(CLINICAL_FILE_ELEMENT_ID, XSD_ELEMENT_ID, TABLE_ID, TABLE_COLUMN_NAME, FILE_COLUMN_NAME, FILE_COLUMN_ORDER, CLINICAL_FILE_ID) VALUES(CLINICAL_FILE_ELEMENT_SEQ.nextval, (select CLINICAL_XSD_ELEMENT_ID from clinical_xsd_element where ELEMENT_NAME='KARNOFSKYPERFORMANCESCORE'), 12, 'KARNOFSKYPERFORMANCESCORE', 'KARNOFSKYPERFORMANCESCORE', 3, 19);
insert into clinical_file_element(CLINICAL_FILE_ELEMENT_ID, XSD_ELEMENT_ID, TABLE_ID, TABLE_COLUMN_NAME, FILE_COLUMN_NAME, FILE_COLUMN_ORDER, CLINICAL_FILE_ID) VALUES(CLINICAL_FILE_ELEMENT_SEQ.nextval, (select CLINICAL_XSD_ELEMENT_ID from clinical_xsd_element where ELEMENT_NAME='PERFORMANCESTATUSSCALETIMING'), 12, 'PERFORMANCESTATUSSCALETIMING', 'PERFORMANCESTATUSSCALETIMING', 4, 19);
insert into clinical_file_element(CLINICAL_FILE_ELEMENT_ID, XSD_ELEMENT_ID, TABLE_ID, TABLE_COLUMN_NAME, FILE_COLUMN_NAME, FILE_COLUMN_ORDER, CLINICAL_FILE_ID) VALUES(CLINICAL_FILE_ELEMENT_SEQ.nextval, (select CLINICAL_XSD_ELEMENT_ID from clinical_xsd_element where ELEMENT_NAME='PROGRESSIONDETERMINEDBY'), 12, 'PROGRESSIONDETERMINEDBY', 'PROGRESSIONDETERMINEDBY', 6, 19);
insert into clinical_file_element(CLINICAL_FILE_ELEMENT_ID, XSD_ELEMENT_ID, TABLE_ID, TABLE_COLUMN_NAME, FILE_COLUMN_NAME, FILE_COLUMN_ORDER, CLINICAL_FILE_ID) VALUES(CLINICAL_FILE_ELEMENT_SEQ.nextval, (select CLINICAL_XSD_ELEMENT_ID from clinical_xsd_element where ELEMENT_NAME='PROGRESSIONDETERMINEDBYNOTES'), 12, 'PROGRESSIONDETERMINEDBYNOTES', 'PROGRESSIONDETERMINEDBYNOTES', 7, 19);
insert into clinical_file_element(CLINICAL_FILE_ELEMENT_ID, XSD_ELEMENT_ID, TABLE_ID, TABLE_COLUMN_NAME, FILE_COLUMN_NAME, FILE_COLUMN_ORDER, CLINICAL_FILE_ID) VALUES(CLINICAL_FILE_ELEMENT_SEQ.nextval, (select CLINICAL_XSD_ELEMENT_ID from clinical_xsd_element where ELEMENT_NAME='PROGRESSIONSTATUS'), 12, 'PROGRESSIONSTATUS', 'PROGRESSIONSTATUS', 5, 19);
insert into clinical_file_element(CLINICAL_FILE_ELEMENT_ID, XSD_ELEMENT_ID, TABLE_ID, TABLE_COLUMN_NAME, FILE_COLUMN_NAME, FILE_COLUMN_ORDER, CLINICAL_FILE_ID) VALUES(CLINICAL_FILE_ELEMENT_SEQ.nextval, (select CLINICAL_XSD_ELEMENT_ID from clinical_xsd_element where ELEMENT_NAME='BCRPATIENTBARCODE'), 1, 'BCRPATIENTBARCODE', 'BCRPATIENTBARCODE', 1, 18);
insert into clinical_file_element(CLINICAL_FILE_ELEMENT_ID, XSD_ELEMENT_ID, TABLE_ID, TABLE_COLUMN_NAME, FILE_COLUMN_NAME, FILE_COLUMN_ORDER, CLINICAL_FILE_ID) VALUES(CLINICAL_FILE_ELEMENT_SEQ.nextval, (select CLINICAL_XSD_ELEMENT_ID from clinical_xsd_element where ELEMENT_NAME='DOSAGEUNITS'), 15, 'DOSAGEUNITS', 'DOSAGEUNITS', 4, 18);
insert into clinical_file_element(CLINICAL_FILE_ELEMENT_ID, XSD_ELEMENT_ID, TABLE_ID, TABLE_COLUMN_NAME, FILE_COLUMN_NAME, FILE_COLUMN_ORDER, CLINICAL_FILE_ID) VALUES(CLINICAL_FILE_ELEMENT_SEQ.nextval, (select CLINICAL_XSD_ELEMENT_ID from clinical_xsd_element where ELEMENT_NAME='DRUGCATEGORY'), 15, 'DRUGCATEGORY', 'DRUGCATEGORY', 5, 18);
insert into clinical_file_element(CLINICAL_FILE_ELEMENT_ID, XSD_ELEMENT_ID, TABLE_ID, TABLE_COLUMN_NAME, FILE_COLUMN_NAME, FILE_COLUMN_ORDER, CLINICAL_FILE_ID) VALUES(CLINICAL_FILE_ELEMENT_SEQ.nextval, (select CLINICAL_XSD_ELEMENT_ID from clinical_xsd_element where ELEMENT_NAME='DRUGDOSAGE'), 15, 'DRUGDOSAGE', 'DRUGDOSAGE', 3, 18);
insert into clinical_file_element(CLINICAL_FILE_ELEMENT_ID, XSD_ELEMENT_ID, TABLE_ID, TABLE_COLUMN_NAME, FILE_COLUMN_NAME, FILE_COLUMN_ORDER, CLINICAL_FILE_ID) VALUES(CLINICAL_FILE_ELEMENT_SEQ.nextval, (select CLINICAL_XSD_ELEMENT_ID from clinical_xsd_element where ELEMENT_NAME='DRUGNAME'), 15, 'DRUGNAME', 'DRUGNAME', 2, 18);
insert into clinical_file_element(CLINICAL_FILE_ELEMENT_ID, XSD_ELEMENT_ID, TABLE_ID, TABLE_COLUMN_NAME, FILE_COLUMN_NAME, FILE_COLUMN_ORDER, CLINICAL_FILE_ID) VALUES(CLINICAL_FILE_ELEMENT_SEQ.nextval, (select CLINICAL_XSD_ELEMENT_ID from clinical_xsd_element where ELEMENT_NAME='INITIALCOURSE'), 15, 'INITIALCOURSE', 'INITIALCOURSE', 6, 18);
insert into clinical_file_element(CLINICAL_FILE_ELEMENT_ID, XSD_ELEMENT_ID, TABLE_ID, TABLE_COLUMN_NAME, FILE_COLUMN_NAME, FILE_COLUMN_ORDER, CLINICAL_FILE_ID) VALUES(CLINICAL_FILE_ELEMENT_SEQ.nextval, (select CLINICAL_XSD_ELEMENT_ID from clinical_xsd_element where ELEMENT_NAME='NUMBERCYCLES'), 15, 'NUMBERCYCLES', 'NUMBERCYCLES', 7, 18);
insert into clinical_file_element(CLINICAL_FILE_ELEMENT_ID, XSD_ELEMENT_ID, TABLE_ID, TABLE_COLUMN_NAME, FILE_COLUMN_NAME, FILE_COLUMN_ORDER, CLINICAL_FILE_ID) VALUES(CLINICAL_FILE_ELEMENT_SEQ.nextval, (select CLINICAL_XSD_ELEMENT_ID from clinical_xsd_element where ELEMENT_NAME='REGIMENINDICATION'), 15, 'REGIMENINDICATION', 'REGIMENINDICATION', 8, 18);
insert into clinical_file_element(CLINICAL_FILE_ELEMENT_ID, XSD_ELEMENT_ID, TABLE_ID, TABLE_COLUMN_NAME, FILE_COLUMN_NAME, FILE_COLUMN_ORDER, CLINICAL_FILE_ID) VALUES(CLINICAL_FILE_ELEMENT_SEQ.nextval, (select CLINICAL_XSD_ELEMENT_ID from clinical_xsd_element where ELEMENT_NAME='REGIMENINDICATIONNOTES'), 15, 'REGIMENINDICATIONNOTES', 'REGIMENINDICATIONNOTES', 9, 18);
insert into clinical_file_element(CLINICAL_FILE_ELEMENT_ID, XSD_ELEMENT_ID, TABLE_ID, TABLE_COLUMN_NAME, FILE_COLUMN_NAME, FILE_COLUMN_ORDER, CLINICAL_FILE_ID) VALUES(CLINICAL_FILE_ELEMENT_SEQ.nextval, (select CLINICAL_XSD_ELEMENT_ID from clinical_xsd_element where ELEMENT_NAME='ROUTEOFADMINISTRATION'), 15, 'ROUTEOFADMINISTRATION', 'ROUTEOFADMINISTRATION', 10, 18);
insert into clinical_file_element(CLINICAL_FILE_ELEMENT_ID, XSD_ELEMENT_ID, TABLE_ID, TABLE_COLUMN_NAME, FILE_COLUMN_NAME, FILE_COLUMN_ORDER, CLINICAL_FILE_ID) VALUES(CLINICAL_FILE_ELEMENT_SEQ.nextval, (select CLINICAL_XSD_ELEMENT_ID from clinical_xsd_element where ELEMENT_NAME='ROUTEOFADMINISTRATIONNOTES'), 15, 'ROUTEOFADMINISTRATIONNOTES', 'ROUTEOFADMINISTRATIONNOTES', 11, 18);
insert into clinical_file_element(CLINICAL_FILE_ELEMENT_ID, XSD_ELEMENT_ID, TABLE_ID, TABLE_COLUMN_NAME, FILE_COLUMN_NAME, FILE_COLUMN_ORDER, CLINICAL_FILE_ID) VALUES(CLINICAL_FILE_ELEMENT_SEQ.nextval, (select CLINICAL_XSD_ELEMENT_ID from clinical_xsd_element where ELEMENT_NAME='BCRPATIENTBARCODE'), 1, 'BCRPATIENTBARCODE', 'BCRPATIENTBARCODE', 1, 20);
insert into clinical_file_element(CLINICAL_FILE_ELEMENT_ID, XSD_ELEMENT_ID, TABLE_ID, TABLE_COLUMN_NAME, FILE_COLUMN_NAME, FILE_COLUMN_ORDER, CLINICAL_FILE_ID) VALUES(CLINICAL_FILE_ELEMENT_SEQ.nextval, (select CLINICAL_XSD_ELEMENT_ID from clinical_xsd_element where ELEMENT_NAME='ANATOMICTREATMENTSITE'), 13, 'ANATOMICTREATMENTSITE', 'ANATOMICTREATMENTSITE', 1, 20);
insert into clinical_file_element(CLINICAL_FILE_ELEMENT_ID, XSD_ELEMENT_ID, TABLE_ID, TABLE_COLUMN_NAME, FILE_COLUMN_NAME, FILE_COLUMN_ORDER, CLINICAL_FILE_ID) VALUES(CLINICAL_FILE_ELEMENT_SEQ.nextval, (select CLINICAL_XSD_ELEMENT_ID from clinical_xsd_element where ELEMENT_NAME='NUMFRACTIONS'), 13, 'NUMFRACTIONS', 'NUMFRACTIONS', 3, 20);
insert into clinical_file_element(CLINICAL_FILE_ELEMENT_ID, XSD_ELEMENT_ID, TABLE_ID, TABLE_COLUMN_NAME, FILE_COLUMN_NAME, FILE_COLUMN_ORDER, CLINICAL_FILE_ID) VALUES(CLINICAL_FILE_ELEMENT_SEQ.nextval, (select CLINICAL_XSD_ELEMENT_ID from clinical_xsd_element where ELEMENT_NAME='RADIATIONDOSAGE'), 13, 'RADIATIONDOSAGE', 'RADIATIONDOSAGE', 2, 20);
insert into clinical_file_element(CLINICAL_FILE_ELEMENT_ID, XSD_ELEMENT_ID, TABLE_ID, TABLE_COLUMN_NAME, FILE_COLUMN_NAME, FILE_COLUMN_ORDER, CLINICAL_FILE_ID) VALUES(CLINICAL_FILE_ELEMENT_SEQ.nextval, (select CLINICAL_XSD_ELEMENT_ID from clinical_xsd_element where ELEMENT_NAME='RADIATIONTREATMENTONGOING'), 13, 'RADIATIONTREATMENTONGOING', 'RADIATIONTREATMENTONGOING', 6, 20);
insert into clinical_file_element(CLINICAL_FILE_ELEMENT_ID, XSD_ELEMENT_ID, TABLE_ID, TABLE_COLUMN_NAME, FILE_COLUMN_NAME, FILE_COLUMN_ORDER, CLINICAL_FILE_ID) VALUES(CLINICAL_FILE_ELEMENT_SEQ.nextval, (select CLINICAL_XSD_ELEMENT_ID from clinical_xsd_element where ELEMENT_NAME='RADIATIONTYPE'), 13, 'TYPE', 'RADIATIONTYPE', 4, 20);
insert into clinical_file_element(CLINICAL_FILE_ELEMENT_ID, XSD_ELEMENT_ID, TABLE_ID, TABLE_COLUMN_NAME, FILE_COLUMN_NAME, FILE_COLUMN_ORDER, CLINICAL_FILE_ID) VALUES(CLINICAL_FILE_ELEMENT_SEQ.nextval, (select CLINICAL_XSD_ELEMENT_ID from clinical_xsd_element where ELEMENT_NAME='RADIATIONTYPENOTES'), 13, 'RADIATIONTYPENOTES', 'RADIATIONTYPENOTES', 5, 20);
insert into clinical_file_element(CLINICAL_FILE_ELEMENT_ID, XSD_ELEMENT_ID, TABLE_ID, TABLE_COLUMN_NAME, FILE_COLUMN_NAME, FILE_COLUMN_ORDER, CLINICAL_FILE_ID) VALUES(CLINICAL_FILE_ELEMENT_SEQ.nextval, (select CLINICAL_XSD_ELEMENT_ID from clinical_xsd_element where ELEMENT_NAME='UNITS'), 13, 'UNITS', 'UNITS', 7, 20);
insert into clinical_file_element(CLINICAL_FILE_ELEMENT_ID, XSD_ELEMENT_ID, TABLE_ID, TABLE_COLUMN_NAME, FILE_COLUMN_NAME, FILE_COLUMN_ORDER, CLINICAL_FILE_ID) VALUES(CLINICAL_FILE_ELEMENT_SEQ.nextval, (select CLINICAL_XSD_ELEMENT_ID from clinical_xsd_element where ELEMENT_NAME='BCRPATIENTBARCODE'), 1, 'BCRPATIENTBARCODE', 'BCRPATIENTBARCODE', 1, 21);
insert into clinical_file_element(CLINICAL_FILE_ELEMENT_ID, XSD_ELEMENT_ID, TABLE_ID, TABLE_COLUMN_NAME, FILE_COLUMN_NAME, FILE_COLUMN_ORDER, CLINICAL_FILE_ID) VALUES(CLINICAL_FILE_ELEMENT_SEQ.nextval, (select CLINICAL_XSD_ELEMENT_ID from clinical_xsd_element where ELEMENT_NAME='PROCEDURETYPE'), 14, 'PROCEDURETYPE', 'PROCEDURETYPE', 2, 21);

-- subj-samp
INSERT INTO CLINICAL_FILE_ELEMENT(CLINICAL_FILE_ELEMENT_ID, XSD_ELEMENT_ID, TABLE_ID, TABLE_COLUMN_NAME, FILE_COLUMN_NAME, FILE_COLUMN_ORDER, CLINICAL_FILE_ID, DISEASE_ID, UNIT_COLUMN_NAME) VALUES(CLINICAL_FILE_ELEMENT_SEQ.nextval, 14, 5, 'BCRALIQUOTBARCODE', 'BCRALIQUOTBARCODE', 1, 17, null, '');
INSERT INTO CLINICAL_FILE_ELEMENT(CLINICAL_FILE_ELEMENT_ID, XSD_ELEMENT_ID, TABLE_ID, TABLE_COLUMN_NAME, FILE_COLUMN_NAME, FILE_COLUMN_ORDER, CLINICAL_FILE_ID, DISEASE_ID, UNIT_COLUMN_NAME) VALUES(CLINICAL_FILE_ELEMENT_SEQ.nextval, 16, 1, 'BCRPATIENTBARCODE', 'BCRPATIENTBARCODE', 2, 17, null, '');

update clinical_xsd_element set description='ratio of absorbance at 260nm to absorbance at 280nm of analyte extracted from a sample portion' where clinical_xsd_element_id=3;
update clinical_xsd_element set description='type of analyte extracted from sample portion' where clinical_xsd_element_id=11;
update clinical_xsd_element set description='aliquot of an analyte extracted from a portion of a sample' where clinical_xsd_element_id=14;
update clinical_xsd_element set description='subject identifier' where clinical_xsd_element_id=16;
update clinical_xsd_element set description='slide taken from a portion of a sample' where clinical_xsd_element_id=20;
update clinical_xsd_element set description='the current weight, in grams, of the tissue sample ' where clinical_xsd_element_id=25;
update clinical_xsd_element set description='indicates the presence or absence of reproducing endothelial cells in a malignant neoplasm sample or specimen' where clinical_xsd_element_id=46;
update clinical_xsd_element set description='the method by which the tumor sample was frozen' where clinical_xsd_element_id=49;
update clinical_xsd_element set description='the name of the file containing the gel image of the analyte' where clinical_xsd_element_id=50;
update clinical_xsd_element set description='gender of the subject' where clinical_xsd_element_id=52;
update clinical_xsd_element set description='the category for a neoplasm''s histologic subtype' where clinical_xsd_element_id=54;
update clinical_xsd_element set description='the weight, in grams, of the tissue sample when it was received' where clinical_xsd_element_id=64;
update clinical_xsd_element set description='the second longest dimension, in cm, of the tumor' where clinical_xsd_element_id=65;
update clinical_xsd_element set description='the longest dimension, in cm, of the tumor' where clinical_xsd_element_id=69;
update clinical_xsd_element set description='indicates if malignant cells were present in small or thin-walled vessels suggesting lymphatic involvement' where clinical_xsd_element_id=70;
update clinical_xsd_element set description='indicates if the margins of the pathology section contain tumor cells' where clinical_xsd_element_id=71;
update clinical_xsd_element set description='number of regional lymph nodes examined' where clinical_xsd_element_id=92;
update clinical_xsd_element set description='number of regional lymph nodes positive for tumor cells' where clinical_xsd_element_id=93;
update clinical_xsd_element set description='indicates whether the tumor sample was OCT embedded' where clinical_xsd_element_id=95;
update clinical_xsd_element set description='indicates the presence or absence of small, irregular regions of necrosis surrounded by dense accumulations of tumor cells' where clinical_xsd_element_id=97;
update clinical_xsd_element set description='the percentage of infiltration by lymphocytes in a tumor sample' where clinical_xsd_element_id=102;
update clinical_xsd_element set description='the percentage of infiltration by monocytes in a tumor sample' where clinical_xsd_element_id=103;
update clinical_xsd_element set description='the percentage of cell death in a malignant tumor sample' where clinical_xsd_element_id=104;
update clinical_xsd_element set description='the percentage of infiltration by neutrophils in a tumor sample' where clinical_xsd_element_id=105;
update clinical_xsd_element set description='the percentage of normal cell content in a malignant tumor sample' where clinical_xsd_element_id=106;
update clinical_xsd_element set description='the percentage of reactive cells that are present in a malignant tumor sample or specimen but are not malignant such as fibroblasts, vascular structures, etc' where clinical_xsd_element_id=107;
update clinical_xsd_element set description='the percentage of malignant cell tumor nuclei content in a tumor sample' where clinical_xsd_element_id=108;
update clinical_xsd_element set description='the percentage of tumor nuclei in a malignant neoplasm sample' where clinical_xsd_element_id=109;
update clinical_xsd_element set description='indicates whether any treatment was given to the patient prior to surgery' where clinical_xsd_element_id=112;
update clinical_xsd_element set description='indicates whether the tumor sample is primary or metastatic' where clinical_xsd_element_id=113;
update clinical_xsd_element set description='type of tissue collected' where clinical_xsd_element_id=136;
update clinical_xsd_element set description='the shortest dimension, in cm, of the tumor' where clinical_xsd_element_id=138;
update clinical_xsd_element set description='time, in minutes, between vascular clamping and tissue freezing' where clinical_xsd_element_id=141;
update clinical_xsd_element set description='time, in minutes, between surgical excision and tissue freezing ' where clinical_xsd_element_id=142;
update clinical_xsd_element set description='he anatomic region in the brain where the glioblastoma was located ' where clinical_xsd_element_id=153;
update clinical_xsd_element set description='originating or primary anatomic site of the disease' where clinical_xsd_element_id=157;
update clinical_xsd_element set description='indicates if large vessel or venous invasion was detected by surgery or presence in a tumor specimen' where clinical_xsd_element_id=159;
update clinical_xsd_element set description='indicates if the pathology determination from the tissue center agrees with that of the BCR' where clinical_xsd_element_id=160;
update clinical_xsd_element set description='the weight of the portion taken from the tissue sample ' where clinical_xsd_element_id=162;
update clinical_xsd_element set description='well number in the gel in which the analyte was run' where clinical_xsd_element_id=163;
update clinical_xsd_element set description='ratio of intensity of the 28S and 18S rRNA bands' where clinical_xsd_element_id=128;
update clinical_xsd_element set description='RNA integrity number from Agilent bioanalyzer' where clinical_xsd_element_id=133;
update clinical_xsd_element set description='did the PCR reaction amplify the correct bands' where clinical_xsd_element_id=98;
update clinical_xsd_element set description='the percentage of infiltration by eosinophils in a tumor sample' where clinical_xsd_element_id=99;
update clinical_xsd_element set description='the percentage of infiltration by granulocytes in a tumor sample' where clinical_xsd_element_id=100;
update clinical_xsd_element set description='the percentage of a tumor sample showing a local response to cellular injury, marked by capillary dilatation, edema and leukocyte infiltration' where clinical_xsd_element_id=101;
update clinical_xsd_element set description='did the tumor and normal tissue genotypes agree' where clinical_xsd_element_id=88;
update clinical_xsd_element set description='occurrence of nuclei with various distinct forms' where clinical_xsd_element_id=89;
update clinical_xsd_element set description='indicates the presence of reproducing endothelial cells in a malignant neoplasm sample' where clinical_xsd_element_id=91;
update clinical_xsd_element set description='description of the number of cells relative to tumor volume' where clinical_xsd_element_id=21;

update clinical_xsd_element set description='indicator related to the additional administration of chemotherapy after the return of a disease after a period of remission' where element_name='ADDITIONALCHEMOTHERAPY';
update clinical_xsd_element set description='indicator related to the additional administration of targeted molecular therapy after the return of a disease after a period of remission' where element_name='ADDITIONALDRUGTHERAPY';
update clinical_xsd_element set description='indicator related to the additional administration of hormone therapy after the return of a disease after a period of remission' where element_name='ADDITIONALHORMONETHERAPY';
update clinical_xsd_element set description='indicator related to the additional administration of immunotherapy after the return of a disease after a period of remission' where element_name='ADDITIONALIMMUNOTHERAPY';
update clinical_xsd_element set description='indicator related to the additional administration of radiation therapy after the return of a disease after a period of remission' where element_name='ADDITIONALRADIATIONTHERAPY';
update clinical_xsd_element set description='total amount, in micrograms, of molecular analyte purified from the tissue sample' where element_name='AMOUNT';
update clinical_xsd_element set description='spatial description to provide the exact location of an anatomic site or location' where element_name='ANATOMICORGANSUBDIVISION';
update clinical_xsd_element set description='describes radiation therapy administration in reference to location of disease' where element_name='ANATOMICTREATMENTSITE';
update clinical_xsd_element set description='unique identifier for an individual analyte purified from tissue' where element_name='BCRANALYTEBARCODE';
update clinical_xsd_element set description='unique identifier for an individual portion of a tissue sample' where element_name='BCRPORTIONBARCODE';
update clinical_xsd_element set description='unique identifier for an individual tissue sample' where element_name='BCRSAMPLEBARCODE';
update clinical_xsd_element set description='indicates adjuvant postoperative chemotherapy was administered' where element_name='CHEMOTHERAPY';
update clinical_xsd_element set description='concentration in micrograms/microliter of molecular analyte purified from a tissue sample' where element_name='CONCENTRATION';
update clinical_xsd_element set description='the day on which the portion was taken from the tumor sample' where element_name='DAYOFCREATION';
update clinical_xsd_element set description='the day on which the aliquot was shipped to the sequencing or characterization center for analysis' where element_name='DAYOFSHIPMENT';
update clinical_xsd_element set description='units used for dosage measurement' where element_name='DOSAGEUNITS';
update clinical_xsd_element set description='category of drug' where element_name='DRUGCATEGORY';
update clinical_xsd_element set description='dosage of drug' where element_name='DRUGDOSAGE';
update clinical_xsd_element set description='name of drug' where element_name='DRUGNAME';
update clinical_xsd_element set description='the ECOG functional performance status of the subject' where element_name='EASTERNCANCERONCOLOGYGROUP';
update clinical_xsd_element set description='type of experimental protocol' where element_name='EXPERIMENTALPROTOCOLTYPE';
update clinical_xsd_element set description='whether gemistocytes were found in pathology studies of the sample' where element_name='GEMISTOCYTESPRESENT';
update clinical_xsd_element set description='whether glial fibrillary acidic protein test was positive in pathology studies of the sample' where element_name='GFAP_POSITIVE';
update clinical_xsd_element set description='the histologic nuclear grade of the GBM sample' where element_name='HISTOLOGICNUCLEARGRADE';
update clinical_xsd_element set description='the histologic type of the GBM sample' where element_name='HISTOLOGICTYPE';
update clinical_xsd_element set description='indicates whether adjuvant postoperative hormone therapy was administered' where element_name='HORMONALTHERAPY';
update clinical_xsd_element set description='indicates whether adjuvant postoperative immunotherapy was administered' where element_name='IMMUNOTHERAPY';
update clinical_xsd_element set description='signifies whether or not a consent by a patient to permit the acquisition of tissue or bodily fluid has been obtained' where element_name='INFORMEDCONSENTVERIFIED';
update clinical_xsd_element set description='indicates whether this was the initial course of drug treatment' where element_name='INITIALCOURSE';
update clinical_xsd_element set description='name of the procedure to secure the tissue used for the original pathologic diagnosis' where element_name='INITIALPATHOLOGICDIAGNOSISMETHOD';
update clinical_xsd_element set description='score from the Karnofsky Performance status scale' where element_name='KARNOFSKYPERFORMANCESCORE';
update clinical_xsd_element set description='indicates whether leptomeningeal involvement was found during pathology studies of the sample' where element_name='LEPTOMENINGEALINVOLEMENT';
update clinical_xsd_element set description='whether the MIB-1 test was positive in pathology studies of the sample' where element_name='MIB1_POSITIVE';
update clinical_xsd_element set description='the month in which the portion was taken from the tumor sample' where element_name='MONTHOFCREATION';
update clinical_xsd_element set description='the month in which the aliquot was shipped to the sequencing or characterization center for analysis' where element_name='MONTHOFSHIPMENT';
update clinical_xsd_element set description='total number of cycles administered to the subject of a protocol specified drug' where element_name='NUMBERCYCLES';
update clinical_xsd_element set description='total number of radiation therapy sessions (fractions) which the patient completed to receive the required radiation dose to primary treatment fields' where element_name='NUMFRACTIONS';
update clinical_xsd_element set description='indicates whether an oligodendroglial component was found in pathology studies of the sample' where element_name='OLIGODENDROGLIALCOMPONENT';
update clinical_xsd_element set description='timepoint in reference to a patient''s therapy in which a performance status assessment is conducted' where element_name='PERFORMANCESTATUSSCALETIMING';
update clinical_xsd_element set description='tumor status of the subject' where element_name='PERSONNEOPLASMCANCERSTATUS';
update clinical_xsd_element set description='measure of success of outcome after primary treatment (surgery and adjuvant therapies)' where element_name='PRIMARYTHERAPYOUTCOMESUCCESS';
update clinical_xsd_element set description='indicates if subject had an earlier diagnosis of glioma with a lower histological grade than the current disease grade' where element_name='PRIORGLIOMA';
update clinical_xsd_element set description='type of surgical procedure' where element_name='PROCEDURETYPE';
update clinical_xsd_element set description='name of the procedure or testing method used to diagnose tumor recurrence' where element_name='PROGRESSIONDETERMINEDBY';
update clinical_xsd_element set description='description of a method of diagnosing recurrent neoplastic disease that is different than the options previously specified' where element_name='PROGRESSIONDETERMINEDBYNOTES';
update clinical_xsd_element set description='indicates if the disease has progressed' where element_name='PROGRESSIONSTATUS';
update clinical_xsd_element set description='the filename for the protocol' where element_name='PROTOCOLFILENAME';
update clinical_xsd_element set description='the name of the protocol' where element_name='PROTOCOLNAME';
update clinical_xsd_element set description='total dose of radiation therapy administered, expressed as a dosage amount' where element_name='RADIATIONDOSAGE';
update clinical_xsd_element set description='indicates adjuvant postoperative radiation was administered' where element_name='RADIATIONTHERAPY';
update clinical_xsd_element set description='signifies if a subject is still receiving radiation therapy' where element_name='RADIATIONTREATMENTONGOING';
update clinical_xsd_element set description='classification for the form of radiation therapy administered to a subject' where element_name='RADIATIONTYPE';
update clinical_xsd_element set description='text field to describe of a method of radiation treatment administered to a patient' where element_name='RADIATIONTYPENOTES';
update clinical_xsd_element set description='identifies the reason for the administration of a treatment regimen' where element_name='REGIMENINDICATION';
update clinical_xsd_element set description='text to capture the indication for a treatment regimen that is different than the one(s) specified' where element_name='REGIMENINDICATIONNOTES';
update clinical_xsd_element set description='describes the status of a tissue margin following surgical resection' where element_name='RESIDUALTUMOR';
update clinical_xsd_element set description='code or name to represent an access route for the administration of drug agents' where element_name='ROUTEOFADMINISTRATION';
update clinical_xsd_element set description='the specified route of administration of a medication' where element_name='ROUTEOFADMINISTRATIONNOTES';
update clinical_xsd_element set description='indicates if the slide was taken from the top or bottom of the portion' where element_name='SECTIONLOCATION';
update clinical_xsd_element set description='description of tumor first recurrence in reference to extent of disease' where element_name='SITEOFTUMORFIRSTRECURRENCE';
update clinical_xsd_element set description='indicates adjuvant postoperative targeted molecular therapy was administered' where element_name='TARGETEDMOLECULARTHERAPY';
update clinical_xsd_element set description='numeric value to express the degree of abnormality of cancer cells, a measure of differentiation and aggressiveness' where element_name='TUMORGRADE';
update clinical_xsd_element set description='category to represent the size in millimeters of the largest remaining nodule of ovarian carcinoma' where element_name='TUMORRESIDUALDISEASE';
update clinical_xsd_element set description='the FIGO staging criteria based on the assignment of TNM categories (AJCC 6th Ed) into groups used to select and evaluate therapy, estimate prognosis and calculate end results' where element_name='TUMORSTAGE';
update clinical_xsd_element set description='a unit of measurement corresponding to a dose of radiation therapy given to a subject' where element_name='UNITS';
update clinical_xsd_element set description='summary level description of subject survival status' where element_name='VITALSTATUS';
update clinical_xsd_element set description='the year in which the portion was taken from the tumor sample' where element_name='YEAROFCREATION';
update clinical_xsd_element set description='the year in which the aliquot was shipped to the sequencing or characterization center for analysis' where element_name='YEAROFSHIPMENT';

update clinical_xsd_element set value_type='decimal' where clinical_xsd_element_id=25;
update clinical_xsd_element set value_type='decimal' where clinical_xsd_element_id=64;
update clinical_xsd_element set value_type='integer' where clinical_xsd_element_id=92;
update clinical_xsd_element set value_type='integer' where clinical_xsd_element_id=93;
update clinical_xsd_element set value_type='decimal' where clinical_xsd_element_id=98;
update clinical_xsd_element set value_type='decimal' where clinical_xsd_element_id=99;
update clinical_xsd_element set value_type='decimal' where clinical_xsd_element_id=100;
update clinical_xsd_element set value_type='decimal' where clinical_xsd_element_id=101;
update clinical_xsd_element set value_type='decimal' where clinical_xsd_element_id=102;
update clinical_xsd_element set value_type='decimal' where clinical_xsd_element_id=103;
update clinical_xsd_element set value_type='decimal' where clinical_xsd_element_id=104;
update clinical_xsd_element set value_type='decimal' where clinical_xsd_element_id=105;
update clinical_xsd_element set value_type='decimal' where clinical_xsd_element_id=106;
update clinical_xsd_element set value_type='decimal' where clinical_xsd_element_id=107;
update clinical_xsd_element set value_type='decimal' where clinical_xsd_element_id=108;
update clinical_xsd_element set value_type='decimal' where clinical_xsd_element_id=109;
update clinical_xsd_element set value_type='decimal' where clinical_xsd_element_id=162;

INSERT INTO clinical_xsd_enum_value
(clinical_xsd_enum_value_id,
 xsd_element_id,
 enum_value)
VALUES
(clinical_xsd_enum_value_seq.NEXTVAL,
 11,
 ' ');
INSERT INTO clinical_xsd_enum_value
(clinical_xsd_enum_value_id,
 xsd_element_id,
 enum_value)
VALUES
(clinical_xsd_enum_value_seq.NEXTVAL,
 11,
 'DNA');
INSERT INTO clinical_xsd_enum_value
(clinical_xsd_enum_value_id,
 xsd_element_id,
 enum_value)
VALUES
(clinical_xsd_enum_value_seq.NEXTVAL,
 11,
 'EBV Immortalized Normal');
INSERT INTO clinical_xsd_enum_value
(clinical_xsd_enum_value_id,
 xsd_element_id,
 enum_value)
VALUES
(clinical_xsd_enum_value_seq.NEXTVAL,
 11,
 'GenomePlex (Rubicon) Amplified DNA');
INSERT INTO clinical_xsd_enum_value
(clinical_xsd_enum_value_id,
 xsd_element_id,
 enum_value)
VALUES
(clinical_xsd_enum_value_seq.NEXTVAL,
 11,
 'Repli-G (Qiagen) DNA');
INSERT INTO clinical_xsd_enum_value
(clinical_xsd_enum_value_id,
 xsd_element_id,
 enum_value)
VALUES
(clinical_xsd_enum_value_seq.NEXTVAL,
 11,
 'RNA');
INSERT INTO clinical_xsd_enum_value
(clinical_xsd_enum_value_id,
 xsd_element_id,
 enum_value)
VALUES
(clinical_xsd_enum_value_seq.NEXTVAL,
 11,
 'Total RNA');
INSERT INTO clinical_xsd_enum_value
(clinical_xsd_enum_value_id,
 xsd_element_id,
 enum_value)
VALUES
(clinical_xsd_enum_value_seq.NEXTVAL,
 21,
 '');
INSERT INTO clinical_xsd_enum_value
(clinical_xsd_enum_value_id,
 xsd_element_id,
 enum_value)
VALUES
(clinical_xsd_enum_value_seq.NEXTVAL,
 21,
 'LOW');
INSERT INTO clinical_xsd_enum_value
(clinical_xsd_enum_value_id,
 xsd_element_id,
 enum_value)
VALUES
(clinical_xsd_enum_value_seq.NEXTVAL,
 21,
 'MEDIUM');
INSERT INTO clinical_xsd_enum_value
(clinical_xsd_enum_value_id,
 xsd_element_id,
 enum_value)
VALUES
(clinical_xsd_enum_value_seq.NEXTVAL,
 21,
 'HIGH');
INSERT INTO clinical_xsd_enum_value
(clinical_xsd_enum_value_id,
 xsd_element_id,
 enum_value)
VALUES
(clinical_xsd_enum_value_seq.NEXTVAL,
 46,
 '');
INSERT INTO clinical_xsd_enum_value
(clinical_xsd_enum_value_id,
 xsd_element_id,
 enum_value)
VALUES
(clinical_xsd_enum_value_seq.NEXTVAL,
 46,
 'YES');
INSERT INTO clinical_xsd_enum_value
(clinical_xsd_enum_value_id,
 xsd_element_id,
 enum_value)
VALUES
(clinical_xsd_enum_value_seq.NEXTVAL,
 46,
 'NO');
INSERT INTO clinical_xsd_enum_value
(clinical_xsd_enum_value_id,
 xsd_element_id,
 enum_value)
VALUES
(clinical_xsd_enum_value_seq.NEXTVAL,
 49,
 '');
INSERT INTO clinical_xsd_enum_value
(clinical_xsd_enum_value_id,
 xsd_element_id,
 enum_value)
VALUES
(clinical_xsd_enum_value_seq.NEXTVAL,
 49,
 'LIQUID N2 VAPOR');
INSERT INTO clinical_xsd_enum_value
(clinical_xsd_enum_value_id,
 xsd_element_id,
 enum_value)
VALUES
(clinical_xsd_enum_value_seq.NEXTVAL,
 49,
 'DRY ICE');
INSERT INTO clinical_xsd_enum_value
(clinical_xsd_enum_value_id,
 xsd_element_id,
 enum_value)
VALUES
(clinical_xsd_enum_value_seq.NEXTVAL,
 49,
 '-80 C');
INSERT INTO clinical_xsd_enum_value
(clinical_xsd_enum_value_id,
 xsd_element_id,
 enum_value)
VALUES
(clinical_xsd_enum_value_seq.NEXTVAL,
 49,
 '-20 C');
INSERT INTO clinical_xsd_enum_value
(clinical_xsd_enum_value_id,
 xsd_element_id,
 enum_value)
VALUES
(clinical_xsd_enum_value_seq.NEXTVAL,
 52,
 '');
INSERT INTO clinical_xsd_enum_value
(clinical_xsd_enum_value_id,
 xsd_element_id,
 enum_value)
VALUES
(clinical_xsd_enum_value_seq.NEXTVAL,
 52,
 'MALE');
INSERT INTO clinical_xsd_enum_value
(clinical_xsd_enum_value_id,
 xsd_element_id,
 enum_value)
VALUES
(clinical_xsd_enum_value_seq.NEXTVAL,
 52,
 'FEMALE');
INSERT INTO clinical_xsd_enum_value
(clinical_xsd_enum_value_id,
 xsd_element_id,
 enum_value)
VALUES
(clinical_xsd_enum_value_seq.NEXTVAL,
 70,
 '');
INSERT INTO clinical_xsd_enum_value
(clinical_xsd_enum_value_id,
 xsd_element_id,
 enum_value)
VALUES
(clinical_xsd_enum_value_seq.NEXTVAL,
 70,
 'YES');
INSERT INTO clinical_xsd_enum_value
(clinical_xsd_enum_value_id,
 xsd_element_id,
 enum_value)
VALUES
(clinical_xsd_enum_value_seq.NEXTVAL,
 70,
 'NO');
INSERT INTO clinical_xsd_enum_value
(clinical_xsd_enum_value_id,
 xsd_element_id,
 enum_value)
VALUES
(clinical_xsd_enum_value_seq.NEXTVAL,
 71,
 '');
INSERT INTO clinical_xsd_enum_value
(clinical_xsd_enum_value_id,
 xsd_element_id,
 enum_value)
VALUES
(clinical_xsd_enum_value_seq.NEXTVAL,
 71,
 'YES');
INSERT INTO clinical_xsd_enum_value
(clinical_xsd_enum_value_id,
 xsd_element_id,
 enum_value)
VALUES
(clinical_xsd_enum_value_seq.NEXTVAL,
 71,
 'NO');
INSERT INTO clinical_xsd_enum_value
(clinical_xsd_enum_value_id,
 xsd_element_id,
 enum_value)
VALUES
(clinical_xsd_enum_value_seq.NEXTVAL,
 89,
 '');
INSERT INTO clinical_xsd_enum_value
(clinical_xsd_enum_value_id,
 xsd_element_id,
 enum_value)
VALUES
(clinical_xsd_enum_value_seq.NEXTVAL,
 89,
 'YES');
INSERT INTO clinical_xsd_enum_value
(clinical_xsd_enum_value_id,
 xsd_element_id,
 enum_value)
VALUES
(clinical_xsd_enum_value_seq.NEXTVAL,
 89,
 'NO');
INSERT INTO clinical_xsd_enum_value
(clinical_xsd_enum_value_id,
 xsd_element_id,
 enum_value)
VALUES
(clinical_xsd_enum_value_seq.NEXTVAL,
 97,
 '');
INSERT INTO clinical_xsd_enum_value
(clinical_xsd_enum_value_id,
 xsd_element_id,
 enum_value)
VALUES
(clinical_xsd_enum_value_seq.NEXTVAL,
 97,
 'YES');
INSERT INTO clinical_xsd_enum_value
(clinical_xsd_enum_value_id,
 xsd_element_id,
 enum_value)
VALUES
(clinical_xsd_enum_value_seq.NEXTVAL,
 97,
 'NO');
 INSERT INTO clinical_xsd_enum_value
(clinical_xsd_enum_value_id,
 xsd_element_id,
 enum_value)
VALUES
(clinical_xsd_enum_value_seq.NEXTVAL,
 112,
 '');
 INSERT INTO clinical_xsd_enum_value
(clinical_xsd_enum_value_id,
 xsd_element_id,
 enum_value)
VALUES
(clinical_xsd_enum_value_seq.NEXTVAL,
 112,
 'Yes');
 INSERT INTO clinical_xsd_enum_value
(clinical_xsd_enum_value_id,
 xsd_element_id,
 enum_value)
VALUES
(clinical_xsd_enum_value_seq.NEXTVAL,
 112,
 'No');
 INSERT INTO clinical_xsd_enum_value
(clinical_xsd_enum_value_id,
 xsd_element_id,
 enum_value)
VALUES
(clinical_xsd_enum_value_seq.NEXTVAL,
 112,
 'Unknown');
 INSERT INTO clinical_xsd_enum_value
(clinical_xsd_enum_value_id,
 xsd_element_id,
 enum_value)
VALUES
(clinical_xsd_enum_value_seq.NEXTVAL,
 113,
 '');
 INSERT INTO clinical_xsd_enum_value
(clinical_xsd_enum_value_id,
 xsd_element_id,
 enum_value)
VALUES
(clinical_xsd_enum_value_seq.NEXTVAL,
 113,
 'PRIMARY');
 INSERT INTO clinical_xsd_enum_value
(clinical_xsd_enum_value_id,
 xsd_element_id,
 enum_value)
VALUES
(clinical_xsd_enum_value_seq.NEXTVAL,
 113,
 'METASTATIC');
 INSERT INTO clinical_xsd_enum_value
(clinical_xsd_enum_value_id,
 xsd_element_id,
 enum_value)
VALUES
(clinical_xsd_enum_value_seq.NEXTVAL,
 113,
 'MALIGNANT');
INSERT INTO clinical_xsd_enum_value
(clinical_xsd_enum_value_id,
 xsd_element_id,
 enum_value)
VALUES
(clinical_xsd_enum_value_seq.NEXTVAL,
 113,
 'NON-MALIGNANT');
INSERT INTO clinical_xsd_enum_value
(clinical_xsd_enum_value_id,
 xsd_element_id,
 enum_value)
VALUES
(clinical_xsd_enum_value_seq.NEXTVAL,
 136,
 '');
INSERT INTO clinical_xsd_enum_value
(clinical_xsd_enum_value_id,
 xsd_element_id,
 enum_value)
VALUES
(clinical_xsd_enum_value_seq.NEXTVAL,
 136,
 'Blood Derived Normal');
INSERT INTO clinical_xsd_enum_value
(clinical_xsd_enum_value_id,
 xsd_element_id,
 enum_value)
VALUES
(clinical_xsd_enum_value_seq.NEXTVAL,
 136,
 'Buccal Cell Normal');
INSERT INTO clinical_xsd_enum_value
(clinical_xsd_enum_value_id,
 xsd_element_id,
 enum_value)
VALUES
(clinical_xsd_enum_value_seq.NEXTVAL,
 136,
 'Cell Line Control');
INSERT INTO clinical_xsd_enum_value
(clinical_xsd_enum_value_id,
 xsd_element_id,
 enum_value)
VALUES
(clinical_xsd_enum_value_seq.NEXTVAL,
 136,
 'DNA');
INSERT INTO clinical_xsd_enum_value
(clinical_xsd_enum_value_id,
 xsd_element_id,
 enum_value)
VALUES
(clinical_xsd_enum_value_seq.NEXTVAL,
 136,
 'EBV Immortalized Normal');
INSERT INTO clinical_xsd_enum_value
(clinical_xsd_enum_value_id,
 xsd_element_id,
 enum_value)
VALUES
(clinical_xsd_enum_value_seq.NEXTVAL,
 136,
 'GenomePlex (Rubicon) Amplified DNA');
INSERT INTO clinical_xsd_enum_value
(clinical_xsd_enum_value_id,
 xsd_element_id,
 enum_value)
VALUES
(clinical_xsd_enum_value_seq.NEXTVAL,
 136,
 'Primary Tumor');
INSERT INTO clinical_xsd_enum_value
(clinical_xsd_enum_value_id,
 xsd_element_id,
 enum_value)
VALUES
(clinical_xsd_enum_value_seq.NEXTVAL,
 136,
 'Recurrent Tumor');
INSERT INTO clinical_xsd_enum_value
(clinical_xsd_enum_value_id,
 xsd_element_id,
 enum_value)
VALUES
(clinical_xsd_enum_value_seq.NEXTVAL,
 136,
 'Repli-G (Qiagen) DNA');
INSERT INTO clinical_xsd_enum_value
(clinical_xsd_enum_value_id,
 xsd_element_id,
 enum_value)
VALUES
(clinical_xsd_enum_value_seq.NEXTVAL,
 136,
 'RNA');
INSERT INTO clinical_xsd_enum_value
(clinical_xsd_enum_value_id,
 xsd_element_id,
 enum_value)
VALUES
(clinical_xsd_enum_value_seq.NEXTVAL,
 136,
 'Slides');
INSERT INTO clinical_xsd_enum_value
(clinical_xsd_enum_value_id,
 xsd_element_id,
 enum_value)
VALUES
(clinical_xsd_enum_value_seq.NEXTVAL,
 136,
 'Solid Tissue Normal');
INSERT INTO clinical_xsd_enum_value
(clinical_xsd_enum_value_id,
 xsd_element_id,
 enum_value)
VALUES
(clinical_xsd_enum_value_seq.NEXTVAL,
 136,
 'Total RNA');
INSERT INTO clinical_xsd_enum_value
(clinical_xsd_enum_value_id,
 xsd_element_id,
 enum_value)
VALUES
(clinical_xsd_enum_value_seq.NEXTVAL,
 153,
 '');
INSERT INTO clinical_xsd_enum_value
(clinical_xsd_enum_value_id,
 xsd_element_id,
 enum_value)
VALUES
(clinical_xsd_enum_value_seq.NEXTVAL,
 153,
 'C70.0');
INSERT INTO clinical_xsd_enum_value
(clinical_xsd_enum_value_id,
 xsd_element_id,
 enum_value)
VALUES
(clinical_xsd_enum_value_seq.NEXTVAL,
 153,
 'C71.0');
INSERT INTO clinical_xsd_enum_value
(clinical_xsd_enum_value_id,
 xsd_element_id,
 enum_value)
VALUES
(clinical_xsd_enum_value_seq.NEXTVAL,
 153,
 'C71.1');
INSERT INTO clinical_xsd_enum_value
(clinical_xsd_enum_value_id,
 xsd_element_id,
 enum_value)
VALUES
(clinical_xsd_enum_value_seq.NEXTVAL,
 153,
'C71.2');
INSERT INTO clinical_xsd_enum_value
(clinical_xsd_enum_value_id,
 xsd_element_id,
 enum_value)
VALUES
(clinical_xsd_enum_value_seq.NEXTVAL,
 153,
'C71.3');
INSERT INTO clinical_xsd_enum_value
(clinical_xsd_enum_value_id,
 xsd_element_id,
 enum_value)
VALUES
(clinical_xsd_enum_value_seq.NEXTVAL,
 153,
'C71.4');
INSERT INTO clinical_xsd_enum_value
(clinical_xsd_enum_value_id,
 xsd_element_id,
 enum_value)
VALUES
(clinical_xsd_enum_value_seq.NEXTVAL,
 153,
'C71.5' );
INSERT INTO clinical_xsd_enum_value
(clinical_xsd_enum_value_id,
 xsd_element_id,
 enum_value)
VALUES
(clinical_xsd_enum_value_seq.NEXTVAL,
 153,
'C71.6');
INSERT INTO clinical_xsd_enum_value
(clinical_xsd_enum_value_id,
 xsd_element_id,
 enum_value)
VALUES
(clinical_xsd_enum_value_seq.NEXTVAL,
 153,
'C71.7' );
INSERT INTO clinical_xsd_enum_value
(clinical_xsd_enum_value_id,
 xsd_element_id,
 enum_value)
VALUES
(clinical_xsd_enum_value_seq.NEXTVAL,
 153,
'C71.8' );
INSERT INTO clinical_xsd_enum_value
(clinical_xsd_enum_value_id,
 xsd_element_id,
 enum_value)
VALUES
(clinical_xsd_enum_value_seq.NEXTVAL,
 153,
'C71.9' );
INSERT INTO clinical_xsd_enum_value
(clinical_xsd_enum_value_id,
 xsd_element_id,
 enum_value)
VALUES
(clinical_xsd_enum_value_seq.NEXTVAL,
 153,
'C72.0' );
INSERT INTO clinical_xsd_enum_value
(clinical_xsd_enum_value_id,
 xsd_element_id,
 enum_value)
VALUES
(clinical_xsd_enum_value_seq.NEXTVAL,
 153,
'C72.9' );
INSERT INTO clinical_xsd_enum_value
(clinical_xsd_enum_value_id,
 xsd_element_id,
 enum_value)
VALUES
(clinical_xsd_enum_value_seq.NEXTVAL,
 153,
'C34.0');
INSERT INTO clinical_xsd_enum_value
(clinical_xsd_enum_value_id,
 xsd_element_id,
 enum_value)
VALUES
(clinical_xsd_enum_value_seq.NEXTVAL,
 153,
'C34.1' );
INSERT INTO clinical_xsd_enum_value
(clinical_xsd_enum_value_id,
 xsd_element_id,
 enum_value)
VALUES
(clinical_xsd_enum_value_seq.NEXTVAL,
 153,
'C34.2' );
INSERT INTO clinical_xsd_enum_value
(clinical_xsd_enum_value_id,
 xsd_element_id,
 enum_value)
VALUES
(clinical_xsd_enum_value_seq.NEXTVAL,
 153,
'C34.3' );
INSERT INTO clinical_xsd_enum_value
(clinical_xsd_enum_value_id,
 xsd_element_id,
 enum_value)
VALUES
(clinical_xsd_enum_value_seq.NEXTVAL,
 153,
'C34.8');
INSERT INTO clinical_xsd_enum_value
(clinical_xsd_enum_value_id,
 xsd_element_id,
 enum_value)
VALUES
(clinical_xsd_enum_value_seq.NEXTVAL,
 153,
'C34.9' );
INSERT INTO clinical_xsd_enum_value
(clinical_xsd_enum_value_id,
 xsd_element_id,
 enum_value)
VALUES
(clinical_xsd_enum_value_seq.NEXTVAL,
 153,
'BRAIN, NOS' );
INSERT INTO clinical_xsd_enum_value
(clinical_xsd_enum_value_id,
 xsd_element_id,
 enum_value)
VALUES
(clinical_xsd_enum_value_seq.NEXTVAL,
 153,
'BLOOD' );
INSERT INTO clinical_xsd_enum_value
(clinical_xsd_enum_value_id,
 xsd_element_id,
 enum_value)
VALUES
(clinical_xsd_enum_value_seq.NEXTVAL,
 153,
'CEREBRAL MENINGES' );
INSERT INTO clinical_xsd_enum_value
(clinical_xsd_enum_value_id,
 xsd_element_id,
 enum_value)
VALUES
(clinical_xsd_enum_value_seq.NEXTVAL,
 153,
'CEREBRUM' );
INSERT INTO clinical_xsd_enum_value
(clinical_xsd_enum_value_id,
 xsd_element_id,
 enum_value)
VALUES
(clinical_xsd_enum_value_seq.NEXTVAL,
 153,
'FRONTAL LOBE');
INSERT INTO clinical_xsd_enum_value
(clinical_xsd_enum_value_id,
 xsd_element_id,
 enum_value)
VALUES
(clinical_xsd_enum_value_seq.NEXTVAL,
 153,
'TEMPORAL LOBE');
INSERT INTO clinical_xsd_enum_value
(clinical_xsd_enum_value_id,
 xsd_element_id,
 enum_value)
VALUES
(clinical_xsd_enum_value_seq.NEXTVAL,
 153,
'PARIETAL LOBE');
INSERT INTO clinical_xsd_enum_value
(clinical_xsd_enum_value_id,
 xsd_element_id,
 enum_value)
VALUES
(clinical_xsd_enum_value_seq.NEXTVAL,
 153,
'OCCIPITAL LOBE');
INSERT INTO clinical_xsd_enum_value
(clinical_xsd_enum_value_id,
 xsd_element_id,
 enum_value)
VALUES
(clinical_xsd_enum_value_seq.NEXTVAL,
 153,
'VENTRICLE, NOS');
INSERT INTO clinical_xsd_enum_value
(clinical_xsd_enum_value_id,
 xsd_element_id,
 enum_value)
VALUES
(clinical_xsd_enum_value_seq.NEXTVAL,
 153,
'CEREBELLUM, NOS' );
INSERT INTO clinical_xsd_enum_value
(clinical_xsd_enum_value_id,
 xsd_element_id,
 enum_value)
VALUES
(clinical_xsd_enum_value_seq.NEXTVAL,
 153,
'BRAIN STEM');
INSERT INTO clinical_xsd_enum_value
(clinical_xsd_enum_value_id,
 xsd_element_id,
 enum_value)
VALUES
(clinical_xsd_enum_value_seq.NEXTVAL,
 153,
'OVERLAPPING LESION OF BRAIN');
INSERT INTO clinical_xsd_enum_value
(clinical_xsd_enum_value_id,
 xsd_element_id,
 enum_value)
VALUES
(clinical_xsd_enum_value_seq.NEXTVAL,
 153,
'SPINAL CORD');
INSERT INTO clinical_xsd_enum_value
(clinical_xsd_enum_value_id,
 xsd_element_id,
 enum_value)
VALUES
(clinical_xsd_enum_value_seq.NEXTVAL,
 153,
'NERVOUS SYSTEM, NOS' );
INSERT INTO clinical_xsd_enum_value
(clinical_xsd_enum_value_id,
 xsd_element_id,
 enum_value)
VALUES
(clinical_xsd_enum_value_seq.NEXTVAL,
 157,
'');
INSERT INTO clinical_xsd_enum_value
(clinical_xsd_enum_value_id,
 xsd_element_id,
 enum_value)
VALUES
(clinical_xsd_enum_value_seq.NEXTVAL,
 157,
 'BRAIN');
INSERT INTO clinical_xsd_enum_value
(clinical_xsd_enum_value_id,
 xsd_element_id,
 enum_value)
VALUES
(clinical_xsd_enum_value_seq.NEXTVAL,
 157,
 'LUNG');
INSERT INTO clinical_xsd_enum_value
(clinical_xsd_enum_value_id,
 xsd_element_id,
 enum_value)
VALUES
(clinical_xsd_enum_value_seq.NEXTVAL,
 157,'OVARY');
INSERT INTO clinical_xsd_enum_value
(clinical_xsd_enum_value_id,
 xsd_element_id,
 enum_value)
VALUES
(clinical_xsd_enum_value_seq.NEXTVAL,
 157,
 'PERITONEUM (OVARY)');
INSERT INTO clinical_xsd_enum_value
(clinical_xsd_enum_value_id,
 xsd_element_id,
 enum_value)
VALUES
(clinical_xsd_enum_value_seq.NEXTVAL,
 157,
 'INDETERMINATE (OVARY)');
INSERT INTO clinical_xsd_enum_value
(clinical_xsd_enum_value_id,
 xsd_element_id,
 enum_value)
VALUES
(clinical_xsd_enum_value_seq.NEXTVAL,
 159,
'');
INSERT INTO clinical_xsd_enum_value
(clinical_xsd_enum_value_id,
 xsd_element_id,
 enum_value)
VALUES
(clinical_xsd_enum_value_seq.NEXTVAL,
 159,
'YES');
INSERT INTO clinical_xsd_enum_value
(clinical_xsd_enum_value_id,
 xsd_element_id,
 enum_value)
VALUES
(clinical_xsd_enum_value_seq.NEXTVAL,
 159,
'NO');
/***** --- start inserting here */
INSERT INTO clinical_xsd_enum_value
(clinical_xsd_enum_value_id,
 xsd_element_id,
 enum_value)
VALUES
(clinical_xsd_enum_value_seq.NEXTVAL,
 4,
'Yes');
INSERT INTO clinical_xsd_enum_value
(clinical_xsd_enum_value_id,
 xsd_element_id,
 enum_value)
VALUES
(clinical_xsd_enum_value_seq.NEXTVAL,
 4,
'No');
INSERT INTO clinical_xsd_enum_value
(clinical_xsd_enum_value_id,
 xsd_element_id,
 enum_value)
VALUES
(clinical_xsd_enum_value_seq.NEXTVAL,
 4,
'');
INSERT INTO clinical_xsd_enum_value
(clinical_xsd_enum_value_id,
 xsd_element_id,
 enum_value)
VALUES
(clinical_xsd_enum_value_seq.NEXTVAL,
 5,
'Yes');
INSERT INTO clinical_xsd_enum_value
(clinical_xsd_enum_value_id,
 xsd_element_id,
 enum_value)
VALUES
(clinical_xsd_enum_value_seq.NEXTVAL,
 5,
'No');
INSERT INTO clinical_xsd_enum_value
(clinical_xsd_enum_value_id,
 xsd_element_id,
 enum_value)
VALUES
(clinical_xsd_enum_value_seq.NEXTVAL,
 5,
'');
INSERT INTO clinical_xsd_enum_value
(clinical_xsd_enum_value_id,
 xsd_element_id,
 enum_value)
VALUES
(clinical_xsd_enum_value_seq.NEXTVAL,
 6,
'Yes');
INSERT INTO clinical_xsd_enum_value
(clinical_xsd_enum_value_id,
 xsd_element_id,
 enum_value)
VALUES
(clinical_xsd_enum_value_seq.NEXTVAL,
 6,
'No');
INSERT INTO clinical_xsd_enum_value
(clinical_xsd_enum_value_id,
 xsd_element_id,
 enum_value)
VALUES
(clinical_xsd_enum_value_seq.NEXTVAL,
 6,
'');
INSERT INTO clinical_xsd_enum_value
(clinical_xsd_enum_value_id,
 xsd_element_id,
 enum_value)
VALUES
(clinical_xsd_enum_value_seq.NEXTVAL,
 7,
'Yes');
INSERT INTO clinical_xsd_enum_value
(clinical_xsd_enum_value_id,
 xsd_element_id,
 enum_value)
VALUES
(clinical_xsd_enum_value_seq.NEXTVAL,
 7,
'No');
INSERT INTO clinical_xsd_enum_value
(clinical_xsd_enum_value_id,
 xsd_element_id,
 enum_value)
VALUES
(clinical_xsd_enum_value_seq.NEXTVAL,
 7,
'');
INSERT INTO clinical_xsd_enum_value
(clinical_xsd_enum_value_id,
 xsd_element_id,
 enum_value)
VALUES
(clinical_xsd_enum_value_seq.NEXTVAL,
 8,
'Yes');
INSERT INTO clinical_xsd_enum_value
(clinical_xsd_enum_value_id,
 xsd_element_id,
 enum_value)
VALUES
(clinical_xsd_enum_value_seq.NEXTVAL,
 8,
'No');
INSERT INTO clinical_xsd_enum_value
(clinical_xsd_enum_value_id,
 xsd_element_id,
 enum_value)
VALUES
(clinical_xsd_enum_value_seq.NEXTVAL,
 8,
'');
INSERT INTO clinical_xsd_enum_value
(clinical_xsd_enum_value_id,
 xsd_element_id,
 enum_value)
VALUES
(clinical_xsd_enum_value_seq.NEXTVAL,
 22,
'Yes');
INSERT INTO clinical_xsd_enum_value
(clinical_xsd_enum_value_id,
 xsd_element_id,
 enum_value)
VALUES
(clinical_xsd_enum_value_seq.NEXTVAL,
 22,
'No');
INSERT INTO clinical_xsd_enum_value
(clinical_xsd_enum_value_id,
 xsd_element_id,
 enum_value)
VALUES
(clinical_xsd_enum_value_seq.NEXTVAL,
 22,
'');
INSERT INTO clinical_xsd_enum_value
(clinical_xsd_enum_value_id,
 xsd_element_id,
 enum_value)
VALUES
(clinical_xsd_enum_value_seq.NEXTVAL,
 42,
'');
INSERT INTO clinical_xsd_enum_value
(clinical_xsd_enum_value_id,
 xsd_element_id,
 enum_value)
VALUES
(clinical_xsd_enum_value_seq.NEXTVAL,
 42,
'CHEMO');
INSERT INTO clinical_xsd_enum_value
(clinical_xsd_enum_value_id,
 xsd_element_id,
 enum_value)
VALUES
(clinical_xsd_enum_value_seq.NEXTVAL,
 42,
'HORMONAL');
INSERT INTO clinical_xsd_enum_value
(clinical_xsd_enum_value_id,
 xsd_element_id,
 enum_value)
VALUES
(clinical_xsd_enum_value_seq.NEXTVAL,
 42,
'IMMUNO');
INSERT INTO clinical_xsd_enum_value
(clinical_xsd_enum_value_id,
 xsd_element_id,
 enum_value)
VALUES
(clinical_xsd_enum_value_seq.NEXTVAL,
 42,
'TARGETED');
INSERT INTO clinical_xsd_enum_value
(clinical_xsd_enum_value_id,
 xsd_element_id,
 enum_value)
VALUES
(clinical_xsd_enum_value_seq.NEXTVAL,
 45,
'');
INSERT INTO clinical_xsd_enum_value
(clinical_xsd_enum_value_id,
 xsd_element_id,
 enum_value)
VALUES
(clinical_xsd_enum_value_seq.NEXTVAL,
 45,
'0');
INSERT INTO clinical_xsd_enum_value
(clinical_xsd_enum_value_id,
 xsd_element_id,
 enum_value)
VALUES
(clinical_xsd_enum_value_seq.NEXTVAL,
 45,
'1');
INSERT INTO clinical_xsd_enum_value
(clinical_xsd_enum_value_id,
 xsd_element_id,
 enum_value)
VALUES
(clinical_xsd_enum_value_seq.NEXTVAL,
 45,
'2');
INSERT INTO clinical_xsd_enum_value
(clinical_xsd_enum_value_id,
 xsd_element_id,
 enum_value)
VALUES
(clinical_xsd_enum_value_seq.NEXTVAL,
 45,
'3');
INSERT INTO clinical_xsd_enum_value
(clinical_xsd_enum_value_id,
 xsd_element_id,
 enum_value)
VALUES
(clinical_xsd_enum_value_seq.NEXTVAL,
 45,
'4');
INSERT INTO clinical_xsd_enum_value
(clinical_xsd_enum_value_id,
 xsd_element_id,
 enum_value)
VALUES
(clinical_xsd_enum_value_seq.NEXTVAL,
 45,
'5');
INSERT INTO clinical_xsd_enum_value
(clinical_xsd_enum_value_id,
 xsd_element_id,
 enum_value)
VALUES
(clinical_xsd_enum_value_seq.NEXTVAL,
 47,
'');
INSERT INTO clinical_xsd_enum_value
(clinical_xsd_enum_value_id,
 xsd_element_id,
 enum_value)
VALUES
(clinical_xsd_enum_value_seq.NEXTVAL,
 47,
'HISPANIC OR LATINO"');
INSERT INTO clinical_xsd_enum_value
(clinical_xsd_enum_value_id,
 xsd_element_id,
 enum_value)
VALUES
(clinical_xsd_enum_value_seq.NEXTVAL,
 47,
'NOT HISPANIC OR LATINO');
INSERT INTO clinical_xsd_enum_value
(clinical_xsd_enum_value_id,
 xsd_element_id,
 enum_value)
VALUES
(clinical_xsd_enum_value_seq.NEXTVAL,
 51,
'');
INSERT INTO clinical_xsd_enum_value
(clinical_xsd_enum_value_id,
 xsd_element_id,
 enum_value)
VALUES
(clinical_xsd_enum_value_seq.NEXTVAL,
 51,
'YES');
INSERT INTO clinical_xsd_enum_value
(clinical_xsd_enum_value_id,
 xsd_element_id,
 enum_value)
VALUES
(clinical_xsd_enum_value_seq.NEXTVAL,
 51,
'NO');
INSERT INTO clinical_xsd_enum_value
(clinical_xsd_enum_value_id,
 xsd_element_id,
 enum_value)
VALUES
(clinical_xsd_enum_value_seq.NEXTVAL,
 53,
'');
INSERT INTO clinical_xsd_enum_value
(clinical_xsd_enum_value_id,
 xsd_element_id,
 enum_value)
VALUES
(clinical_xsd_enum_value_seq.NEXTVAL,
 53,
'YES');
INSERT INTO clinical_xsd_enum_value
(clinical_xsd_enum_value_id,
 xsd_element_id,
 enum_value)
VALUES
(clinical_xsd_enum_value_seq.NEXTVAL,
 53,
'NO');
INSERT INTO clinical_xsd_enum_value
(clinical_xsd_enum_value_id,
 xsd_element_id,
 enum_value)
VALUES
(clinical_xsd_enum_value_seq.NEXTVAL,
 55,
'');
INSERT INTO clinical_xsd_enum_value
(clinical_xsd_enum_value_id,
 xsd_element_id,
 enum_value)
VALUES
(clinical_xsd_enum_value_seq.NEXTVAL,
 55,
'LOW');
INSERT INTO clinical_xsd_enum_value
(clinical_xsd_enum_value_id,
 xsd_element_id,
 enum_value)
VALUES
(clinical_xsd_enum_value_seq.NEXTVAL,
 55,
'HIGH');
INSERT INTO clinical_xsd_enum_value
(clinical_xsd_enum_value_id,
 xsd_element_id,
 enum_value)
VALUES
(clinical_xsd_enum_value_seq.NEXTVAL,
 55,
'1');
INSERT INTO clinical_xsd_enum_value
(clinical_xsd_enum_value_id,
 xsd_element_id,
 enum_value)
VALUES
(clinical_xsd_enum_value_seq.NEXTVAL,
 55,
'2');
INSERT INTO clinical_xsd_enum_value
(clinical_xsd_enum_value_id,
 xsd_element_id,
 enum_value)
VALUES
(clinical_xsd_enum_value_seq.NEXTVAL,
 55,
'3');
INSERT INTO clinical_xsd_enum_value
(clinical_xsd_enum_value_id,
 xsd_element_id,
 enum_value)
VALUES
(clinical_xsd_enum_value_seq.NEXTVAL,
 55,
'4');
INSERT INTO clinical_xsd_enum_value
(clinical_xsd_enum_value_id,
 xsd_element_id,
 enum_value)
VALUES
(clinical_xsd_enum_value_seq.NEXTVAL,
 58,
'');
INSERT INTO clinical_xsd_enum_value
(clinical_xsd_enum_value_id,
 xsd_element_id,
 enum_value)
VALUES
(clinical_xsd_enum_value_seq.NEXTVAL,
 58,
'ANAPLASTIC ASTROCYTOMA');
INSERT INTO clinical_xsd_enum_value
(clinical_xsd_enum_value_id,
 xsd_element_id,
 enum_value)
VALUES
(clinical_xsd_enum_value_seq.NEXTVAL,
 58,
'GIANT CELL GLIOBLASTOMA');
INSERT INTO clinical_xsd_enum_value
(clinical_xsd_enum_value_id,
 xsd_element_id,
 enum_value)
VALUES
(clinical_xsd_enum_value_seq.NEXTVAL,
 58,
'GLIOBLASTOMA');
INSERT INTO clinical_xsd_enum_value
(clinical_xsd_enum_value_id,
 xsd_element_id,
 enum_value)
VALUES
(clinical_xsd_enum_value_seq.NEXTVAL,
 58,
'GLIOSARCOMA');
INSERT INTO clinical_xsd_enum_value
(clinical_xsd_enum_value_id,
 xsd_element_id,
 enum_value)
VALUES
(clinical_xsd_enum_value_seq.NEXTVAL,
 58,
'GLIOBLASTOMA MULTIFORME');
INSERT INTO clinical_xsd_enum_value
(clinical_xsd_enum_value_id,
 xsd_element_id,
 enum_value)
VALUES
(clinical_xsd_enum_value_seq.NEXTVAL,
 58,
'NO HISTOLOGY AVAILABLE');
INSERT INTO clinical_xsd_enum_value
(clinical_xsd_enum_value_id,
 xsd_element_id,
 enum_value)
VALUES
(clinical_xsd_enum_value_seq.NEXTVAL,
 59,
'');
INSERT INTO clinical_xsd_enum_value
(clinical_xsd_enum_value_id,
 xsd_element_id,
 enum_value)
VALUES
(clinical_xsd_enum_value_seq.NEXTVAL,
 59,
'Yes');
INSERT INTO clinical_xsd_enum_value
(clinical_xsd_enum_value_id,
 xsd_element_id,
 enum_value)
VALUES
(clinical_xsd_enum_value_seq.NEXTVAL,
 59,
'No');
INSERT INTO clinical_xsd_enum_value
(clinical_xsd_enum_value_id,
 xsd_element_id,
 enum_value)
VALUES
(clinical_xsd_enum_value_seq.NEXTVAL,
 60,
'');
INSERT INTO clinical_xsd_enum_value
(clinical_xsd_enum_value_id,
 xsd_element_id,
 enum_value)
VALUES
(clinical_xsd_enum_value_seq.NEXTVAL,
 60,
'Yes');
INSERT INTO clinical_xsd_enum_value
(clinical_xsd_enum_value_id,
 xsd_element_id,
 enum_value)
VALUES
(clinical_xsd_enum_value_seq.NEXTVAL,
 60,
'No');
INSERT INTO clinical_xsd_enum_value
(clinical_xsd_enum_value_id,
 xsd_element_id,
 enum_value)
VALUES
(clinical_xsd_enum_value_seq.NEXTVAL,
 61,
'');
INSERT INTO clinical_xsd_enum_value
(clinical_xsd_enum_value_id,
 xsd_element_id,
 enum_value)
VALUES
(clinical_xsd_enum_value_seq.NEXTVAL,
 61,
'Yes');
INSERT INTO clinical_xsd_enum_value
(clinical_xsd_enum_value_id,
 xsd_element_id,
 enum_value)
VALUES
(clinical_xsd_enum_value_seq.NEXTVAL,
 61,
'No');
INSERT INTO clinical_xsd_enum_value
(clinical_xsd_enum_value_id,
 xsd_element_id,
 enum_value)
VALUES
(clinical_xsd_enum_value_seq.NEXTVAL,
 61,
'Not Required');
INSERT INTO clinical_xsd_enum_value
(clinical_xsd_enum_value_id,
 xsd_element_id,
 enum_value)
VALUES
(clinical_xsd_enum_value_seq.NEXTVAL,
 62,
'');
INSERT INTO clinical_xsd_enum_value
(clinical_xsd_enum_value_id,
 xsd_element_id,
 enum_value)
VALUES
(clinical_xsd_enum_value_seq.NEXTVAL,
 62,
'YES');
INSERT INTO clinical_xsd_enum_value
(clinical_xsd_enum_value_id,
 xsd_element_id,
 enum_value)
VALUES
(clinical_xsd_enum_value_seq.NEXTVAL,
 62,
'NO');
INSERT INTO clinical_xsd_enum_value
(clinical_xsd_enum_value_id,
 xsd_element_id,
 enum_value)
VALUES
(clinical_xsd_enum_value_seq.NEXTVAL,
 63,
'CYTOLOGY');
INSERT INTO clinical_xsd_enum_value
(clinical_xsd_enum_value_id,
 xsd_element_id,
 enum_value)
VALUES
(clinical_xsd_enum_value_seq.NEXTVAL,
 63,
'FINE NEEDLE ASPIRATION BIOPSY');
INSERT INTO clinical_xsd_enum_value
(clinical_xsd_enum_value_id,
 xsd_element_id,
 enum_value)
VALUES
(clinical_xsd_enum_value_seq.NEXTVAL,
 63,
'INCISION BIOPSY');
INSERT INTO clinical_xsd_enum_value
(clinical_xsd_enum_value_id,
 xsd_element_id,
 enum_value)
VALUES
(clinical_xsd_enum_value_seq.NEXTVAL,
 63,
'EXCISIONAL BIOPSY');
INSERT INTO clinical_xsd_enum_value
(clinical_xsd_enum_value_id,
 xsd_element_id,
 enum_value)
VALUES
(clinical_xsd_enum_value_seq.NEXTVAL,
 63,
'TUMOR RESECTION');
INSERT INTO clinical_xsd_enum_value
(clinical_xsd_enum_value_id,
 xsd_element_id,
 enum_value)
VALUES
(clinical_xsd_enum_value_seq.NEXTVAL,
 63,
'OTHER METHOD, SPECIFY IN NOTES');
INSERT INTO clinical_xsd_enum_value
(clinical_xsd_enum_value_id,
 xsd_element_id,
 enum_value)
VALUES
(clinical_xsd_enum_value_seq.NEXTVAL,
 66,
'');
INSERT INTO clinical_xsd_enum_value
(clinical_xsd_enum_value_id,
 xsd_element_id,
 enum_value)
VALUES
(clinical_xsd_enum_value_seq.NEXTVAL,
 66,
'ASHKENAZI');
INSERT INTO clinical_xsd_enum_value
(clinical_xsd_enum_value_id,
 xsd_element_id,
 enum_value)
VALUES
(clinical_xsd_enum_value_seq.NEXTVAL,
 66,
'SEPHARDIC');
INSERT INTO clinical_xsd_enum_value
(clinical_xsd_enum_value_id,
 xsd_element_id,
 enum_value)
VALUES
(clinical_xsd_enum_value_seq.NEXTVAL,
 67,
'');
INSERT INTO clinical_xsd_enum_value
(clinical_xsd_enum_value_id,
 xsd_element_id,
 enum_value)
VALUES
(clinical_xsd_enum_value_seq.NEXTVAL,
 67,
'0');
INSERT INTO clinical_xsd_enum_value
(clinical_xsd_enum_value_id,
 xsd_element_id,
 enum_value)
VALUES
(clinical_xsd_enum_value_seq.NEXTVAL,
 67,
'10');
INSERT INTO clinical_xsd_enum_value
(clinical_xsd_enum_value_id,
 xsd_element_id,
 enum_value)
VALUES
(clinical_xsd_enum_value_seq.NEXTVAL,
 67,
'20');
INSERT INTO clinical_xsd_enum_value
(clinical_xsd_enum_value_id,
 xsd_element_id,
 enum_value)
VALUES
(clinical_xsd_enum_value_seq.NEXTVAL,
 67,
'30');
INSERT INTO clinical_xsd_enum_value
(clinical_xsd_enum_value_id,
 xsd_element_id,
 enum_value)
VALUES
(clinical_xsd_enum_value_seq.NEXTVAL,
 67,
'40');
INSERT INTO clinical_xsd_enum_value
(clinical_xsd_enum_value_id,
 xsd_element_id,
 enum_value)
VALUES
(clinical_xsd_enum_value_seq.NEXTVAL,
 67,
'50');
INSERT INTO clinical_xsd_enum_value
(clinical_xsd_enum_value_id,
 xsd_element_id,
 enum_value)
VALUES
(clinical_xsd_enum_value_seq.NEXTVAL,
 67,
'60');
INSERT INTO clinical_xsd_enum_value
(clinical_xsd_enum_value_id,
 xsd_element_id,
 enum_value)
VALUES
(clinical_xsd_enum_value_seq.NEXTVAL,
 67,
'70');
INSERT INTO clinical_xsd_enum_value
(clinical_xsd_enum_value_id,
 xsd_element_id,
 enum_value)
VALUES
(clinical_xsd_enum_value_seq.NEXTVAL,
 67,
'80');
INSERT INTO clinical_xsd_enum_value
(clinical_xsd_enum_value_id,
 xsd_element_id,
 enum_value)
VALUES
(clinical_xsd_enum_value_seq.NEXTVAL,
 67,
'90');
INSERT INTO clinical_xsd_enum_value
(clinical_xsd_enum_value_id,
 xsd_element_id,
 enum_value)
VALUES
(clinical_xsd_enum_value_seq.NEXTVAL,
 67,
'100');
INSERT INTO clinical_xsd_enum_value
(clinical_xsd_enum_value_id,
 xsd_element_id,
 enum_value)
VALUES
(clinical_xsd_enum_value_seq.NEXTVAL,
 68,
'');
INSERT INTO clinical_xsd_enum_value
(clinical_xsd_enum_value_id,
 xsd_element_id,
 enum_value)
VALUES
(clinical_xsd_enum_value_seq.NEXTVAL,
 68,
'YES');
INSERT INTO clinical_xsd_enum_value
(clinical_xsd_enum_value_id,
 xsd_element_id,
 enum_value)
VALUES
(clinical_xsd_enum_value_seq.NEXTVAL,
 68,
'NO');
INSERT INTO clinical_xsd_enum_value
(clinical_xsd_enum_value_id,
 xsd_element_id,
 enum_value)
VALUES
(clinical_xsd_enum_value_seq.NEXTVAL,
 72,
'');
INSERT INTO clinical_xsd_enum_value
(clinical_xsd_enum_value_id,
 xsd_element_id,
 enum_value)
VALUES
(clinical_xsd_enum_value_seq.NEXTVAL,
 72,
'YES');
INSERT INTO clinical_xsd_enum_value
(clinical_xsd_enum_value_id,
 xsd_element_id,
 enum_value)
VALUES
(clinical_xsd_enum_value_seq.NEXTVAL,
 72,
'NO');
INSERT INTO clinical_xsd_enum_value
(clinical_xsd_enum_value_id,
 xsd_element_id,
 enum_value)
VALUES
(clinical_xsd_enum_value_seq.NEXTVAL,
 96,
'');
INSERT INTO clinical_xsd_enum_value
(clinical_xsd_enum_value_id,
 xsd_element_id,
 enum_value)
VALUES
(clinical_xsd_enum_value_seq.NEXTVAL,
 96,
'YES');
INSERT INTO clinical_xsd_enum_value
(clinical_xsd_enum_value_id,
 xsd_element_id,
 enum_value)
VALUES
(clinical_xsd_enum_value_seq.NEXTVAL,
 96,
'NO');
INSERT INTO clinical_xsd_enum_value
(clinical_xsd_enum_value_id,
 xsd_element_id,
 enum_value)
VALUES
(clinical_xsd_enum_value_seq.NEXTVAL,
 110,
'');
INSERT INTO clinical_xsd_enum_value
(clinical_xsd_enum_value_id,
 xsd_element_id,
 enum_value)
VALUES
(clinical_xsd_enum_value_seq.NEXTVAL,
 110,
'PREOPERATIVE');
INSERT INTO clinical_xsd_enum_value
(clinical_xsd_enum_value_id,
 xsd_element_id,
 enum_value)
VALUES
(clinical_xsd_enum_value_seq.NEXTVAL,
 110,
'PRE-ADJUVANT THERAPY');
INSERT INTO clinical_xsd_enum_value
(clinical_xsd_enum_value_id,
 xsd_element_id,
 enum_value)
VALUES
(clinical_xsd_enum_value_seq.NEXTVAL,
 110,
'POST-ADJUVANT THERAPY');
INSERT INTO clinical_xsd_enum_value
(clinical_xsd_enum_value_id,
 xsd_element_id,
 enum_value)
VALUES
(clinical_xsd_enum_value_seq.NEXTVAL,
 110,
'OTHER');
INSERT INTO clinical_xsd_enum_value
(clinical_xsd_enum_value_id,
 xsd_element_id,
 enum_value)
VALUES
(clinical_xsd_enum_value_seq.NEXTVAL,
 111,
'');
INSERT INTO clinical_xsd_enum_value
(clinical_xsd_enum_value_id,
 xsd_element_id,
 enum_value)
VALUES
(clinical_xsd_enum_value_seq.NEXTVAL,
 111,
'TUMOR FREE');
INSERT INTO clinical_xsd_enum_value
(clinical_xsd_enum_value_id,
 xsd_element_id,
 enum_value)
VALUES
(clinical_xsd_enum_value_seq.NEXTVAL,
 111,
'WITH TUMOR');
INSERT INTO clinical_xsd_enum_value
(clinical_xsd_enum_value_id,
 xsd_element_id,
 enum_value)
VALUES
(clinical_xsd_enum_value_seq.NEXTVAL,
 114,
'');
INSERT INTO clinical_xsd_enum_value
(clinical_xsd_enum_value_id,
 xsd_element_id,
 enum_value)
VALUES
(clinical_xsd_enum_value_seq.NEXTVAL,
 114,
'PROGRESSIVE DISEASE');
INSERT INTO clinical_xsd_enum_value
(clinical_xsd_enum_value_id,
 xsd_element_id,
 enum_value)
VALUES
(clinical_xsd_enum_value_seq.NEXTVAL,
 114,
'STABLE DISEASE');
INSERT INTO clinical_xsd_enum_value
(clinical_xsd_enum_value_id,
 xsd_element_id,
 enum_value)
VALUES
(clinical_xsd_enum_value_seq.NEXTVAL,
 114,
'PARTIAL RESPONSE');
INSERT INTO clinical_xsd_enum_value
(clinical_xsd_enum_value_id,
 xsd_element_id,
 enum_value)
VALUES
(clinical_xsd_enum_value_seq.NEXTVAL,
 114,
'COMPLETE RESPONSE');
INSERT INTO clinical_xsd_enum_value
(clinical_xsd_enum_value_id,
 xsd_element_id,
 enum_value)
VALUES
(clinical_xsd_enum_value_seq.NEXTVAL,
 115,
'');
INSERT INTO clinical_xsd_enum_value
(clinical_xsd_enum_value_id,
 xsd_element_id,
 enum_value)
VALUES
(clinical_xsd_enum_value_seq.NEXTVAL,
 115,
'Yes');
INSERT INTO clinical_xsd_enum_value
(clinical_xsd_enum_value_id,
 xsd_element_id,
 enum_value)
VALUES
(clinical_xsd_enum_value_seq.NEXTVAL,
 115,
'No');
INSERT INTO clinical_xsd_enum_value
(clinical_xsd_enum_value_id,
 xsd_element_id,
 enum_value)
VALUES
(clinical_xsd_enum_value_seq.NEXTVAL,
 117,
'');
INSERT INTO clinical_xsd_enum_value
(clinical_xsd_enum_value_id,
 xsd_element_id,
 enum_value)
VALUES
(clinical_xsd_enum_value_seq.NEXTVAL,
 117,
'LABORATORY');
INSERT INTO clinical_xsd_enum_value
(clinical_xsd_enum_value_id,
 xsd_element_id,
 enum_value)
VALUES
(clinical_xsd_enum_value_seq.NEXTVAL,
 117,
'PATHOLOGY');
INSERT INTO clinical_xsd_enum_value
(clinical_xsd_enum_value_id,
 xsd_element_id,
 enum_value)
VALUES
(clinical_xsd_enum_value_seq.NEXTVAL,
 117,
'RADIATION');
INSERT INTO clinical_xsd_enum_value
(clinical_xsd_enum_value_id,
 xsd_element_id,
 enum_value)
VALUES
(clinical_xsd_enum_value_seq.NEXTVAL,
 117,
'PHYSICAL EXAMINATION');
INSERT INTO clinical_xsd_enum_value
(clinical_xsd_enum_value_id,
 xsd_element_id,
 enum_value)
VALUES
(clinical_xsd_enum_value_seq.NEXTVAL,
 117,
'MOLECULAR MARKER(S)');
INSERT INTO clinical_xsd_enum_value
(clinical_xsd_enum_value_id,
 xsd_element_id,
 enum_value)
VALUES
(clinical_xsd_enum_value_seq.NEXTVAL,
 117,
'FIRST SEEN AT FURTHER SURGERY');
INSERT INTO clinical_xsd_enum_value
(clinical_xsd_enum_value_id,
 xsd_element_id,
 enum_value)
VALUES
(clinical_xsd_enum_value_seq.NEXTVAL,
 117,
'OTHER METHOD: SPECIFY IN NOTES');
INSERT INTO clinical_xsd_enum_value
(clinical_xsd_enum_value_id,
 xsd_element_id,
 enum_value)
VALUES
(clinical_xsd_enum_value_seq.NEXTVAL,
 119,
'');
INSERT INTO clinical_xsd_enum_value
(clinical_xsd_enum_value_id,
 xsd_element_id,
 enum_value)
VALUES
(clinical_xsd_enum_value_seq.NEXTVAL,
 119,
'YES');
INSERT INTO clinical_xsd_enum_value
(clinical_xsd_enum_value_id,
 xsd_element_id,
 enum_value)
VALUES
(clinical_xsd_enum_value_seq.NEXTVAL,
 119,
'NO');
INSERT INTO clinical_xsd_enum_value
(clinical_xsd_enum_value_id,
 xsd_element_id,
 enum_value)
VALUES
(clinical_xsd_enum_value_seq.NEXTVAL,
 122,
'');
INSERT INTO clinical_xsd_enum_value
(clinical_xsd_enum_value_id,
 xsd_element_id,
 enum_value)
VALUES
(clinical_xsd_enum_value_seq.NEXTVAL,
 122,
'NOT REPORTED');
INSERT INTO clinical_xsd_enum_value
(clinical_xsd_enum_value_id,
 xsd_element_id,
 enum_value)
VALUES
(clinical_xsd_enum_value_seq.NEXTVAL,
 122,
'WHITE');
INSERT INTO clinical_xsd_enum_value
(clinical_xsd_enum_value_id,
 xsd_element_id,
 enum_value)
VALUES
(clinical_xsd_enum_value_seq.NEXTVAL,
 122,
'AMERICAN INDIAN OR ALASKA NATIVE');
INSERT INTO clinical_xsd_enum_value
(clinical_xsd_enum_value_id,
 xsd_element_id,
 enum_value)
VALUES
(clinical_xsd_enum_value_seq.NEXTVAL,
 122,
'BLACK OR AFRICAN AMERICAN');
INSERT INTO clinical_xsd_enum_value
(clinical_xsd_enum_value_id,
 xsd_element_id,
 enum_value)
VALUES
(clinical_xsd_enum_value_seq.NEXTVAL,
 122,
'ASIAN');
INSERT INTO clinical_xsd_enum_value
(clinical_xsd_enum_value_id,
 xsd_element_id,
 enum_value)
VALUES
(clinical_xsd_enum_value_seq.NEXTVAL,
 122,
'NATIVE HAWAIIAN OR OTHER PACIFIC ISLANDER');
INSERT INTO clinical_xsd_enum_value
(clinical_xsd_enum_value_id,
 xsd_element_id,
 enum_value)
VALUES
(clinical_xsd_enum_value_seq.NEXTVAL,
 124,
'');
INSERT INTO clinical_xsd_enum_value
(clinical_xsd_enum_value_id,
 xsd_element_id,
 enum_value)
VALUES
(clinical_xsd_enum_value_seq.NEXTVAL,
 124,
'Yes');
INSERT INTO clinical_xsd_enum_value
(clinical_xsd_enum_value_id,
 xsd_element_id,
 enum_value)
VALUES
(clinical_xsd_enum_value_seq.NEXTVAL,
 124,
'No');
INSERT INTO clinical_xsd_enum_value
(clinical_xsd_enum_value_id,
 xsd_element_id,
 enum_value)
VALUES
(clinical_xsd_enum_value_seq.NEXTVAL,
 124,
'Unknown');
INSERT INTO clinical_xsd_enum_value
(clinical_xsd_enum_value_id,
 xsd_element_id,
 enum_value)
VALUES
(clinical_xsd_enum_value_seq.NEXTVAL,
 125,
'');
INSERT INTO clinical_xsd_enum_value
(clinical_xsd_enum_value_id,
 xsd_element_id,
 enum_value)
VALUES
(clinical_xsd_enum_value_seq.NEXTVAL,
 125,
'YES');
INSERT INTO clinical_xsd_enum_value
(clinical_xsd_enum_value_id,
 xsd_element_id,
 enum_value)
VALUES
(clinical_xsd_enum_value_seq.NEXTVAL,
 125,
'NO');
INSERT INTO clinical_xsd_enum_value
(clinical_xsd_enum_value_id,
 xsd_element_id,
 enum_value)
VALUES
(clinical_xsd_enum_value_seq.NEXTVAL,
 126,
'');
INSERT INTO clinical_xsd_enum_value
(clinical_xsd_enum_value_id,
 xsd_element_id,
 enum_value)
VALUES
(clinical_xsd_enum_value_seq.NEXTVAL,
 126,
'EXTERNAL BEAM');
INSERT INTO clinical_xsd_enum_value
(clinical_xsd_enum_value_id,
 xsd_element_id,
 enum_value)
VALUES
(clinical_xsd_enum_value_seq.NEXTVAL,
 126,
'IMPLANTS');
INSERT INTO clinical_xsd_enum_value
(clinical_xsd_enum_value_id,
 xsd_element_id,
 enum_value)
VALUES
(clinical_xsd_enum_value_seq.NEXTVAL,
 126,
'RADIOISOTOPES');
INSERT INTO clinical_xsd_enum_value
(clinical_xsd_enum_value_id,
 xsd_element_id,
 enum_value)
VALUES
(clinical_xsd_enum_value_seq.NEXTVAL,
 126,
'COMBINATION');
INSERT INTO clinical_xsd_enum_value
(clinical_xsd_enum_value_id,
 xsd_element_id,
 enum_value)
VALUES
(clinical_xsd_enum_value_seq.NEXTVAL,
 126,
'OTHER: SPECIFY IN NOTES');
INSERT INTO clinical_xsd_enum_value
(clinical_xsd_enum_value_id,
 xsd_element_id,
 enum_value)
VALUES
(clinical_xsd_enum_value_seq.NEXTVAL,
 129,
'OTHER: SPECIFY IN NOTES');
INSERT INTO clinical_xsd_enum_value
(clinical_xsd_enum_value_id,
 xsd_element_id,
 enum_value)
VALUES
(clinical_xsd_enum_value_seq.NEXTVAL,
 129,
'');
INSERT INTO clinical_xsd_enum_value
(clinical_xsd_enum_value_id,
 xsd_element_id,
 enum_value)
VALUES
(clinical_xsd_enum_value_seq.NEXTVAL,
 129,
'ADJUVANT');
INSERT INTO clinical_xsd_enum_value
(clinical_xsd_enum_value_id,
 xsd_element_id,
 enum_value)
VALUES
(clinical_xsd_enum_value_seq.NEXTVAL,
 129,
'PROGRESSION');
INSERT INTO clinical_xsd_enum_value
(clinical_xsd_enum_value_id,
 xsd_element_id,
 enum_value)
VALUES
(clinical_xsd_enum_value_seq.NEXTVAL,
 129,
'RECURRENCE');
INSERT INTO clinical_xsd_enum_value
(clinical_xsd_enum_value_id,
 xsd_element_id,
 enum_value)
VALUES
(clinical_xsd_enum_value_seq.NEXTVAL,
 129,
'PALLIATIVE');
INSERT INTO clinical_xsd_enum_value
(clinical_xsd_enum_value_id,
 xsd_element_id,
 enum_value)
VALUES
(clinical_xsd_enum_value_seq.NEXTVAL,
 131,
'');
INSERT INTO clinical_xsd_enum_value
(clinical_xsd_enum_value_id,
 xsd_element_id,
 enum_value)
VALUES
(clinical_xsd_enum_value_seq.NEXTVAL,
 131,
'RX');
INSERT INTO clinical_xsd_enum_value
(clinical_xsd_enum_value_id,
 xsd_element_id,
 enum_value)
VALUES
(clinical_xsd_enum_value_seq.NEXTVAL,
 131,
'R0');
INSERT INTO clinical_xsd_enum_value
(clinical_xsd_enum_value_id,
 xsd_element_id,
 enum_value)
VALUES
(clinical_xsd_enum_value_seq.NEXTVAL,
 131,
'R1');
INSERT INTO clinical_xsd_enum_value
(clinical_xsd_enum_value_id,
 xsd_element_id,
 enum_value)
VALUES
(clinical_xsd_enum_value_seq.NEXTVAL,
 131,
'R2');
INSERT INTO clinical_xsd_enum_value
(clinical_xsd_enum_value_id,
 xsd_element_id,
 enum_value)
VALUES
(clinical_xsd_enum_value_seq.NEXTVAL,
 134,
'');
INSERT INTO clinical_xsd_enum_value
(clinical_xsd_enum_value_id,
 xsd_element_id,
 enum_value)
VALUES
(clinical_xsd_enum_value_seq.NEXTVAL,
 134,
'ORAL');
INSERT INTO clinical_xsd_enum_value
(clinical_xsd_enum_value_id,
 xsd_element_id,
 enum_value)
VALUES
(clinical_xsd_enum_value_seq.NEXTVAL,
 134,
'INTRAVENOUS (IV)');
INSERT INTO clinical_xsd_enum_value
(clinical_xsd_enum_value_id,
 xsd_element_id,
 enum_value)
VALUES
(clinical_xsd_enum_value_seq.NEXTVAL,
 134,
'INTRATUMORAL');
INSERT INTO clinical_xsd_enum_value
(clinical_xsd_enum_value_id,
 xsd_element_id,
 enum_value)
VALUES
(clinical_xsd_enum_value_seq.NEXTVAL,
 134,
'INTRA-PERITONEAL (IP)');
INSERT INTO clinical_xsd_enum_value
(clinical_xsd_enum_value_id,
 xsd_element_id,
 enum_value)
VALUES
(clinical_xsd_enum_value_seq.NEXTVAL,
 134,
'IV AND IP');
INSERT INTO clinical_xsd_enum_value
(clinical_xsd_enum_value_id,
 xsd_element_id,
 enum_value)
VALUES
(clinical_xsd_enum_value_seq.NEXTVAL,
 134,
'OTHER: SPECIFY IN NOTES');
INSERT INTO clinical_xsd_enum_value
(clinical_xsd_enum_value_id,
 xsd_element_id,
 enum_value)
VALUES
(clinical_xsd_enum_value_seq.NEXTVAL,
 137,
'');
INSERT INTO clinical_xsd_enum_value
(clinical_xsd_enum_value_id,
 xsd_element_id,
 enum_value)
VALUES
(clinical_xsd_enum_value_seq.NEXTVAL,
 137,
'TOP');
INSERT INTO clinical_xsd_enum_value
(clinical_xsd_enum_value_id,
 xsd_element_id,
 enum_value)
VALUES
(clinical_xsd_enum_value_seq.NEXTVAL,
 137,
'BOTTOM');
INSERT INTO clinical_xsd_enum_value
(clinical_xsd_enum_value_id,
 xsd_element_id,
 enum_value)
VALUES
(clinical_xsd_enum_value_seq.NEXTVAL,
 139,
'');
INSERT INTO clinical_xsd_enum_value
(clinical_xsd_enum_value_id,
 xsd_element_id,
 enum_value)
VALUES
(clinical_xsd_enum_value_seq.NEXTVAL,
 139,
'METASTASIS');
INSERT INTO clinical_xsd_enum_value
(clinical_xsd_enum_value_id,
 xsd_element_id,
 enum_value)
VALUES
(clinical_xsd_enum_value_seq.NEXTVAL,
 139,
'LOCO-REGIONAL');
INSERT INTO clinical_xsd_enum_value
(clinical_xsd_enum_value_id,
 xsd_element_id,
 enum_value)
VALUES
(clinical_xsd_enum_value_seq.NEXTVAL,
 140,
'');
INSERT INTO clinical_xsd_enum_value
(clinical_xsd_enum_value_id,
 xsd_element_id,
 enum_value)
VALUES
(clinical_xsd_enum_value_seq.NEXTVAL,
 140,
'Yes');
INSERT INTO clinical_xsd_enum_value
(clinical_xsd_enum_value_id,
 xsd_element_id,
 enum_value)
VALUES
(clinical_xsd_enum_value_seq.NEXTVAL,
 140,
'No');
INSERT INTO clinical_xsd_enum_value
(clinical_xsd_enum_value_id,
 xsd_element_id,
 enum_value)
VALUES
(clinical_xsd_enum_value_seq.NEXTVAL,
 143,
'');
INSERT INTO clinical_xsd_enum_value
(clinical_xsd_enum_value_id,
 xsd_element_id,
 enum_value)
VALUES
(clinical_xsd_enum_value_seq.NEXTVAL,
 143,
'N0');
INSERT INTO clinical_xsd_enum_value
(clinical_xsd_enum_value_id,
 xsd_element_id,
 enum_value)
VALUES
(clinical_xsd_enum_value_seq.NEXTVAL,
 143,
'N1');
INSERT INTO clinical_xsd_enum_value
(clinical_xsd_enum_value_id,
 xsd_element_id,
 enum_value)
VALUES
(clinical_xsd_enum_value_seq.NEXTVAL,
 143,
'N2');
INSERT INTO clinical_xsd_enum_value
(clinical_xsd_enum_value_id,
 xsd_element_id,
 enum_value)
VALUES
(clinical_xsd_enum_value_seq.NEXTVAL,
 143,
'N3');
INSERT INTO clinical_xsd_enum_value
(clinical_xsd_enum_value_id,
 xsd_element_id,
 enum_value)
VALUES
(clinical_xsd_enum_value_seq.NEXTVAL,
 143,
'NX');

INSERT INTO clinical_xsd_enum_value
(clinical_xsd_enum_value_id,
 xsd_element_id,
 enum_value)
VALUES
(clinical_xsd_enum_value_seq.NEXTVAL,
 145,
'');
INSERT INTO clinical_xsd_enum_value
(clinical_xsd_enum_value_id,
 xsd_element_id,
 enum_value)
VALUES
(clinical_xsd_enum_value_seq.NEXTVAL,
 145,
'M0');
INSERT INTO clinical_xsd_enum_value
(clinical_xsd_enum_value_id,
 xsd_element_id,
 enum_value)
VALUES
(clinical_xsd_enum_value_seq.NEXTVAL,
 145,
'M1');
INSERT INTO clinical_xsd_enum_value
(clinical_xsd_enum_value_id,
 xsd_element_id,
 enum_value)
VALUES
(clinical_xsd_enum_value_seq.NEXTVAL,
 145,
'MX');
INSERT INTO clinical_xsd_enum_value
(clinical_xsd_enum_value_id,
 xsd_element_id,
 enum_value)
VALUES
(clinical_xsd_enum_value_seq.NEXTVAL,
 147,
'');
INSERT INTO clinical_xsd_enum_value
(clinical_xsd_enum_value_id,
 xsd_element_id,
 enum_value)
VALUES
(clinical_xsd_enum_value_seq.NEXTVAL,
 147,
'0');
INSERT INTO clinical_xsd_enum_value
(clinical_xsd_enum_value_id,
 xsd_element_id,
 enum_value)
VALUES
(clinical_xsd_enum_value_seq.NEXTVAL,
 147,
'IA');
INSERT INTO clinical_xsd_enum_value
(clinical_xsd_enum_value_id,
 xsd_element_id,
 enum_value)
VALUES
(clinical_xsd_enum_value_seq.NEXTVAL,
 147,
'IB');
INSERT INTO clinical_xsd_enum_value
(clinical_xsd_enum_value_id,
 xsd_element_id,
 enum_value)
VALUES
(clinical_xsd_enum_value_seq.NEXTVAL,
 147,
'IC');
INSERT INTO clinical_xsd_enum_value
(clinical_xsd_enum_value_id,
 xsd_element_id,
 enum_value)
VALUES
(clinical_xsd_enum_value_seq.NEXTVAL,
 147,
'II');
INSERT INTO clinical_xsd_enum_value
(clinical_xsd_enum_value_id,
 xsd_element_id,
 enum_value)
VALUES
(clinical_xsd_enum_value_seq.NEXTVAL,
 147,
'IIA');
INSERT INTO clinical_xsd_enum_value
(clinical_xsd_enum_value_id,
 xsd_element_id,
 enum_value)
VALUES
(clinical_xsd_enum_value_seq.NEXTVAL,
 147,
'IIB');
INSERT INTO clinical_xsd_enum_value
(clinical_xsd_enum_value_id,
 xsd_element_id,
 enum_value)
VALUES
(clinical_xsd_enum_value_seq.NEXTVAL,
 147,
'IIC');
INSERT INTO clinical_xsd_enum_value
(clinical_xsd_enum_value_id,
 xsd_element_id,
 enum_value)
VALUES
(clinical_xsd_enum_value_seq.NEXTVAL,
 147,
'III');
INSERT INTO clinical_xsd_enum_value
(clinical_xsd_enum_value_id,
 xsd_element_id,
 enum_value)
VALUES
(clinical_xsd_enum_value_seq.NEXTVAL,
 147,
'IIIA');
INSERT INTO clinical_xsd_enum_value
(clinical_xsd_enum_value_id,
 xsd_element_id,
 enum_value)
VALUES
(clinical_xsd_enum_value_seq.NEXTVAL,
 147,
'IIIB');
INSERT INTO clinical_xsd_enum_value
(clinical_xsd_enum_value_id,
 xsd_element_id,
 enum_value)
VALUES
(clinical_xsd_enum_value_seq.NEXTVAL,
 147,
'IIIC');
INSERT INTO clinical_xsd_enum_value
(clinical_xsd_enum_value_id,
 xsd_element_id,
 enum_value)
VALUES
(clinical_xsd_enum_value_seq.NEXTVAL,
 147,
'IV');
INSERT INTO clinical_xsd_enum_value
(clinical_xsd_enum_value_id,
 xsd_element_id,
 enum_value)
VALUES
(clinical_xsd_enum_value_seq.NEXTVAL,
 149,
'');
INSERT INTO clinical_xsd_enum_value
(clinical_xsd_enum_value_id,
 xsd_element_id,
 enum_value)
VALUES
(clinical_xsd_enum_value_seq.NEXTVAL,
 149,
'TX');
INSERT INTO clinical_xsd_enum_value
(clinical_xsd_enum_value_id,
 xsd_element_id,
 enum_value)
VALUES
(clinical_xsd_enum_value_seq.NEXTVAL,
 149,
'Tis');
INSERT INTO clinical_xsd_enum_value
(clinical_xsd_enum_value_id,
 xsd_element_id,
 enum_value)
VALUES
(clinical_xsd_enum_value_seq.NEXTVAL,
 149,
'T4');
INSERT INTO clinical_xsd_enum_value
(clinical_xsd_enum_value_id,
 xsd_element_id,
 enum_value)
VALUES
(clinical_xsd_enum_value_seq.NEXTVAL,
 149,
'T3C');
INSERT INTO clinical_xsd_enum_value
(clinical_xsd_enum_value_id,
 xsd_element_id,
 enum_value)
VALUES
(clinical_xsd_enum_value_seq.NEXTVAL,
 149,
'T3B');
INSERT INTO clinical_xsd_enum_value
(clinical_xsd_enum_value_id,
 xsd_element_id,
 enum_value)
VALUES
(clinical_xsd_enum_value_seq.NEXTVAL,
 149,
'T3A');
INSERT INTO clinical_xsd_enum_value
(clinical_xsd_enum_value_id,
 xsd_element_id,
 enum_value)
VALUES
(clinical_xsd_enum_value_seq.NEXTVAL,
 149,
'T3');
INSERT INTO clinical_xsd_enum_value
(clinical_xsd_enum_value_id,
 xsd_element_id,
 enum_value)
VALUES
(clinical_xsd_enum_value_seq.NEXTVAL,
 149,
'T2C');
INSERT INTO clinical_xsd_enum_value
(clinical_xsd_enum_value_id,
 xsd_element_id,
 enum_value)
VALUES
(clinical_xsd_enum_value_seq.NEXTVAL,
 149,
'T2B');
INSERT INTO clinical_xsd_enum_value
(clinical_xsd_enum_value_id,
 xsd_element_id,
 enum_value)
VALUES
(clinical_xsd_enum_value_seq.NEXTVAL,
 149,
'T2A');
INSERT INTO clinical_xsd_enum_value
(clinical_xsd_enum_value_id,
 xsd_element_id,
 enum_value)
VALUES
(clinical_xsd_enum_value_seq.NEXTVAL,
 149,
'T2');
INSERT INTO clinical_xsd_enum_value
(clinical_xsd_enum_value_id,
 xsd_element_id,
 enum_value)
VALUES
(clinical_xsd_enum_value_seq.NEXTVAL,
 149,
'T1C');
INSERT INTO clinical_xsd_enum_value
(clinical_xsd_enum_value_id,
 xsd_element_id,
 enum_value)
VALUES
(clinical_xsd_enum_value_seq.NEXTVAL,
 149,
'T1B');
INSERT INTO clinical_xsd_enum_value
(clinical_xsd_enum_value_id,
 xsd_element_id,
 enum_value)
VALUES
(clinical_xsd_enum_value_seq.NEXTVAL,
 149,
'T1A');
INSERT INTO clinical_xsd_enum_value
(clinical_xsd_enum_value_id,
 xsd_element_id,
 enum_value)
VALUES
(clinical_xsd_enum_value_seq.NEXTVAL,
 149,
'T1');
INSERT INTO clinical_xsd_enum_value
(clinical_xsd_enum_value_id,
 xsd_element_id,
 enum_value)
VALUES
(clinical_xsd_enum_value_seq.NEXTVAL,
 149,
'T0');
INSERT INTO clinical_xsd_enum_value
(clinical_xsd_enum_value_id,
 xsd_element_id,
 enum_value)
VALUES
(clinical_xsd_enum_value_seq.NEXTVAL,
 151,
'');
INSERT INTO clinical_xsd_enum_value
(clinical_xsd_enum_value_id,
 xsd_element_id,
 enum_value)
VALUES
(clinical_xsd_enum_value_seq.NEXTVAL,
 151,
'GX');
INSERT INTO clinical_xsd_enum_value
(clinical_xsd_enum_value_id,
 xsd_element_id,
 enum_value)
VALUES
(clinical_xsd_enum_value_seq.NEXTVAL,
 151,
'GB');
INSERT INTO clinical_xsd_enum_value
(clinical_xsd_enum_value_id,
 xsd_element_id,
 enum_value)
VALUES
(clinical_xsd_enum_value_seq.NEXTVAL,
 151,
'G1');
INSERT INTO clinical_xsd_enum_value
(clinical_xsd_enum_value_id,
 xsd_element_id,
 enum_value)
VALUES
(clinical_xsd_enum_value_seq.NEXTVAL,
 151,
'G2');
INSERT INTO clinical_xsd_enum_value
(clinical_xsd_enum_value_id,
 xsd_element_id,
 enum_value)
VALUES
(clinical_xsd_enum_value_seq.NEXTVAL,
 151,
'G3');
INSERT INTO clinical_xsd_enum_value
(clinical_xsd_enum_value_id,
 xsd_element_id,
 enum_value)
VALUES
(clinical_xsd_enum_value_seq.NEXTVAL,
 151,
'G4');
INSERT INTO clinical_xsd_enum_value
(clinical_xsd_enum_value_id,
 xsd_element_id,
 enum_value)
VALUES
(clinical_xsd_enum_value_seq.NEXTVAL,
 152,
'');
INSERT INTO clinical_xsd_enum_value
(clinical_xsd_enum_value_id,
 xsd_element_id,
 enum_value)
VALUES
(clinical_xsd_enum_value_seq.NEXTVAL,
 152,
'No Macroscopic disease');
INSERT INTO clinical_xsd_enum_value
(clinical_xsd_enum_value_id,
 xsd_element_id,
 enum_value)
VALUES
(clinical_xsd_enum_value_seq.NEXTVAL,
 152,
'1-10 mm');
INSERT INTO clinical_xsd_enum_value
(clinical_xsd_enum_value_id,
 xsd_element_id,
 enum_value)
VALUES
(clinical_xsd_enum_value_seq.NEXTVAL,
 152,
'11-20 mm');
INSERT INTO clinical_xsd_enum_value
(clinical_xsd_enum_value_id,
 xsd_element_id,
 enum_value)
VALUES
(clinical_xsd_enum_value_seq.NEXTVAL,
 152,
'>20 mm');
INSERT INTO clinical_xsd_enum_value
(clinical_xsd_enum_value_id,
 xsd_element_id,
 enum_value)
VALUES
(clinical_xsd_enum_value_seq.NEXTVAL,
 156,
'');
INSERT INTO clinical_xsd_enum_value
(clinical_xsd_enum_value_id,
 xsd_element_id,
 enum_value)
VALUES
(clinical_xsd_enum_value_seq.NEXTVAL,
 156,
'IA');
INSERT INTO clinical_xsd_enum_value
(clinical_xsd_enum_value_id,
 xsd_element_id,
 enum_value)
VALUES
(clinical_xsd_enum_value_seq.NEXTVAL,
 156,
'IB');
INSERT INTO clinical_xsd_enum_value
(clinical_xsd_enum_value_id,
 xsd_element_id,
 enum_value)
VALUES
(clinical_xsd_enum_value_seq.NEXTVAL,
 156,
'IC');
INSERT INTO clinical_xsd_enum_value
(clinical_xsd_enum_value_id,
 xsd_element_id,
 enum_value)
VALUES
(clinical_xsd_enum_value_seq.NEXTVAL,
 156,
'IIA');
INSERT INTO clinical_xsd_enum_value
(clinical_xsd_enum_value_id,
 xsd_element_id,
 enum_value)
VALUES
(clinical_xsd_enum_value_seq.NEXTVAL,
 156,
'IIB');
INSERT INTO clinical_xsd_enum_value
(clinical_xsd_enum_value_id,
 xsd_element_id,
 enum_value)
VALUES
(clinical_xsd_enum_value_seq.NEXTVAL,
 156,
'IIC');
INSERT INTO clinical_xsd_enum_value
(clinical_xsd_enum_value_id,
 xsd_element_id,
 enum_value)
VALUES
(clinical_xsd_enum_value_seq.NEXTVAL,
 156,
'IIIA');
INSERT INTO clinical_xsd_enum_value
(clinical_xsd_enum_value_id,
 xsd_element_id,
 enum_value)
VALUES
(clinical_xsd_enum_value_seq.NEXTVAL,
 156,
'IIIB');
INSERT INTO clinical_xsd_enum_value
(clinical_xsd_enum_value_id,
 xsd_element_id,
 enum_value)
VALUES
(clinical_xsd_enum_value_seq.NEXTVAL,
 156,
'IIIC');
INSERT INTO clinical_xsd_enum_value
(clinical_xsd_enum_value_id,
 xsd_element_id,
 enum_value)
VALUES
(clinical_xsd_enum_value_seq.NEXTVAL,
 156,
'IV');
INSERT INTO clinical_xsd_enum_value
(clinical_xsd_enum_value_id,
 xsd_element_id,
 enum_value)
VALUES
(clinical_xsd_enum_value_seq.NEXTVAL,
 161,
'');
INSERT INTO clinical_xsd_enum_value
(clinical_xsd_enum_value_id,
 xsd_element_id,
 enum_value)
VALUES
(clinical_xsd_enum_value_seq.NEXTVAL,
 161,
'LIVING');
INSERT INTO clinical_xsd_enum_value
(clinical_xsd_enum_value_id,
 xsd_element_id,
 enum_value)
VALUES
(clinical_xsd_enum_value_seq.NEXTVAL,
 161,
'DECEASED');
insert into clinical_xsd_enum_value(CLINICAL_XSD_ENUM_VALUE_ID, XSD_ELEMENT_ID, ENUM_VALUE)
VALUES(clinical_xsd_enum_value_seq.NEXTVAL, 136, 'Primary Blood Derived Cancer');
insert into clinical_xsd_enum_value(CLINICAL_XSD_ENUM_VALUE_ID, XSD_ELEMENT_ID, ENUM_VALUE)
VALUES(clinical_xsd_enum_value_seq.NEXTVAL, 136, 'Recurrent Blood Derived Cancer');
